[1,["b0nZe3kT9Bap3v+dXuYjE6","4dcJTA/pNEirh3lfVJWrMC"],["_textureSetter","spriteFrame"],["cc.SpriteFrame",["cc.LabelAtlas",["_name","fontSize","_fntConfig"],0]],[[1,0,1,2,4]],[[[{"name":"font_12rnn","rect":[0,0,331,24],"offset":[-2.5,0],"originalSize":[336,24],"capInsets":[0,0,0,0]}],[0],0,[0],[0],[0]],[[[0,"font_12rnn",21.12,{"commonHeight":24,"fontSize":21,"atlasName":"font_12rnn","fontDefDictionary":{"44":{"xOffset":0,"yOffset":0,"xAdvance":24,"rect":{"x":0,"y":0,"width":24,"height":24}},"45":{"xOffset":0,"yOffset":0,"xAdvance":24,"rect":{"x":24,"y":0,"width":24,"height":24}},"46":{"xOffset":0,"yOffset":0,"xAdvance":24,"rect":{"x":48,"y":0,"width":24,"height":24}},"47":{"xOffset":0,"yOffset":0,"xAdvance":24,"rect":{"x":72,"y":0,"width":24,"height":24}},"48":{"xOffset":0,"yOffset":0,"xAdvance":24,"rect":{"x":96,"y":0,"width":24,"height":24}},"49":{"xOffset":0,"yOffset":0,"xAdvance":24,"rect":{"x":120,"y":0,"width":24,"height":24}},"50":{"xOffset":0,"yOffset":0,"xAdvance":24,"rect":{"x":144,"y":0,"width":24,"height":24}},"51":{"xOffset":0,"yOffset":0,"xAdvance":24,"rect":{"x":168,"y":0,"width":24,"height":24}},"52":{"xOffset":0,"yOffset":0,"xAdvance":24,"rect":{"x":192,"y":0,"width":24,"height":24}},"53":{"xOffset":0,"yOffset":0,"xAdvance":24,"rect":{"x":216,"y":0,"width":24,"height":24}},"54":{"xOffset":0,"yOffset":0,"xAdvance":24,"rect":{"x":240,"y":0,"width":24,"height":24}},"55":{"xOffset":0,"yOffset":0,"xAdvance":24,"rect":{"x":264,"y":0,"width":24,"height":24}},"56":{"xOffset":0,"yOffset":0,"xAdvance":24,"rect":{"x":288,"y":0,"width":24,"height":24}},"57":{"xOffset":0,"yOffset":0,"xAdvance":24,"rect":{"x":312,"y":0,"width":24,"height":24}}},"kerningDict":{}}]],0,0,[0],[1],[1]]]]