[1,["ecpdLyjvZBwrvm+cedCcQy","160ee1620","11cbedeb1","362oskdhlEpKQAwSc3wt7Z","04o8xeIOVF37tH7odkf8D8","f5rubyBcVOzq1b/LX2z9jQ","1bWE9rQQ9MG5Y3gJnCelwV","16K585v2BGv7TdtMOwoEwu","bbX9L4mUpFzKlAOOMDhG9q","ffwgM8E7dEa5oDSwlQa/T+","825cQKYaBHqb3roKKs964r","1eumNrJoxBm5GITsy8OYLg","531MLT5KZFkJ/W/Se9VIwO","25JsNR+LdOvaFTeC4PzQRy","caGQr8yWlFwYi4YFHAnjR8"],["node","_spriteFrame","_textureSetter","root","data","_parent"],[["cc.Node",["_name","_zIndex","_active","_prefab","_contentSize","_components","_trs","_parent","_children","_anchorPoint","_color"],0,4,5,9,7,1,2,5,5],"cc.SpriteFrame",["cc.Sprite",["_sizeMode","_type","node","_spriteFrame","_materials"],1,1,6,3],["cc.Label",["_srcBlendFactor","_string","_fontSize","_N$horizontalAlign","_N$verticalAlign","_lineHeight","node","_materials"],-3,1,3],["cc.PrefabInfo",["fileId","root","asset"],2,1,1],["cc.Layout",["_resize","_N$layoutType","_N$spacingX","node","_layoutSize"],0,1,5],["cc.Prefab",["_name"],2],["cc.Mask",["_type","_N$alphaThreshold","node","_materials"],1,1,3],["e4fd0BOFW1I5rw3fi0K+ktb",["node"],3,1]],[[4,0,1,2,2],[0,0,2,1,7,5,3,4,6,4],[2,2,4,3,1],[0,0,1,7,5,3,10,4,9,6,3],[0,0,1,7,5,3,4,3],[0,0,2,1,7,5,3,10,4,9,6,4],[2,2,3,1],[3,0,1,2,5,3,4,6,7,7],[3,0,1,2,3,4,6,7,6],[6,0,2],[0,0,1,8,5,3,4,6,3],[0,0,1,8,5,3,4,9,6,3],[0,0,1,7,8,5,3,4,3],[0,0,1,7,8,5,3,4,6,3],[0,0,2,1,7,8,3,4,6,4],[0,0,1,7,8,3,4,6,3],[0,0,1,7,5,3,4,6,3],[2,1,0,2,4,3,3],[2,0,2,4,3,2],[4,1,2,1],[5,0,1,2,3,4,4],[5,0,1,3,4,3],[7,0,1,2,3,3],[8,0,1],[3,0,1,2,5,3,4,6,7]],[[[{"name":"t_cylb_glybq","rect":[561,612,98,45],"offset":[0,-3],"originalSize":[108,51],"rotated":1,"capInsets":[0,0,0,0]}],[1],0,[0],[2],[1]],[[{"name":"bt_cylb_jji","rect":[229,872,136,57],"offset":[0,0],"originalSize":[146,67],"rotated":1,"capInsets":[0,0,0,0]}],[1],0,[0],[2],[1]],[[{"name":"bt_cylb_xgan","rect":[455,167,30,38],"offset":[-0.5,0],"originalSize":[33,40],"rotated":1,"capInsets":[0,0,0,0]}],[1],0,[0],[2],[2]],[[[9,"ClubMemberItem"],[10,"ClubMemberItem",0,[-3,-4,-5,-6,-7,-8,-9],[[17,1,0,-2,[25],26]],[19,-1,0],[5,620,140],[0,-70,0,0,0,0,1,1,1,1]],[11,"BTNS",0,[-11,-12,-13,-14,-15,-16,-17],[[20,1,1,20,-10,[5,95,57]]],[0,"67Q/wp8Y1MnZZ7Di7HWt/n",1,0],[5,95,57],[0,1,0.5],[296.4,0,0,0,0,0,1,0.8,0.8,1]],[12,"Layout",0,1,[-19,-20,2],[[21,1,2,-18,[5,200,57]]],[0,"a0b80iQsRDGr03GPdGM57i",1,0],[5,200,57]],[13,"head",0,1,[-22],[[22,1,1,-21,[4]]],[0,"a7Zw8ia0tIkKuD4otJHMKE",1,0],[5,100,100],[-248.2,0,0,0,0,0,1,1,1,1]],[4,"head",0,4,[[18,0,-23,[2],3],[23,-24]],[0,"90mzHwsD9I+rqgaptMXbD9",1,0],[5,100,100]],[14,"CurSocre",false,0,3,[-25,-26],[0,"7638EGRdlIQ4sAQcIZZCe1",1,0],[5,50,40],[228,53.7,0,0,0,0,1,1,1,1]],[3,"nick",0,1,[[7,1,"昵称",24,30,1,1,-27,[0]]],[0,"5d90PCDQJB9aC61uMpLRlu",1,0],[4,4283970096],[5,48,37.8],[0,0,0.5],[-177,24,0,0,0,0,1,1,1,1]],[3,"uid",0,1,[[7,1,"编号",20,30,1,1,-28,[1]]],[0,"b4cFBOJy5PK4vJ041QBelA",1,0],[4,4283970096],[5,40,37.8],[0,0,0.5],[-176,-35,0,0,0,0,1,1,1,1]],[5,"phone",false,0,1,[[24,1,"手机：",20,30,1,1,-29]],[0,"0cTHM/RaRGQLjN7S316vJO",1,0],[4,4283970096],[5,60,30],[0,0,0.5],[-176,-36.1,0,0,0,0,1,1,1,1]],[1,"icn_gly",false,0,1,[[6,-30,5]],[0,"9brFl/U+pLC6v1R0d12vL4",1,0],[5,99,45],[-245,-30.5,0,0,0,0,1,1,1,1]],[1,"icn_qz",false,0,1,[[6,-31,6]],[0,"461CkJifROUpN3C/Zj9nzF",1,0],[5,99,41],[-245,-28.5,0,0,0,0,1,1,1,1]],[15,"BT_EDIT",0,6,[-32],[0,"52PieG2dVFFqPSNt9JONiS",1,0],[5,50,50],[40,0,0,0,0,0,1,1,1,1]],[4,"bt_cylb_xgan",0,12,[[2,-33,[7],8]],[0,"e2CWojOZ9BOLZdCjU6D7Ez",1,0],[5,30,38]],[3,"score",0,6,[[8,1,"Label",26,1,1,-34,[9]]],[0,"80G5rlID9LcLQedF6gwfPM",1,0],[4,4283970096],[5,63.62,50.4],[0,1,0.5],[5,-1,0,0,0,0,1,1,1,1]],[5,"score2",false,0,3,[[8,1,"Label",26,1,1,-35,[10]]],[0,"c8ug1ZArNFXYodMA+Ysk4Q",1,0],[4,4283970096],[5,63.62,50.4],[0,1,0.5],[233.2,8.500000000000004,0,0,0,0,1,1,1,1]],[1,"BT_JIECHU",false,0,2,[[2,-36,[11],12]],[0,"beO3PcgPVODr14Lb+FW34k",1,0],[5,136,57],[-380,-0.5,0,0,0,0,1,1,1,1]],[1,"BT_RENMING",false,0,2,[[2,-37,[13],14]],[0,"43H3jsT0FAvr/P233nqRXy",1,0],[5,136,57],[-224,-0.5,0,0,0,0,1,1,1,1]],[1,"BT_GETOUT",false,0,2,[[2,-38,[15],16]],[0,"bbGAI9PgBGp7JIg0vciYwH",1,0],[5,136,57],[-68,-0.5,0,0,0,0,1,1,1,1]],[1,"BT_AGREE",false,0,2,[[2,-39,[17],18]],[0,"12+c6dIhhL2pSl+afElROr",1,0],[5,95,57],[-277.5,-0.5,0,0,0,0,1,1,1,1]],[1,"BT_DISAGREE",false,0,2,[[2,-40,[19],20]],[0,"58hLctLUhI9qOdFvKvys4k",1,0],[5,95,57],[-162.5,-0.5,0,0,0,0,1,1,1,1]],[1,"BT_REMARK",false,0,2,[[2,-41,[21],22]],[0,"815wtgBhlIGZQIkgyu/M4H",1,0],[5,95,57],[-162.5,-0.5,0,0,0,0,1,1,1,1]],[16,"BT_DELETE",0,2,[[2,-42,[23],24]],[0,"1eed/vcR5LYoL/GIGzA7ef",1,0],[5,95,57],[-47.5,-0.5,0,0,0,0,1,1,1,1]]],0,[0,3,1,0,0,1,0,-1,7,0,-2,8,0,-3,4,0,-4,9,0,-5,10,0,-6,11,0,-7,3,0,0,2,0,-1,16,0,-2,17,0,-3,18,0,-4,19,0,-5,20,0,-6,21,0,-7,22,0,0,3,0,-1,6,0,-2,15,0,0,4,0,-1,5,0,0,5,0,0,5,0,-1,12,0,-2,14,0,0,7,0,0,8,0,0,9,0,0,10,0,0,11,0,-1,13,0,0,13,0,0,14,0,0,15,0,0,16,0,0,17,0,0,18,0,0,19,0,0,20,0,0,21,0,0,22,0,4,1,2,5,3,42],[0,0,0,0,0,0,0,0,0,0,0,0,0,0,0,0,0,0,0,0,0,0,0,0,0,0,0],[-1,-1,-1,1,-1,1,1,-1,1,-1,-1,-1,1,-1,1,-1,1,-1,1,-1,1,-1,1,-1,1,-1,1],[0,0,0,3,0,4,5,0,6,0,0,0,7,0,8,0,9,0,10,0,11,0,12,0,13,0,14]],[[{"name":"bt_cylb_jshen","rect":[292,867,136,57],"offset":[1,0],"originalSize":[146,67],"rotated":1,"capInsets":[0,0,0,0]}],[1],0,[0],[2],[1]],[[{"name":"t_cylb_qzbq","rect":[877,604,98,41],"offset":[0,0],"originalSize":[108,51],"rotated":1,"capInsets":[0,0,0,0]}],[1],0,[0],[2],[1]],[[{"name":"bt_cylb_tic","rect":[642,834,136,57],"offset":[0,0],"originalSize":[146,67],"capInsets":[0,0,0,0]}],[1],0,[0],[2],[1]]]]