[1,["5fufgjgYhCmJBkegyDAuxn","73qzLgJjhFm4MyA/gJ/k4O","96ODzGt21C/LcyErBZ0Mqr","d6/tEYfEpJWbaKeakOarbE","565mE7PXhE8peMC8pMgAyi","4b9se4Js5GfLYn0x9P/c0T","4aFffRJP1BaIm8lCqIJqtz","70ZvC4wupFs7sBv5UEEg2B","84NDJBlxdI6Lkihot0XKbY","840RTRiM1GSqh8xeWYYW8d","58HpEcGopC4pSqZsGLQPoD","ceNIoLXbFBfo73Nr0rJZUA","29aNikdB5LtoMPGi/mmCd3","70wboyH5NJKaLiRgXGpkGU","b65eepK7JKiKw+s1ZCfRRy","036udAMItNZo3YbG+JfkTM","0b4w6BLxhIkKdzr0g69L9w","5eiXz4pg5DfrlYiDQN1HC2","23GXneRZdD77iudzRxuGst","12MDFotddFLrUMToxLSPPC","36zBZS5LlCWJ5vZPqHP+xd","19fGhfqI1FOaZAFjiknSxl","9654osISlNUonAGVQsN0vf","b75sFp/DFILqu6y1MzUUE5","3bOhUsNXFEvKVsubtKgmjx","45Pa6oKRZIyb/tkGQOc2NK","16Xz1yYJ5OQ59xWOKld72d","b4fljRy4RBcLZSbs8Y7vRu","5bX3GRz3JHXJ2be3wO0jjN","4cGudNrM5GV4kHgErekKKI","53bDYZTgZBxJARpoRqGh6g","26KmCtkSlDgpWX3Kc2NeVJ","98EfcqvPtGyrOFowLae9WP","2bvPl9PuVJ+pfYzPImWiZ6","4911ctUzdM1pw/7vwY6V01","64ajKPTn5MX4CvDADLHfeG","9diokFod1L+J90cd95yAGW","ccTLznc3dDBakBy0HqHalv","d4iYy/hRZAXa9MUUFkMe26","acQVGxbmVAt4dHZxUWNmh9","81SUxlQrlBHKoZ3T7PyKUV","efms7bz/RAIrBnqV8Ty2hD","96YXR5nNpEE7gA0sMK4jf+"],["_textureSetter","feng_bei","feng_dong","feng_nan","feng_xi","hua_1","hua_2","hua_3","hua_4","ji_1","ji_2","ji_3","ji_4","red","tiao_1","tiao_2","tiao_3","tiao_4","tiao_5","tiao_6","tiao_7","tiao_8","tiao_9","tong_1","tong_2","tong_3","tong_4","tong_5","tong_6","tong_7","tong_8","tong_9","wan_1","wan_2","wan_3","wan_4","wan_5","wan_6","wan_7","wan_8","wan_9","white","winter"],["cc.SpriteFrame",["cc.SpriteAtlas",["_name","_spriteFrames"],2,11]],[[1,0,1,2]],[[[{"name":"tiao_2","rect":[208,154,16,83],"offset":[0,0],"originalSize":[16,83],"capInsets":[0,0,0,0]}],[0],0,[0],[0],[0]],[[{"name":"tiao_3","rect":[0,237,56,83],"offset":[0,0],"originalSize":[56,83],"capInsets":[0,0,0,0]}],[0],0,[0],[0],[0]],[[{"name":"tiao_6","rect":[224,154,52,83],"offset":[0,0],"originalSize":[52,83],"capInsets":[0,0,0,0]}],[0],0,[0],[0],[0]],[[{"name":"tong_4","rect":[300,0,58,71],"offset":[0,0],"originalSize":[58,71],"capInsets":[0,0,0,0]}],[0],0,[0],[0],[0]],[[{"name":"tiao_8","rect":[454,154,54,83],"offset":[0,0],"originalSize":[54,83],"capInsets":[0,0,0,0]}],[0],0,[0],[0],[0]],[[{"name":"tiao_5","rect":[110,154,54,81],"offset":[0,0],"originalSize":[54,81],"capInsets":[0,0,0,0]}],[0],0,[0],[0],[0]],[[{"name":"ji_4","rect":[278,73,68,79],"offset":[0,0],"originalSize":[68,79],"capInsets":[0,0,0,0]}],[0],0,[0],[0],[0]],[[{"name":"wan_2","rect":[222,237,58,87],"offset":[0,0],"originalSize":[58,87],"capInsets":[0,0,0,0]}],[0],0,[0],[0],[0]],[[{"name":"tiao_7","rect":[56,237,50,87],"offset":[0,0],"originalSize":[50,87],"capInsets":[0,0,0,0]}],[0],0,[0],[0],[0]],[[{"name":"tong_2","rect":[182,73,38,79],"offset":[0,0],"originalSize":[38,79],"capInsets":[0,0,0,0]}],[0],0,[0],[0],[0]],[[{"name":"tong_3","rect":[0,73,68,75],"offset":[0,0],"originalSize":[68,75],"capInsets":[0,0,0,0]}],[0],0,[0],[0],[0]],[[{"name":"wan_3","rect":[280,324,58,91],"offset":[0,0],"originalSize":[58,91],"capInsets":[0,0,0,0]}],[0],0,[0],[0],[0]],[[{"name":"hua_2","rect":[392,237,66,87],"offset":[0,0],"originalSize":[66,87],"capInsets":[0,0,0,0]}],[0],0,[0],[0],[0]],[[{"name":"hua_1","rect":[416,73,62,81],"offset":[0,0],"originalSize":[62,81],"capInsets":[0,0,0,0]}],[0],0,[0],[0],[0]],[[{"name":"tong_7","rect":[0,324,60,87],"offset":[0,0],"originalSize":[60,87],"capInsets":[0,0,0,0]}],[0],0,[0],[0],[0]],[[{"name":"tong_8","rect":[110,324,46,87],"offset":[0,0],"originalSize":[46,87],"capInsets":[0,0,0,0]}],[0],0,[0],[0],[0]],[[{"name":"feng_xi","rect":[54,0,60,63],"offset":[0,0],"originalSize":[60,63],"capInsets":[0,0,0,0]}],[0],0,[0],[0],[0]],[[{"name":"ji_2","rect":[220,73,58,79],"offset":[0,0],"originalSize":[58,79],"capInsets":[0,0,0,0]}],[0],0,[0],[0],[0]],[[{"name":"tong_6","rect":[64,154,46,81],"offset":[0,0],"originalSize":[46,81],"capInsets":[0,0,0,0]}],[0],0,[0],[0],[0]],[[{"name":"tiao_4","rect":[164,154,44,81],"offset":[0,0],"originalSize":[44,81],"capInsets":[0,0,0,0]}],[0],0,[0],[0],[0]],[[{"name":"wan_4","rect":[106,237,58,87],"offset":[0,0],"originalSize":[58,87],"capInsets":[0,0,0,0]}],[0],0,[0],[0],[0]],[[{"name":"hua_3","rect":[68,73,56,77],"offset":[0,0],"originalSize":[56,77],"capInsets":[0,0,0,0]}],[0],0,[0],[0],[0]],[[{"name":"red","rect":[338,237,54,87],"offset":[0,0],"originalSize":[54,87],"capInsets":[0,0,0,0]}],[0],0,[0],[0],[0]],[[{"name":"feng_bei","rect":[0,0,54,61],"offset":[0,0],"originalSize":[54,61],"capInsets":[0,0,0,0]}],[0],0,[0],[0],[0]],[[{"name":"wan_9","rect":[396,324,58,91],"offset":[0,0],"originalSize":[58,91],"capInsets":[0,0,0,0]}],[0],0,[0],[0],[0]],[[{"name":"hua_4","rect":[346,73,70,81],"offset":[0,0],"originalSize":[70,81],"capInsets":[0,0,0,0]}],[0],0,[0],[0],[0]],[[{"name":"ji_1","rect":[0,154,64,81],"offset":[0,0],"originalSize":[64,81],"capInsets":[0,0,0,0]}],[0],0,[0],[0],[0]],[[{"name":"feng_dong","rect":[124,73,58,79],"offset":[0,0],"originalSize":[58,79],"capInsets":[0,0,0,0]}],[0],0,[0],[0],[0]],[[{"name":"winter","rect":[114,0,66,65],"offset":[0,0],"originalSize":[66,65],"capInsets":[0,0,0,0]}],[0],0,[0],[0],[0]],[[{"name":"tiao_9","rect":[60,324,50,87],"offset":[0,0],"originalSize":[50,87],"capInsets":[0,0,0,0]}],[0],0,[0],[0],[0]],[[{"name":"wan_1","rect":[332,154,58,83],"offset":[0,0],"originalSize":[58,83],"capInsets":[0,0,0,0]}],[0],0,[0],[0],[0]],[[{"name":"wan_5","rect":[164,237,58,87],"offset":[0,0],"originalSize":[58,87],"capInsets":[0,0,0,0]}],[0],0,[0],[0],[0]],[[{"name":"wan_8","rect":[280,237,58,87],"offset":[0,0],"originalSize":[58,87],"capInsets":[0,0,0,0]}],[0],0,[0],[0],[0]],[[{"name":"tong_5","rect":[358,0,56,71],"offset":[0,0],"originalSize":[56,71],"capInsets":[0,0,0,0]}],[0],0,[0],[0],[0]],[[{"name":"tiao_1","rect":[156,324,66,89],"offset":[0,0],"originalSize":[66,89],"capInsets":[0,0,0,0]}],[0],0,[0],[0],[0]],[[{"name":"tong_1","rect":[180,0,66,67],"offset":[0,0],"originalSize":[66,67],"capInsets":[0,0,0,0]}],[0],0,[0],[0],[0]],[[[0,"paimian.plist",[{},"feng_bei",6,0,"feng_dong",6,1,"feng_nan",6,2,"feng_xi",6,3,"hua_1",6,4,"hua_2",6,5,"hua_3",6,6,"hua_4",6,7,"ji_1",6,8,"ji_2",6,9,"ji_3",6,10,"ji_4",6,11,"red",6,12,"tiao_1",6,13,"tiao_2",6,14,"tiao_3",6,15,"tiao_4",6,16,"tiao_5",6,17,"tiao_6",6,18,"tiao_7",6,19,"tiao_8",6,20,"tiao_9",6,21,"tong_1",6,22,"tong_2",6,23,"tong_3",6,24,"tong_4",6,25,"tong_5",6,26,"tong_6",6,27,"tong_7",6,28,"tong_8",6,29,"tong_9",6,30,"wan_1",6,31,"wan_2",6,32,"wan_3",6,33,"wan_4",6,34,"wan_5",6,35,"wan_6",6,36,"wan_7",6,37,"wan_8",6,38,"wan_9",6,39,"white",6,40,"winter",6,41]]],0,0,[0,0,0,0,0,0,0,0,0,0,0,0,0,0,0,0,0,0,0,0,0,0,0,0,0,0,0,0,0,0,0,0,0,0,0,0,0,0,0,0,0,0],[1,2,3,4,5,6,7,8,9,10,11,12,13,14,15,16,17,18,19,20,21,22,23,24,25,26,27,28,29,30,31,32,33,34,35,36,37,38,39,40,41,42],[1,2,3,4,5,6,7,8,9,10,11,12,13,14,15,16,17,18,19,20,21,22,23,24,25,26,27,28,29,30,31,32,33,34,35,36,37,38,39,40,41,42]],[[{"name":"wan_6","rect":[338,324,58,91],"offset":[0,0],"originalSize":[58,91],"capInsets":[0,0,0,0]}],[0],0,[0],[0],[0]],[[{"name":"ji_3","rect":[414,0,58,73],"offset":[0,0],"originalSize":[58,73],"capInsets":[0,0,0,0]}],[0],0,[0],[0],[0]],[[{"name":"wan_7","rect":[222,324,58,91],"offset":[0,0],"originalSize":[58,91],"capInsets":[0,0,0,0]}],[0],0,[0],[0],[0]],[[{"name":"feng_nan","rect":[246,0,54,67],"offset":[0,0],"originalSize":[54,67],"capInsets":[0,0,0,0]}],[0],0,[0],[0],[0]],[[{"name":"white","rect":[276,154,56,83],"offset":[0,0],"originalSize":[56,83],"capInsets":[0,0,0,0]}],[0],0,[0],[0],[0]]]]