[1,["80Kxw+3xRCULH2yX2GUjnS","160ee1620"],["node","root","data","_spriteFrame","_textureSetter"],[["cc.Node",["_name","_zIndex","_components","_prefab","_contentSize","_trs","_color","_parent","_children","_anchorPoint"],1,9,4,5,7,5,1,2,5],"cc.SpriteFrame",["cc.Prefab",["_name"],2],["94602h/K6hIUYqAva93VrCD",["node"],3,1],["cc.PrefabInfo",["fileId","root"],2,1],["cc.Sprite",["node","_spriteFrame"],3,1,6],["cc.Widget",["_alignFlags","node"],2,1],["cc.Label",["_srcBlendFactor","_string","_fontSize","_N$horizontalAlign","_N$verticalAlign","node"],-2,1]],[[4,0,1,2],[2,0,2],[0,0,1,8,2,3,6,4,9,5,3],[0,0,1,7,2,3,4,5,3],[0,0,1,7,2,3,6,4,5,3],[3,0,1],[5,0,1,1],[6,0,1,2],[7,0,1,2,3,4,5,6]],[[[[1,"ClubScoreItem_CY"],[2,"ClubScoreItem_CY",0,[-3,-4],[[5,-2]],[0,"a9bHLsgj5PuI0D9qrogJHY",-1],[4,4289177511],[5,578,60],[0,0.5,1],[0,6,0,0,0,0,1,1,1,1]],[3,"t_jfjl_fgx",0,1,[[6,-5,0],[7,4,-6]],[0,"176pXNEH1H+ZLQwLf3qPc5",1],[5,608,2],[0,-59,0,0,0,0,1,1,1,1]],[4,"nick",0,1,[[8,1,"成员成员",24,1,1,-7]],[0,"f5Mlp7VWpNla8bJ/8KYx2D",1],[4,4284823860],[5,96,40],[0,-29,0,0,0,0,1,1,1,1]]],0,[0,1,1,0,0,1,0,-1,3,0,-2,2,0,0,2,0,0,2,0,0,3,0,2,1,7],[0],[3],[0]],[[{"name":"t_jfjl_fgx","rect":[3,73,608,2],"offset":[0,0],"originalSize":[608,2],"capInsets":[0,0,0,0]}],[1],0,[0],[4],[1]]]]