[1,["ecpdLyjvZBwrvm+cedCcQy","e762WZQnZDkrVsYpPVM8tr","e5KJ8nDZZK861NkuG1V0p2","8crlPhctJOm6UmiaK94rrw","e8wS+XQtNLY6XNJtehU/PA","ded/5SljdAz7/RZCd6i7cz","42ME2kBPJAArczKQsvNvRV","4cLDzBCSJL448oHD4n2Vca","a3Uk5wngtPrLLCD+Tp18bM","e97GVMl6JHh5Ml5qEDdSGa","derFqJsqxM7q7TrTrlXP4V","d1TnbBJFhIcZp7pTcjznSV","1a8ca7497","23CqUpEUJHfbhusWaMb3js","95SAnLSoFKBYtfLcRJXGys","aflUDO1xlEErevBfmm6Y5c","caGQr8yWlFwYi4YFHAnjR8","af5Za30cBBv4Y9nAkcg+78","76h1J/ultHuam7mmnAIarz","68r65+kOpG65sEB2weTh9P","80jE3YxFdCVahwQl8fcyNH","6abqkUMjRNuoMUuK8E4OOi","a2MjXRFdtLlYQ5ouAFv/+R","15vL/kqGRJbZEA+4HPOaCg","f0BIwQ8D5Ml7nTNQbh1YlS","29FYIk+N1GYaeWH/q1NxQO","362oskdhlEpKQAwSc3wt7Z","3f4Ks+8SJPlrezdo1upy3P"],["node","_spriteFrame","_N$target","checkMark","_parent","_normalMaterial","_textureSetter","root","shadow","timeView","lblCard","lblPersonNum","toggleTitle","lblTitle","data","_N$normalSprite","_N$pressedSprite","_N$hoverSprite","_N$disabledSprite"],[["cc.Node",["_name","_zIndex","_active","_opacity","_prefab","_contentSize","_components","_parent","_trs","_children","_anchorPoint","_color"],-1,4,5,9,1,7,2,5,5],["cc.Widget",["_alignFlags","alignMode","_top","_left","_bottom","_originalWidth","_right","_originalHeight","_verticalCenter","_wasAlignOnce","node"],-7,1],["cc.Sprite",["_sizeMode","_isTrimmedMode","_type","node","_materials","_spriteFrame"],0,1,3,6],["cc.Node",["_name","_zIndex","_active","_parent","_components","_prefab","_contentSize","_trs","_color","_children","_anchorPoint"],0,1,2,4,5,7,5,2,5],["cc.Toggle",["_N$isChecked","_N$transition","_N$enableAutoGrayEffect","node","_N$normalColor","_N$target","checkMark","checkEvents","_normalMaterial"],0,1,5,1,1,9,6],["cc.Label",["_string","_fontSize","_N$verticalAlign","_srcBlendFactor","_N$horizontalAlign","_N$overflow","_lineHeight","node","_materials"],-4,1,3],["cc.Layout",["_N$layoutType","_resize","_N$paddingTop","_N$spacingY","_N$spacingX","_N$paddingBottom","node","_layoutSize"],-3,1,5],["cc.Button",["zoomScale","_N$transition","node","clickEvents","_N$normalColor","_N$target","_N$pressedColor","_N$disabledColor","_N$normalSprite","_N$pressedSprite","_N$hoverSprite","_N$disabledSprite"],1,1,9,5,1,5,5,6,6,6,6],["cc.ClickEvent",["handler","_componentId","customEventData","component","target"],-1,1],["cc.Node",["_name","_zIndex","_parent","_components","_prefab","_color","_contentSize","_trs","_anchorPoint"],1,1,12,4,5,5,7,5],["cc.PrefabInfo",["fileId","root","asset"],2,1,1],"cc.SpriteFrame",["cc.Prefab",["_name"],2],["e07e8xJ+35DubPsE/TZN9hM",["node","lblTitle","toggleTitle","lblPersonNum","lblCard","timeView","shadow"],3,1,1,1,1,1,1,1],["cc.ToggleContainer",["node"],3,1],["cc.BlockInputEvents",["node"],3,1],["37edfBrhLFLFpRJI0u3jiwd",["node"],3,1]],[[10,0,1,2,2],[0,0,1,7,6,4,5,8,3],[2,3,4,5,1],[0,0,1,7,6,4,11,5,10,8,3],[2,0,1,3,3],[8,1,0,2,4,4],[5,3,0,1,4,2,7,8,6],[3,0,2,1,3,4,5,6,7,4],[0,0,1,7,9,6,4,5,8,3],[0,0,1,7,9,6,4,5,10,8,3],[2,0,3,4,5,2],[4,1,0,3,4,5,6,7,3],[1,1,0,4,10,4],[5,3,0,1,2,7,8,5],[4,0,3,4,5,6,7,2],[8,3,0,2,4,4],[0,0,1,9,6,4,5,10,8,3],[1,1,0,3,10,4],[7,2,3,4,5,1],[8,1,0,4,3],[0,0,7,9,6,4,5,8,2],[14,0,1],[2,2,0,3,4,5,3],[2,0,1,3,4,3],[5,0,1,2,7,8,4],[0,0,1,7,6,4,11,5,8,3],[0,0,7,6,4,5,8,2],[0,0,7,6,4,11,5,2],[3,0,2,1,3,4,5,6,4],[1,1,0,2,10,4],[6,1,0,4,6,7,4],[4,1,3,4,5,6,7,2],[0,0,1,7,9,4,5,8,3],[0,0,7,6,4,11,5,8,2],[0,0,1,7,6,4,5,3],[3,0,1,3,4,5,6,7,3],[1,1,0,4,5,10,5],[1,1,0,5,10,4],[1,0,2,10,3],[4,1,0,3,4,5,6,3],[16,0,1],[7,2,3,1],[0,0,9,6,4,5,2],[0,0,1,7,9,6,4,5,3],[0,0,1,7,6,4,5,10,8,3],[0,0,2,7,6,4,5,8,3],[3,0,1,3,4,5,6,3],[1,1,0,10,3],[1,1,0,3,6,2,4,5,7,10,9],[1,1,0,3,4,10,5],[1,1,0,2,4,7,10,6],[2,0,1,3,5,3],[2,3,4,1],[15,0,1],[5,0,1,4,2,7,5],[5,0,1,4,2,7,8,5],[12,0,2],[0,0,1,9,6,4,5,8,3],[0,0,2,1,7,9,6,4,5,10,8,4],[0,0,9,6,4,11,5,10,8,2],[0,0,1,7,9,6,4,11,5,10,8,3],[0,0,1,7,9,6,4,11,5,8,3],[0,0,2,1,9,6,4,5,10,8,4],[0,0,1,7,9,6,4,5,10,3],[0,0,9,6,4,5,8,2],[0,0,2,3,7,6,4,11,5,4],[0,0,2,7,9,6,4,5,3],[0,0,7,6,4,5,2],[0,0,2,1,7,6,4,11,5,8,4],[9,0,1,2,3,4,5,6,8,7,3],[9,0,1,2,3,4,5,6,7,3],[3,0,1,3,9,4,5,6,7,3],[3,0,1,3,4,5,8,6,10,7,3],[3,0,1,3,4,5,8,6,7,3],[1,0,3,6,2,10,5],[1,1,0,6,2,8,10,6],[1,0,3,10,3],[1,1,0,3,6,4,10,6],[1,0,5,7,10,4],[1,1,0,5,7,10,5],[1,0,2,9,10,4],[13,0,1,2,3,4,5,6,1],[2,3,1],[10,1,2,1],[6,0,2,5,3,6,7,5],[6,1,0,4,3,6,7,5],[6,1,0,6,7,3],[6,1,0,2,6,7,4],[4,3,4,5,6,7,1],[4,2,0,3,4,5,6,7,8,3],[4,2,3,4,5,6,7,8,2],[7,2,3,6,7,5,8,9,10,11,1],[7,0,1,2,3,4,3],[5,3,0,1,2,5,7,8,6],[5,3,0,1,6,4,2,7,8,7]],[[[{"name":"bt_cjfj_gpms","rect":[152,153,146,40],"offset":[-1,11.5],"originalSize":[196,95],"rotated":1,"capInsets":[0,0,0,0]}],[11],0,[0],[6],[12]],[[[56,"CreatRoomSSS"],[57,"CreatRoomSSS",0,[-11,-12,-13,-14,-15,-16,-17,-18],[[47,2,18,-2],[81,-9,-8,-7,-6,-5,-4,-3],[22,1,0,-10,[199],200]],[83,-1,0],[5,664,950],[360,640,0,0,0,0,1,1,1,1]],[58,"xialaView",false,0,1,[-24,-25,-26,-27,-28,-29,-30,-31,-32,-33,-34],[[84,2,10,10,10,-19,[5,420,660]],[22,1,0,-20,[178],179],[21,-21],[53,-22],[74,9,156,88,210,-23]],[0,"bcS7U8YxRB74xMO3RjRXsx",1,0],[5,420,660],[0,0.5,1],[34,265,0,0,0,0,1,1,1,1]],[16,"options",0,[-38,-39,-40,-41,-42,-43,-44],[[85,1,3,50,15,-35,[5,500,162]],[21,-36],[17,0,8,110,-37]],[0,"38tZSGCt5Nk7ijTKKCyTrU",1,0],[5,500,162],[0,0,0.5],[-182,0,0,0,0,0,1,1,1,1]],[59,"content",[-49,-50,-51,-52,-53],[[86,1,2,-45,[5,90,225]],[22,1,0,-46,[197],198],[21,-47],[53,-48]],[0,"63MasXqdhDQJPrnUHT0WrR",1,0],[4,4293848814],[5,90,225],[0,0.5,1],[150,7,0,0,0,0,1,1,1,1]],[16,"content",0,[-56,-57,-58,-59,-60,-61,-62],[[48,0,45,20,20,97,144,561,1,-54],[87,1,2,20,-55,[5,584,640]]],[0,"7fOYqdDoFN9oK1MW5a0EKf",1,0],[5,584,640],[0,0.5,1],[0,-97,0,0,0,0,1,1,1,1]],[16,"options",0,[-66,-67,-68,-69,-70],[[30,1,1,7,-63,[5,478,44]],[21,-64],[17,0,8,110,-65]],[0,"f3KZvynjFHc4iKl9Dv6GX7",1,0],[5,478,44],[0,0,0.5],[-182,0,0,0,0,0,1,1,1,1]],[16,"Start1",0,[-77,-78,-79],[[39,3,false,-73,[4,4292269782],-72,-71],[49,0,4,103.07999999999998,15,-74],[40,-75],[41,-76,[[19,"e07e8xJ+35DubPsE/TZN9hM","onStart1Clicked",1]]]],[0,"e0VYr2TCBD2ZnZW+91oaG3",1,0],[5,230,44],[0,0.15,0.5],[-154.42000000000002,-33,0,0,0,0,1,1,1,1]],[16,"Start2",0,[-86,-87,-88],[[39,3,false,-82,[4,4292269782],-81,-80],[49,0,12,320,15,-83],[40,-84],[41,-85,[[19,"e07e8xJ+35DubPsE/TZN9hM","onStart2Clicked",1]]]],[0,"a447BZq9NDc4WzhbN31+yF",1,0],[5,230,44],[0,0.15,0.5],[62.5,-33,0,0,0,0,1,1,1,1]],[16,"options",0,[-92,-93,-94],[[30,1,1,27,-89,[5,474,40]],[21,-90],[17,0,8,110,-91]],[0,"efLdsiBeZKLaPzPlPGoAGn",1,0],[5,474,40],[0,0,0.5],[-182,0,0,0,0,0,1,1,1,1]],[60,"New Node",0,1,[-96,5,-97,-98],[[48,2,45,20,20,85,-16,39,39,-95]],[0,"cbOv4uA7ZEjIaCkkWLivmW",1,0],[4,4293317581],[5,624,881],[0,0.5,1],[0,390,0,0,0,0,1,1,1,1]],[16,"ZJ_1",0,[-103,-104,-105],[[31,3,-101,[4,4292269782],-100,-99,[[15,"SSSCreatView","onBankerClicked","1",1]]],[12,2,4,3,-102]],[0,"87p+Jy+nxCQrQ3fLGzfZ53",1,0],[5,146,44],[0,0.15,0.5],[15.299999999999999,0,0,0,0,0,1,1,1,1]],[16,"ZJ_2",0,[-110,-111,-112],[[11,3,false,-108,[4,4292269782],-107,-106,[[15,"SSSCreatView","onBankerClicked","2",1]]],[12,2,4,3,-109]],[0,"42hMgD0I9BHL2cLNVXM1jX",1,0],[5,146,44],[0,0.15,0.5],[195.30000000000004,0,0,0,0,0,1,1,1,1]],[61,"menu",0,10,[-116,-117],[[30,1,1,30,-113,[5,350,60]],[21,-114],[29,0,1,45,-115]],[0,"caX1uerZ1NeLc1yUZG2smA",1,0],[4,4289177511],[5,350,60],[0,-75,0,0,0,0,1,1,1,1]],[62,"friend",false,0,[-122,-123,-124],[[39,3,false,-120,[4,4292269782],-119,-118],[40,-121]],[0,"64QaehBItIuYHEhC/o4Bpu",1,0],[5,252,80],[0,0.06,0.5],[-270,0,0,0,0,0,1,1,1,1]],[8,"p3",0,2,[-128,-129,-130,-131],[[14,false,-127,[4,4292269782],-126,-125,[[5,"e07e8xJ+35DubPsE/TZN9hM","onOptionsViewItemClicked","3",1]]]],[0,"1aJQ7z26NBjbg/17cEVMbe",1,0],[5,420,50],[0,-35,0,0,0,0,1,1,1,1]],[8,"p4",0,2,[-135,-136,-137,-138],[[88,-134,[4,4292269782],-133,-132,[[5,"e07e8xJ+35DubPsE/TZN9hM","onOptionsViewItemClicked","4",1]]]],[0,"074sJtT6pL7bsX6kOGdc9m",1,0],[5,420,50],[0,-95,0,0,0,0,1,1,1,1]],[8,"p5",0,2,[-142,-143,-144,-145],[[14,false,-141,[4,4292269782],-140,-139,[[5,"e07e8xJ+35DubPsE/TZN9hM","onOptionsViewItemClicked","5",1]]]],[0,"3aTliFTlpKmpA7VCO02mU3",1,0],[5,420,50],[0,-155,0,0,0,0,1,1,1,1]],[8,"p6",0,2,[-149,-150,-151,-152],[[14,false,-148,[4,4292269782],-147,-146,[[5,"e07e8xJ+35DubPsE/TZN9hM","onOptionsViewItemClicked","6",1]]]],[0,"c5TsmXmfZLEJfbgrocmPh2",1,0],[5,420,50],[0,-215,0,0,0,0,1,1,1,1]],[8,"p7",0,2,[-156,-157,-158,-159],[[14,false,-155,[4,4292269782],-154,-153,[[5,"e07e8xJ+35DubPsE/TZN9hM","onOptionsViewItemClicked","7",1]]]],[0,"8e4gsjVShDgp29O3Mzo6rG",1,0],[5,420,50],[0,-275,0,0,0,0,1,1,1,1]],[8,"p8",0,2,[-163,-164,-165,-166],[[14,false,-162,[4,4292269782],-161,-160,[[5,"e07e8xJ+35DubPsE/TZN9hM","onOptionsViewItemClicked","8",1]]]],[0,"bfg/7TmZxP1JvZOXRqKysU",1,0],[5,420,50],[0,-335,0,0,0,0,1,1,1,1]],[8,"p9",0,2,[-170,-171,-172,-173],[[14,false,-169,[4,4292269782],-168,-167,[[5,"e07e8xJ+35DubPsE/TZN9hM","onOptionsViewItemClicked","9",1]]]],[0,"20do/qbQ1NbbsBwStYGtow",1,0],[5,420,50],[0,-395,0,0,0,0,1,1,1,1]],[8,"p10",0,2,[-177,-178,-179,-180],[[14,false,-176,[4,4292269782],-175,-174,[[5,"e07e8xJ+35DubPsE/TZN9hM","onOptionsViewItemClicked","10",1]]]],[0,"87mhPnDwNKTYSFr/+JE3uD",1,0],[5,420,50],[0,-455,0,0,0,0,1,1,1,1]],[8,"p11",0,2,[-184,-185,-186,-187],[[14,false,-183,[4,4292269782],-182,-181,[[5,"e07e8xJ+35DubPsE/TZN9hM","onOptionsViewItemClicked","11",1]]]],[0,"b0fZOrxhhPgrOQfmq9GFWt",1,0],[5,420,50],[0,-515,0,0,0,0,1,1,1,1]],[8,"p12",0,2,[-191,-192,-193,-194],[[14,false,-190,[4,4292269782],-189,-188,[[5,"e07e8xJ+35DubPsE/TZN9hM","onOptionsViewItemClicked","12",1]]]],[0,"5dDZHzscVC0qRtzS5Ms5pq",1,0],[5,420,50],[0,-575,0,0,0,0,1,1,1,1]],[1,"bt_exit_0",0,1,[[2,-195,[4],5],[75,0,33,12,4,380,-196],[18,-198,[[19,"e07e8xJ+35DubPsE/TZN9hM","close",1]],[4,4292269782],-197]],[0,"762VFPjAdBzZuB8k1j9ans",1,0],[5,70,70],[285,436,0,0,0,0,1,1,1,1]],[9,"DF_0",0,6,[-202,-203,-204],[[31,3,-201,[4,4292269782],-200,-199,[[5,"e07e8xJ+35DubPsE/TZN9hM","onMenuDiFenClicked","0",1]]]],[0,"36JDyQkRZJTphg7koShtQD",1,0],[5,90,44],[0,0,0.5],[0,-1.1368683772161603e-13,0,0,0,0,1,1,1,1]],[9,"DF_1",0,6,[-208,-209,-210],[[11,3,false,-207,[4,4292269782],-206,-205,[[15,"SSSCreatView","onMenuDiFenClicked","0",1]]]],[0,"02YQDOAdJOj6DLggMsO8Nz",1,0],[5,90,44],[0,0,0.5],[97,-1.1368683772161603e-13,0,0,0,0,1,1,1,1]],[9,"DF_2",0,6,[-214,-215,-216],[[11,3,false,-213,[4,4292269782],-212,-211,[[15,"SSSCreatView","onMenuDiFenClicked","0",1]]]],[0,"b1+refB5pCtLpKMQtVvSZn",1,0],[5,90,44],[0,0,0.5],[194,-1.1368683772161603e-13,0,0,0,0,1,1,1,1]],[9,"DF_3",0,6,[-220,-221,-222],[[11,3,false,-219,[4,4292269782],-218,-217,[[15,"SSSCreatView","onMenuDiFenClicked","0",1]]]],[0,"fet+61wyBOYoXcESRrwJsM",1,0],[5,90,44],[0,0,0.5],[291,-1.1368683772161603e-13,0,0,0,0,1,1,1,1]],[9,"DF_4",0,6,[-226,-227,-228],[[11,3,false,-225,[4,4292269782],-224,-223,[[15,"SSSCreatView","onMenuDiFenClicked","0",1]]]],[0,"2fqOdVfAZMGpW3PNwr6Cei",1,0],[5,90,44],[0,0,0.5],[388,-1.1368683772161603e-13,0,0,0,0,1,1,1,1]],[9,"PS_0",0,3,[-232,-233,-234],[[31,3,-231,[4,4292269782],-230,-229,[[5,"e07e8xJ+35DubPsE/TZN9hM","onMenuGameNumClicked","5",1]]]],[0,"38RpjsHtFNhru8qgdlxa0r",1,0],[5,120,44],[0,0,0.5],[0,59,0,0,0,0,1,1,1,1]],[9,"PS_1",0,3,[-238,-239,-240],[[11,3,false,-237,[4,4292269782],-236,-235,[[5,"e07e8xJ+35DubPsE/TZN9hM","onMenuGameNumClicked","5",1]]]],[0,"0aERmAnjpME7/gfoq/+ADb",1,0],[5,120,44],[0,0,0.5],[170,59,0,0,0,0,1,1,1,1]],[9,"PS_2",0,3,[-244,-245,-246],[[11,3,false,-243,[4,4292269782],-242,-241,[[5,"e07e8xJ+35DubPsE/TZN9hM","onMenuGameNumClicked","5",1]]]],[0,"5e9wsbmY1M1pvSaWBcnC3C",1,0],[5,120,44],[0,0,0.5],[340,59,0,0,0,0,1,1,1,1]],[63,"PS_3",0,3,[-250,-251,-252],[[11,3,false,-249,[4,4292269782],-248,-247,[[5,"e07e8xJ+35DubPsE/TZN9hM","onMenuGameNumClicked","5",1]]]],[0,"05GDOK3YpKFI5yTDCoriR+",1,0],[5,120,44],[0,0,0.5]],[9,"PS_4",0,3,[-256,-257,-258],[[11,3,false,-255,[4,4292269782],-254,-253,[[5,"e07e8xJ+35DubPsE/TZN9hM","onMenuGameNumClicked","5",1]]]],[0,"11r+wZeGJCmpl+PBVTCyPI",1,0],[5,120,44],[0,0,0.5],[170,0,0,0,0,0,1,1,1,1]],[9,"PS_5",0,3,[-262,-263,-264],[[11,3,false,-261,[4,4292269782],-260,-259,[[5,"e07e8xJ+35DubPsE/TZN9hM","onMenuGameNumClicked","6",1]]]],[0,"9bLt2pPBtMB4pFHQ7J1b52",1,0],[5,120,44],[0,0,0.5],[340,0,0,0,0,0,1,1,1,1]],[9,"PS_6",0,3,[-268,-269,-270],[[11,3,false,-267,[4,4292269782],-266,-265,[[5,"e07e8xJ+35DubPsE/TZN9hM","onMenuGameNumClicked","6",1]]]],[0,"fdtVbGBD1O5KM4fF+CMWZa",1,0],[5,120,44],[0,0,0.5],[0,-59,0,0,0,0,1,1,1,1]],[32,"renshu",0,5,[-271,-272,7,8],[0,"d46VdNn25IMIUXghEJae3S",1,0],[5,584,140],[0,-290,0,0,0,0,1,1,1,1]],[8,"RenshuToggle",0,38,[-276,-277,-278],[[14,false,-275,[4,4292269782],-274,-273,[[5,"e07e8xJ+35DubPsE/TZN9hM","onPersonNumClicked","show",1]]]],[0,"b94v34SqdBi5N/R0OMi63D",1,0],[5,420,40],[34,31,0,0,0,0,1,1,1,1]],[42,"Background",[-280,-281],[[22,1,0,-279,[65],66]],[0,"a2cxGxkqJLrqjA1AFhDrzm",1,0],[5,100,39]],[64,"lipai",[-284,-285],[[30,1,1,10,-282,[5,162,40]],[76,8,350,-283]],[0,"405ZmVPL5JBrl43a25wzHP",1,0],[5,162,40],[139,0,0,0,0,0,1,1,1,1]],[42,"Background",[-287,-288],[[22,1,0,-286,[72],73]],[0,"d3qbgryPlKALbXNGdLbj7J",1,0],[5,100,39]],[16,"options",0,[-291,-292],[[21,-289],[50,0,5,10,10,120,-290]],[0,"12Zpzv8fJNR5oWu/L5DYO6",1,0],[5,400,50],[0,0,0.5],[-172,0,0,0,0,0,1,1,1,1]],[9,"WF_1",0,43,[-296,-297,-298],[[31,3,-295,[4,4292269782],-294,-293,[[15,"SSSCreatView","onRuleClicked","1",1]]]],[0,"6fyaty2cFFSpVomRYariYN",1,0],[5,170,44],[0,0.13,0.5],[15.299999999999999,0,0,0,0,0,1,1,1,1]],[9,"WF_2",0,43,[-302,-303,-304],[[11,3,false,-301,[4,4292269782],-300,-299,[[15,"SSSCreatView","onRuleClicked","2",1]]]],[0,"4flt4AIp5PhoFv0fo+YoNw",1,0],[5,122,44],[0,0.18,0.5],[194.70000000000002,0,0,0,0,0,1,1,1,1]],[16,"options",0,[11,12],[[21,-305],[50,0,5,10,10,120,-306]],[0,"01CBIQUKxHkZv/P4FKubYU",1,0],[5,400,50],[0,0,0.5],[-172,0,0,0,0,0,1,1,1,1]],[9,"MP_1",0,9,[-310,-311,-312],[[31,3,-309,[4,4292269782],-308,-307,[[15,"SSSCreatView","onMenuMenPiaoClicked","1",1]]]],[0,"b0dwSvzrpFaaX5TOFxCx6M",1,0],[5,140,44],[0,0,0.5],[0,-1.1368683772161603e-13,0,0,0,0,1,1,1,1]],[9,"MP_2",0,9,[-316,-317,-318],[[11,3,false,-315,[4,4292269782],-314,-313,[[15,"SSSCreatView","onMenuMenPiaoClicked","2",1]]]],[0,"29Jw4NoJpH4qnH1+rFjJL+",1,0],[5,140,44],[0,0,0.5],[167,-1.1368683772161603e-13,0,0,0,0,1,1,1,1]],[9,"MP_3",0,9,[-322,-323,-324],[[11,3,false,-321,[4,4292269782],-320,-319,[[15,"SSSCreatView","onMenuMenPiaoClicked","3",1]]]],[0,"9f3oC2oHVGGaiiNaCZ7RkE",1,0],[5,140,44],[0,0,0.5],[334,-1.1368683772161603e-13,0,0,0,0,1,1,1,1]],[8,"MD_2",0,13,[-328,-329,-330],[[89,true,false,-327,[4,4292269782],-326,-325,[[5,"e07e8xJ+35DubPsE/TZN9hM","onTopMenuClicked","2",1]],114]],[0,"461TuoJPZNbrMyuYWJodhG",1,0],[5,160,78],[95,0,0,0,0,0,1,1,1,1]],[8,"bottom",0,1,[-332,-333,14],[[77,0,44,20,20,-5,-331]],[0,"64zRkphutB05hqSCe8SzbS",1,0],[5,624,130],[0,-415,0,0,0,0,1,1,1,1]],[8,"bt_cjfj_ljks",0,51,[-337],[[2,-334,[117],118],[18,-336,[[19,"e07e8xJ+35DubPsE/TZN9hM","onConfirmClicked",1]],[4,4292269782],-335]],[0,"a8DddhiRNFg4mGf92QxHeD",1,0],[5,326,102],[143,0,0,0,0,0,1,1,1,1]],[65,"shadow",false,100,1,[[10,0,-338,[121],122],[78,45,100,100,-339],[41,-340,[[19,"e07e8xJ+35DubPsE/TZN9hM","hideShadow",1]]]],[0,"5bxytkZ89GmovUGbTB50L8",1,0],[4,4278190080],[5,664,950]],[8,"p13",0,2,[-344,-345,-346],[[14,false,-343,[4,4292269782],-342,-341,[[5,"e07e8xJ+35DubPsE/TZN9hM","onOptionsViewItemClicked","13",1]]]],[0,"7a8nH+/m5MW56q7TTs90cV",1,0],[5,420,50],[0,-635,0,0,0,0,1,1,1,1]],[20,"5",4,[-349,-350],[[18,-348,[[5,"e07e8xJ+35DubPsE/TZN9hM","onTimeItemClicked","60",1]],[4,4292269782],-347]],[0,"8eAWWo3lpBEZ/PTgQYPUC6",1,0],[5,100,45],[0,-22.5,0,0,0,0,1,1,1,1]],[20,"5",4,[-353,-354],[[18,-352,[[5,"e07e8xJ+35DubPsE/TZN9hM","onTimeItemClicked","70",1]],[4,4292269782],-351]],[0,"a9eJ/u0P5PO47RIl9toRtu",1,0],[5,100,45],[0,-67.5,0,0,0,0,1,1,1,1]],[20,"5",4,[-357,-358],[[18,-356,[[5,"e07e8xJ+35DubPsE/TZN9hM","onTimeItemClicked","80",1]],[4,4292269782],-355]],[0,"d0997wzItKj4DkITXwguRD",1,0],[5,100,45],[0,-112.5,0,0,0,0,1,1,1,1]],[20,"5",4,[-361,-362],[[18,-360,[[5,"e07e8xJ+35DubPsE/TZN9hM","onTimeItemClicked","90",1]],[4,4292269782],-359]],[0,"399Sftq0VHQbWDACgOiCI3",1,0],[5,100,45],[0,-157.5,0,0,0,0,1,1,1,1]],[8,"difen",0,5,[-364,6],[[37,0,40,500,-363]],[0,"5aoC1vDdhFBobIYxjKwSYg",1,0],[5,584,70],[0,-55,0,0,0,0,1,1,1,1]],[8,"panshu",0,5,[-366,3],[[37,0,40,500,-365]],[0,"40qZKDHAVKPY7m609tdwt8",1,0],[5,584,130],[0,-155,0,0,0,0,1,1,1,1]],[43,"Background",0,39,[-368],[[22,1,0,-367,[51],52]],[0,"5eCcy2TvJCUJGmhWMylZnD",1,0],[5,420,39]],[32,"time",0,5,[-369,-370,41],[0,"f6zBdil1xBNakiSkKGXbLW",1,0],[5,584,70],[0,-395,0,0,0,0,1,1,1,1]],[20,"ready",62,[-372,-373],[[30,1,1,10,-371,[5,162,40]]],[0,"faOMlQXVhEp4gNJR9ySsKb",1,0],[5,162,40],[-100,0,0,0,0,0,1,1,1,1]],[20,"New Toggle",63,[40,-375],[[18,-374,[[19,"e07e8xJ+35DubPsE/TZN9hM","onReadyTimeClicked",1]],[4,4292269782],40]],[0,"d8M26V8fZCdYrWC08AXrUN",1,0],[5,100,39],[31,0,0,0,0,0,1,1,1,1]],[20,"New Toggle",41,[42,-377],[[18,-376,[[19,"e07e8xJ+35DubPsE/TZN9hM","onLipaiTimeClicked",1]],[4,4292269782],42]],[0,"fbrFeKMkVNy70QEe4Unlma",1,0],[5,100,39],[31,0,0,0,0,0,1,1,1,1]],[8,"menpiao",0,5,[-379,9],[[37,0,40,500,-378]],[0,"b91dCaZaVHG6W5m8vOBcUb",1,0],[5,584,70],[0,-605,0,0,0,0,1,1,1,1]],[8,"MD_1",0,13,[-383,-384],[[90,true,-382,[4,4292269782],-381,-380,[[5,"e07e8xJ+35DubPsE/TZN9hM","onTopMenuClicked","1",1]],108]],[0,"ecXZKe1rVH+6pQPvJU261+",1,0],[5,160,78],[-95,0,0,0,0,0,1,1,1,1]],[43,"Background",0,67,[-386],[[2,-385,[103],104]],[0,"15Q5iUhdVIfJ2FJK0556QR",1,0],[5,196,78]],[66,"xialaTimeView",false,1,[-388,4],[[47,2,45,-387]],[0,"aaGJwuwe5GXZKf2LDWqF5r",1,0],[5,664,950]],[67,"New Button",69,[[91,-390,[[19,"e07e8xJ+35DubPsE/TZN9hM","closeTimeView",1]],[4,4294967295],[4,4294967295],-389,180,181,182,183],[79,0,45,100,40,-391]],[0,"c8MmLh1H5HRL7iawVBuJ41",1,0],[5,664,950]],[20,"5",4,[-394],[[18,-393,[[5,"e07e8xJ+35DubPsE/TZN9hM","onTimeItemClicked","100",1]],[4,4292269782],-392]],[0,"42WEyL6phCVrB4mI2Boj/k",1,0],[5,100,45],[0,-202.5,0,0,0,0,1,1,1,1]],[1,"bg_cjfj",0,1,[[2,-395,[0],1],[38,1,10,-396]],[0,"4faAhNmolEU7l0qCBVnVUS",1,0],[5,246,74],[0,428,0,0,0,0,1,1,1,1]],[1,"bg_wanfsz",0,1,[[2,-397,[2],3],[38,1,10,-398]],[0,"36x75rivdKo738D3SEl6lf",1,0],[5,248,74],[0,428,0,0,0,0,1,1,1,1]],[44,"bg",0,10,[[22,1,0,-399,[6],7],[38,1,110,-400]],[0,"248mTGJklJ5Ls/rZWLlWCN",1,0],[5,590,635],[0,0.5,1],[0,-110,0,0,0,0,1,1,1,1]],[25,"New Label",0,59,[[6,1,"底分：",26,1,1,-401,[8]],[17,0,8,23,-402]],[0,"d38AKIu5VAXpSHX6EHCY9S",1,0],[4,4279828994],[5,78,50.4],[-230,0,0,0,0,0,1,1,1,1]],[1,"Background",0,26,[[2,-403,[9],10]],[0,"0cu41b1uhHlquB18v7vfhg",1,0],[5,44,44],[22,0,0,0,0,0,1,1,1,0]],[1,"Background",0,27,[[2,-404,[13],14]],[0,"94MbvUsi1JQrJ41or1YP5v",1,0],[5,44,44],[22,0,0,0,0,0,1,1,1,0]],[1,"Background",0,28,[[2,-405,[16],17]],[0,"84ojl6+9ZK4rwN3opuTdhQ",1,0],[5,44,44],[22,0,0,0,0,0,1,1,1,0]],[1,"Background",0,29,[[2,-406,[19],20]],[0,"6bBIYuiMJE1a5VH9Ipj7Fo",1,0],[5,44,44],[22,0,0,0,0,0,1,1,1,0]],[1,"Background",0,30,[[2,-407,[22],23]],[0,"c2a5cjmUhEcpE3rV0npg8p",1,0],[5,44,44],[22,0,0,0,0,0,1,1,1,0]],[25,"New Label",0,60,[[6,1,"盘数：",26,1,1,-408,[25]],[17,0,8,23,-409]],[0,"54rmBx0xhGhLmpwY1eV9k+",1,0],[4,4279828994],[5,78,50.4],[-230,0,0,0,0,0,1,1,1,1]],[1,"Background",0,31,[[2,-410,[26],27]],[0,"fbandV7IxMOLYOXnX1BwCn",1,0],[5,44,44],[22,0,0,0,0,0,1,1,1,0]],[1,"Background",0,32,[[2,-411,[30],31]],[0,"18H+i2D0tJHK/UcQO+k9vt",1,0],[5,44,44],[22,0,0,0,0,0,1,1,1,0]],[1,"Background",0,33,[[2,-412,[33],34]],[0,"27HBVvOotJE4xUO0D4Tyij",1,0],[5,44,44],[22,0,0,0,0,0,1,1,1,0]],[1,"Background",0,34,[[2,-413,[36],37]],[0,"d0IYyKVaRNhov1wb8AaERF",1,0],[5,44,44],[22,0,0,0,0,0,1,1,1,0]],[1,"Background",0,35,[[2,-414,[39],40]],[0,"59p2ULPtFGDqD2E6O5z82e",1,0],[5,44,44],[22,0,0,0,0,0,1,1,1,0]],[1,"Background",0,36,[[2,-415,[42],43]],[0,"f6CMuMqEpF95JmixGudiAb",1,0],[5,44,44],[22,0,0,0,0,0,1,1,1,0]],[1,"Background",0,37,[[2,-416,[45],46]],[0,"d6MVjy0dBEDrVx9+DtAtHf",1,0],[5,44,44],[22,0,0,0,0,0,1,1,1,0]],[25,"New Label",0,38,[[6,1,"人数：",26,1,1,-417,[48]],[29,0,1,20,-418]],[0,"a9EYgNRVFAiYmVygEYB22n",1,0],[4,4279828994],[5,78,50.4],[-230,24.8,0,0,0,0,1,1,1,1]],[69,"New Label",0,39,[[-419,[17,0,8,12,-420]],1,4],[0,"ce+CkMSjxIEJkjA+FJMVU1",1,0],[4,4279828994],[5,37.35,50.4],[0,0,0.5],[-198,0,0,0,0,0,1,1,1,1]],[1,"Background",0,7,[[2,-421,[54],55]],[0,"2cX9V5JsRDMId4Xf7Kg3Zh",1,0],[5,44,44],[0,0,0,0,0,0,1,1,1,0]],[1,"Background",0,8,[[2,-422,[57],58]],[0,"a1ViZGWcNJuJyPmr7X8Cfm",1,0],[5,44,44],[0,0,0,0,0,0,1,1,1,0]],[25,"New Label",0,62,[[6,1,"时间：",26,1,1,-423,[60]],[29,0,1,10,-424]],[0,"e23lu0WQlPY58NPl9KQizF",1,0],[4,4279828994],[5,78,50.4],[-230,-0.1999999999999993,0,0,0,0,1,1,1,1]],[33,"New Label",64,[[24,"10",24,1,-425,[67]],[17,0,8,21.15,-426]],[0,"e6fAQ4taFBjYvO0vBVPcYI",1,0],[4,4279828994],[5,26.7,50.4],[-15.500000000000002,0,0,0,0,0,1,1,1,1]],[33,"New Label",65,[[24,"60",24,1,-427,[74]],[17,0,8,21.15,-428]],[0,"1dX9+hQLFM4p3dZjVrlFE7",1,0],[4,4279828994],[5,26.7,50.4],[-15.500000000000002,0,0,0,0,0,1,1,1,1]],[32,"wanfa",0,5,[-429,43],[0,"f041BzT+lBbaD9FGrXFrvi",1,0],[5,584,70],[0,-465,0,0,0,0,1,1,1,1]],[25,"New Label",0,96,[[6,1,"玩法：",26,1,1,-430,[75]],[29,0,1,15,-431]],[0,"40JIiRSiFDuZ6Zina5iW5n",1,0],[4,4279828994],[5,78,50.4],[-230,-5.199999999999999,0,0,0,0,1,1,1,1]],[1,"Background",0,44,[[2,-432,[76],77]],[0,"a46j9xiY1PiqszAybcUjce",1,0],[5,44,44],[0,0,0,0,0,0,1,1,1,0]],[1,"Background",0,45,[[2,-433,[80],81]],[0,"0dpve/Ne1MP6MezgNu5lcx",1,0],[5,44,44],[0,0,0,0,0,0,1,1,1,0]],[32,"banker",0,5,[-434,46],[0,"25hwAQvGBA/aG6FTBtnF4Y",1,0],[5,584,70],[0,-535,0,0,0,0,1,1,1,1]],[68,"New Label",false,0,100,[[54,"玩法：",24,1,1,-435],[80,1,20,{},-436]],[0,"7f60CGscBPlpeT5BQSLaTw",1,0],[4,4285551696],[5,72,40],[-230,30,0,0,0,0,1,1,1,1]],[1,"Background",0,11,[[2,-437,[83],84]],[0,"3exbdD0cFHLINAEDfjk8ps",1,0],[5,44,44],[0,0,0,0,0,0,1,1,1,0]],[1,"Background",0,12,[[2,-438,[87],88]],[0,"ffXy8Q2z9MGJEQlQSekVkr",1,0],[5,44,44],[0,0,0,0,0,0,1,1,1,0]],[25,"New Label",0,66,[[6,1,"门票：",26,1,1,-439,[90]],[17,0,8,23,-440]],[0,"a6yq/uNf1Oq5xVYn+KnVyA",1,0],[4,4279828994],[5,78,50.4],[-230,0,0,0,0,0,1,1,1,1]],[1,"Background",0,47,[[2,-441,[91],92]],[0,"65NAY7H4ZK44Rhoi34AN/E",1,0],[5,44,44],[22,0,0,0,0,0,1,1,1,0]],[1,"Background",0,48,[[2,-442,[95],96]],[0,"fb+4vNxD5N5o085Ntum1f5",1,0],[5,44,44],[22,0,0,0,0,0,1,1,1,0]],[1,"Background",0,49,[[2,-443,[98],99]],[0,"d6LkKYGK1Ifp3iRabWZFpO",1,0],[5,44,44],[22,0,0,0,0,0,1,1,1,0]],[71,"checkmark",0,67,[-445],[-444],[0,"1apshYEg9Ncp2zJ17kgQEf",1,0],[5,196,95],[-0.5,-10,0,0,0,0,1,1,1,1]],[34,"Background",0,50,[[2,-446,[109],110]],[0,"0asIv2uJxLzKWyAJqWR5kC",1,0],[5,196,78]],[70,"New Label",0,10,[[-447,[29,0,1,-2,-448]],1,4],[0,"cfIPnq3JhEHIA6DGvgCD6s",1,0],[4,4292855232],[5,288,37.8],[0,-16.9,0,0,0,0,1,1,1,1]],[1,"bt_wfsz_ljsz",0,51,[[2,-449,[119],120],[92,1.1,3,-450,[[19,"e07e8xJ+35DubPsE/TZN9hM","onConfirmSetClicked",1]],[4,4292269782]]],[0,"a174zFrARAbJI8rtFA5kpV",1,0],[5,288,88],[143,0,0,0,0,0,1,1,1,0]],[34,"Background",0,14,[[82,-451]],[0,"2dEv/yrqxGCaKUFo0A4oS2",1,0],[5,44,44]],[1,"Background",0,15,[[2,-452,[123],124]],[0,"e5LtAD6NBGj7Orsdov1bvs",1,0],[5,44,44],[-174,2,0,0,0,0,1,1,1,1]],[1,"line",0,15,[[10,0,-453,[127],128],[12,0,4,-0.5,-454]],[0,"e18klSxnRHU5adVAmhycH6",1,0],[5,390,1],[0,-25,0,0,0,0,1,1,1,1]],[1,"Background",0,16,[[2,-455,[129],130]],[0,"d9ekkCMLJH2r0E44IXeKiA",1,0],[5,44,44],[-174,2,0,0,0,0,1,1,1,1]],[1,"line",0,16,[[10,0,-456,[133],134],[12,0,4,-0.5,-457]],[0,"7f8WwLwjBHDIrEh/NNnmdg",1,0],[5,390,1],[0,-25,0,0,0,0,1,1,1,1]],[1,"Background",0,17,[[2,-458,[135],136]],[0,"e075rDlLFBioDpCSdb+A6N",1,0],[5,44,44],[-174,2,0,0,0,0,1,1,1,1]],[1,"line",0,17,[[10,0,-459,[138],139],[12,0,4,-1,-460]],[0,"39z78Bew5K6L7duKpCbOnN",1,0],[5,390,1],[0,-25.5,0,0,0,0,1,1,1,1]],[1,"Background",0,18,[[2,-461,[140],141]],[0,"c2qal4qHpPqL9tlvan5S9b",1,0],[5,44,44],[-174,2,0,0,0,0,1,1,1,1]],[1,"line",0,18,[[10,0,-462,[143],144],[12,0,4,-1,-463]],[0,"77WVZFgmxNVokNhJnBmIMb",1,0],[5,390,1],[0,-25.5,0,0,0,0,1,1,1,1]],[1,"Background",0,19,[[2,-464,[145],146]],[0,"9caE8y539N1ZPOVZ/iqw20",1,0],[5,44,44],[-174,2,0,0,0,0,1,1,1,1]],[1,"line",0,19,[[10,0,-465,[148],149],[12,0,4,-1,-466]],[0,"62v4/enw9CEZizns7LBZde",1,0],[5,390,1],[0,-25.5,0,0,0,0,1,1,1,1]],[1,"Background",0,20,[[2,-467,[150],151]],[0,"eelO/LDshLoo/HtttFTSGV",1,0],[5,44,44],[-174,2,0,0,0,0,1,1,1,1]],[1,"line",0,20,[[10,0,-468,[153],154],[12,0,4,-1,-469]],[0,"2dkuBhtIBMxYsRS+81NkbU",1,0],[5,390,1],[0,-25.5,0,0,0,0,1,1,1,1]],[1,"Background",0,21,[[2,-470,[155],156]],[0,"1feQIeRGZAR6gY/hfbKI/y",1,0],[5,44,44],[-174,2,0,0,0,0,1,1,1,1]],[1,"line",0,21,[[10,0,-471,[158],159],[12,0,4,-1,-472]],[0,"526Y+d3TNE97Y/Bxjihygl",1,0],[5,390,1],[0,-25.5,0,0,0,0,1,1,1,1]],[1,"Background",0,22,[[2,-473,[160],161]],[0,"7brSWd1b1PT6AN1fYpaqyq",1,0],[5,44,44],[-174,2,0,0,0,0,1,1,1,1]],[1,"line",0,22,[[10,0,-474,[163],164],[12,0,4,-1,-475]],[0,"6b82l3DNBMnIYMPcUP5pmp",1,0],[5,390,1],[0,-25.5,0,0,0,0,1,1,1,1]],[1,"Background",0,23,[[2,-476,[165],166]],[0,"6couEq2/tOXokNVTXk3aav",1,0],[5,44,44],[-174,2,0,0,0,0,1,1,1,1]],[1,"line",0,23,[[10,0,-477,[168],169],[12,0,4,-1,-478]],[0,"5bQK/7pJ9L6Z5Vh0bH5sWE",1,0],[5,390,1],[0,-25.5,0,0,0,0,1,1,1,1]],[1,"Background",0,24,[[2,-479,[170],171]],[0,"feIJtNYahIr5tRCH2t2XKG",1,0],[5,44,44],[-174,2,0,0,0,0,1,1,1,1]],[1,"line",0,24,[[10,0,-480,[173],174],[12,0,4,-1,-481]],[0,"36fMDvLYNBDaSMwCF+hT0z",1,0],[5,390,1],[0,-25.5,0,0,0,0,1,1,1,1]],[1,"Background",0,54,[[2,-482,[175],176]],[0,"9fNz7HtqJAjZBtUkisqzzh",1,0],[5,44,44],[-174,2,0,0,0,0,1,1,1,1]],[26,"line",55,[[10,0,-483,[185],186],[36,0,44,-1,390,-484]],[0,"efO+iyOHlB9qv1dt6C/orL",1,0],[5,100,1],[0,-23,0,0,0,0,1,1,1,1]],[26,"line",56,[[10,0,-485,[188],189],[36,0,44,-1,390,-486]],[0,"eaK+yvg99L5oTQj0zF0y2Z",1,0],[5,100,1],[0,-23,0,0,0,0,1,1,1,1]],[26,"line",57,[[10,0,-487,[191],192],[36,0,44,-1,390,-488]],[0,"20X0FvG5NHyrfW2gWiaBKt",1,0],[5,100,1],[0,-23,0,0,0,0,1,1,1,1]],[26,"line",58,[[10,0,-489,[194],195],[36,0,44,-1,390,-490]],[0,"a6FRD/sIFDcLDV5s9ibuNW",1,0],[5,100,1],[0,-23,0,0,0,0,1,1,1,1]],[35,"checkmark",0,26,[-491],[0,"4dfihaKEdKZ4R+kaadiS+e",1,0],[5,34,34],[22,0,0,0,0,0,1,1,1,1]],[23,2,false,138,[11]],[3,"New Label",0,26,[[6,1,"1",26,1,1,-492,[12]]],[0,"f7kyEEXGlBH7EJCfQ8XJO+",1,0],[4,4279828994],[5,14.46,50.4],[0,0,0.5],[50,0,0,0,0,0,1,1,1,1]],[7,"checkmark",false,0,27,[-493],[0,"0ebsU21ZhHdIB4FS0AdG+w",1,0],[5,34,34],[22,0,0,0,0,0,1,1,1,1]],[4,2,false,141],[3,"New Label",0,27,[[6,1,"2",26,1,1,-494,[15]]],[0,"ecoNLlTJhEyohEj/d1uVfg",1,0],[4,4279828994],[5,14.46,50.4],[0,0,0.5],[50,0,0,0,0,0,1,1,1,1]],[7,"checkmark",false,0,28,[-495],[0,"04kYIHIGJN96h2+YGm36xm",1,0],[5,34,34],[22,0,0,0,0,0,1,1,1,1]],[4,2,false,144],[3,"New Label",0,28,[[6,1,"3",26,1,1,-496,[18]]],[0,"0d9YBEywxAELBoTEct6p+y",1,0],[4,4279828994],[5,14.46,50.4],[0,0,0.5],[50,0,0,0,0,0,1,1,1,1]],[7,"checkmark",false,0,29,[-497],[0,"82X1pXTeBMA5LSmyTq5NU6",1,0],[5,34,34],[22,0,0,0,0,0,1,1,1,1]],[4,2,false,147],[3,"New Label",0,29,[[6,1,"4",26,1,1,-498,[21]]],[0,"c2d943YXROyr84I26K+zsM",1,0],[4,4279828994],[5,14.46,50.4],[0,0,0.5],[50,0,0,0,0,0,1,1,1,1]],[7,"checkmark",false,0,30,[-499],[0,"84g7Jv1vhJZ49sIvRmKwP7",1,0],[5,34,34],[22,0,0,0,0,0,1,1,1,1]],[4,2,false,150],[3,"New Label",0,30,[[6,1,"5",26,1,1,-500,[24]]],[0,"8cEtfvHCtDIqq8bp1oIznF",1,0],[4,4279828994],[5,14.46,50.4],[0,0,0.5],[50,0,0,0,0,0,1,1,1,1]],[35,"checkmark",0,31,[-501],[0,"e4kmKCdHdK4LOXtZcgnr0d",1,0],[5,34,34],[22,0,0,0,0,0,1,1,1,1]],[23,2,false,153,[28]],[3,"New Label",0,31,[[6,1,"5盘",25,1,1,-502,[29]]],[0,"aeDCanBjpEK7T6e/4qo3n2",1,0],[4,4279828994],[5,38.9,50.4],[0,0,0.5],[50,0,0,0,0,0,1,1,1,1]],[7,"checkmark",false,0,32,[-503],[0,"cebXP8VDtE3a1GyN8psemJ",1,0],[5,34,34],[22,0,0,0,0,0,1,1,1,1]],[4,2,false,156],[3,"New Label",0,32,[[6,1,"5盘",25,1,1,-504,[32]]],[0,"23VzEnYwFEMIHmRId30o/D",1,0],[4,4279828994],[5,38.9,50.4],[0,0,0.5],[50,0,0,0,0,0,1,1,1,1]],[7,"checkmark",false,0,33,[-505],[0,"3cHNlUo05ECrDQHbyGS1he",1,0],[5,34,34],[22,0,0,0,0,0,1,1,1,1]],[4,2,false,159],[3,"New Label",0,33,[[6,1,"5盘",25,1,1,-506,[35]]],[0,"39IM3bwhJDArsh0WkIcUrj",1,0],[4,4279828994],[5,38.9,50.4],[0,0,0.5],[50,0,0,0,0,0,1,1,1,1]],[7,"checkmark",false,0,34,[-507],[0,"af4k3FLepBjKSPgAOUaOEH",1,0],[5,34,34],[22,0,0,0,0,0,1,1,1,1]],[4,2,false,162],[3,"New Label",0,34,[[6,1,"5盘",25,1,1,-508,[38]]],[0,"70wbFFI4BLqI2lOmcFBqqN",1,0],[4,4279828994],[5,38.9,50.4],[0,0,0.5],[50,0,0,0,0,0,1,1,1,1]],[7,"checkmark",false,0,35,[-509],[0,"1aDS+cvDtEA7xsDXxZf/kz",1,0],[5,34,34],[22,0,0,0,0,0,1,1,1,1]],[4,2,false,165],[3,"New Label",0,35,[[6,1,"5盘",25,1,1,-510,[41]]],[0,"b9W2qWWzdE17W7ON8c4Dz1",1,0],[4,4279828994],[5,38.9,50.4],[0,0,0.5],[50,0,0,0,0,0,1,1,1,1]],[7,"checkmark",false,0,36,[-511],[0,"a2LYjEXldKxJuXT4z/+WWQ",1,0],[5,34,34],[22,0,0,0,0,0,1,1,1,1]],[4,2,false,168],[3,"New Label",0,36,[[6,1,"5盘",25,1,1,-512,[44]]],[0,"e73ttdEahBa70iqj72HuXM",1,0],[4,4279828994],[5,38.9,50.4],[0,0,0.5],[50,0,0,0,0,0,1,1,1,1]],[7,"checkmark",false,0,37,[-513],[0,"5eugclXolETqQ7qaL5ynMQ",1,0],[5,34,34],[22,0,0,0,0,0,1,1,1,1]],[4,2,false,171],[3,"New Label",0,37,[[6,1,"5盘",25,1,1,-514,[47]]],[0,"feDqQVIq1Dc6sHvCd7HT03",1,0],[4,4279828994],[5,38.9,50.4],[0,0,0.5],[50,0,0,0,0,0,1,1,1,1]],[1,"icn",0,61,[[2,-515,[49],50]],[0,"aa3CIvT+pOap/a7mmHakPs",1,0],[5,21,10],[174,0,0,0,0,0,1,1,1,1]],[7,"checkmark",false,0,39,[-516],[0,"20nzruAidD2IrHoQ/An4FB",1,0],[5,21,10],[174,0,0,0,0,0,1,1,1,1]],[4,2,false,175],[13,1,"4人",24,1,90,[53]],[28,"checkmark",false,0,7,[-517],[0,"2ccMFzEdJFxpf+Y4VW4BWY",1,0],[5,44,43]],[4,2,false,178],[3,"New Label",0,7,[[6,1,"首局人满开始",24,1,1,-518,[56]]],[0,"29hUSxCERFs4KfkWPFbjif",1,0],[4,4279828994],[5,144,50.4],[0,0,0.5],[28,0,0,0,0,0,1,1,1,1]],[28,"checkmark",false,0,8,[-519],[0,"41ku0q+MFB6re7a0khaXvD",1,0],[5,44,43]],[4,2,false,181],[3,"New Label",0,8,[[6,1,"每局人满开始",24,1,1,-520,[59]]],[0,"06ilvGOclLLo5Qb02Z9bi0",1,0],[4,4279828994],[5,144,50.4],[0,0,0.5],[28,0,0,0,0,0,1,1,1,1]],[33,"New Label",63,[[55,"准备",26,1,1,-521,[61]]],[0,"a3JLY1kpZHCYfFM0kQ3p4m",1,0],[4,4279828994],[5,52,50.4],[-55,0,0,0,0,0,1,1,1,1]],[45,"checkmark",false,40,[[51,2,false,-522,62]],[0,"35xiJPpy5MzoSSx9N7o06I",1,0],[5,21,10],[27,0,0,0,0,0,1,1,1,1]],[26,"icn",40,[[2,-523,[63],64]],[0,"27lZ3HDk5MQbt4seLNH6Me",1,0],[5,21,10],[27,0,0,0,0,0,1,1,1,1]],[33,"New Label",41,[[55,"理牌",26,1,1,-524,[68]]],[0,"e0+/oNcYxDDrK4USF5tBQb",1,0],[4,4279828994],[5,52,50.4],[-55,0,0,0,0,0,1,1,1,1]],[45,"checkmark",false,42,[[51,2,false,-525,69]],[0,"f5mpbTbylHXa0/qp0keg64",1,0],[5,21,10],[27,0,0,0,0,0,1,1,1,1]],[26,"icn",42,[[2,-526,[70],71]],[0,"17E7rK1HpILYkh8ItuL521",1,0],[5,21,10],[27,0,0,0,0,0,1,1,1,1]],[46,"checkmark",0,44,[-527],[0,"bcFMgxD7BD/6uYJRGE7xtX",1,0],[5,34,34]],[23,2,false,190,[78]],[3,"New Label",0,44,[[93,1,"经典",26,1,3,-528,[79]]],[0,"a7bJ1oCJZEwJXdRb8OMmwU",1,0],[4,4279828994],[5,120,50.4],[0,0,0.5],[28,0,0,0,0,0,1,1,1,1]],[28,"checkmark",false,0,45,[-529],[0,"f4m8EgZutEP7QNsF3J+OQm",1,0],[5,40,40]],[4,2,false,193],[72,"New Label",0,45,[-530],[0,"8d9Kar31hIS4mo+Us5l4aJ",1,0],[4,4279828994],[5,78,50.4],[0,0,0.5],[28,0,0,0,0,0,1,1,1,1]],[6,1,"纯一色",26,1,1,195,[82]],[46,"checkmark",0,11,[-531],[0,"5cVILBLCFFw4ROTQ5NgbSY",1,0],[5,34,34]],[23,2,false,197,[85]],[3,"New Label",0,11,[[6,1,"通比玩法",26,1,1,-532,[86]]],[0,"49tjONZ4dJNqNATc7Alunq",1,0],[4,4279828994],[5,104,50.4],[0,0,0.5],[28,0,0,0,0,0,1,1,1,1]],[28,"checkmark",false,0,12,[-533],[0,"05yvY7eA1PGqJ4BtJk9+0y",1,0],[5,40,40]],[4,2,false,200],[3,"New Label",0,12,[[6,1,"庄闲玩法",26,1,1,-534,[89]]],[0,"4d641TvshOqqyXzp8kkTAW",1,0],[4,4279828994],[5,104,50.4],[0,0,0.5],[28,0,0,0,0,0,1,1,1,1]],[35,"checkmark",0,47,[-535],[0,"3b8jIowMNJEYEi3V2JYww0",1,0],[5,34,34],[22,0,0,0,0,0,1,1,1,1]],[23,2,false,203,[93]],[3,"New Label",0,47,[[6,1,"房主付",26,1,1,-536,[94]]],[0,"a6PHSyna5OHqD15DOpM1Ib",1,0],[4,4279828994],[5,78,50.4],[0,0,0.5],[50,0,0,0,0,0,1,1,1,1]],[7,"checkmark",false,0,48,[-537],[0,"2d+zr8Re5Bsa+7op6/dWVz",1,0],[5,34,34],[22,0,0,0,0,0,1,1,1,1]],[4,2,false,206],[3,"New Label",0,48,[[6,1,"AA付",26,1,1,-538,[97]]],[0,"34ZquVtOlHBaWMMswNlJhj",1,0],[4,4279828994],[5,60.68,50.4],[0,0,0.5],[50,0,0,0,0,0,1,1,1,1]],[7,"checkmark",false,0,49,[-539],[0,"3biS1VDCdPCbepLxSFh3XR",1,0],[5,34,34],[22,0,0,0,0,0,1,1,1,1]],[4,2,false,209],[3,"New Label",0,49,[[6,1,"大赢家",26,1,1,-540,[100]]],[0,"7247IJyYlGka27TqwA7BPh",1,0],[4,4279828994],[5,78,50.4],[0,0,0.5],[50,0,0,0,0,0,1,1,1,1]],[34,"bt_cjfj_lzms",0,68,[[2,-541,[101],102]],[0,"4dDxbs269E8oEkAC9B4JfL",1,0],[5,147,40]],[1,"bt_cjfj_jdms_1",0,108,[[2,-542,[105],106]],[0,"f2NWFwaFtIQowhwGpu10NY",1,0],[5,147,40],[0,10,0,0,0,0,1,1,1,1]],[52,108,[107]],[7,"checkmark",false,0,50,[-543],[0,"0fxHO36fVMvZ5fbz9H2Fi2",1,0],[5,196,95],[0.5,-10,0,0,0,0,1,1,1,1]],[52,215,[111]],[34,"bt_cjfj_gpms",0,50,[[2,-544,[112],113]],[0,"46aUCC3S1JNLSbPEz5/Clb",1,0],[5,146,40]],[94,1,"经典玩法，游戏中不带鬼牌",24,30,1,1,110,[115]],[73,"New Label",0,52,[-545],[0,"a6S1pUFhZOybHAPMcJt0nc",1,0],[4,4278198392],[5,174.78,50.4],[0,-25,0,0,0,0,1,1,1,1]],[6,1,"房主付(门票x2)",26,1,1,219,[116]],[28,"checkmark",false,0,14,[-546],[0,"12UeBgNuBC37svPsorPr95",1,0],[5,44,43]],[4,2,false,221],[44,"New Label",0,14,[[54,"仅好友可加入",26,1,1,-547]],[0,"e2n2k0RtJGeqGptHjQoSqv",1,0],[5,156,40],[0,0,0.5],[28,0,0,0,0,0,1,1,1,1]],[7,"checkmark",false,0,15,[-548],[0,"4aBc2q/otEYoNtM10VvD94",1,0],[5,34,34],[-174,2,0,0,0,0,1,1,1,1]],[23,2,false,224,[125]],[3,"title",0,15,[[13,1,"3人",24,1,-549,[126]]],[0,"77pdavJRRPv5fSiif2TOSN",1,0],[4,4278255884],[5,37.35,50.4],[0,0,0.5],[-149,2,0,0,0,0,1,1,1,1]],[35,"checkmark",0,16,[-550],[0,"f0lJ+xom1JP6JF/42UFrfh",1,0],[5,34,34],[-174,2,0,0,0,0,1,1,1,1]],[23,2,false,227,[131]],[3,"title",0,16,[[13,1,"4人",24,1,-551,[132]]],[0,"bfv8Szl6FLHo833/Ai7wi2",1,0],[4,4278255884],[5,37.35,50.4],[0,0,0.5],[-149,2,0,0,0,0,1,1,1,1]],[7,"checkmark",false,0,17,[-552],[0,"7dxE3tpkpNOpqWaTrUwj/v",1,0],[5,40,40],[-174,2,0,0,0,0,1,1,1,1]],[4,2,false,230],[3,"title",0,17,[[13,1,"5人",24,1,-553,[137]]],[0,"c087GI4plOqodF4kV9Uoue",1,0],[4,4278255884],[5,37.35,50.4],[0,0,0.5],[-149,2,0,0,0,0,1,1,1,1]],[7,"checkmark",false,0,18,[-554],[0,"6c6E9i2etC87cUx4bxeNMF",1,0],[5,40,40],[-174,2,0,0,0,0,1,1,1,1]],[4,2,false,233],[3,"title",0,18,[[13,1,"6人",24,1,-555,[142]]],[0,"e8Ng5o375KJZhQGpCLGPru",1,0],[4,4278255884],[5,37.35,50.4],[0,0,0.5],[-149,2,0,0,0,0,1,1,1,1]],[7,"checkmark",false,0,19,[-556],[0,"161egyri5EGbehUPxn79m9",1,0],[5,40,40],[-174,2,0,0,0,0,1,1,1,1]],[4,2,false,236],[3,"title",0,19,[[13,1,"7人",24,1,-557,[147]]],[0,"f1uL1c4N5NSYm+VQpCv0pW",1,0],[4,4278255884],[5,37.35,50.4],[0,0,0.5],[-149,2,0,0,0,0,1,1,1,1]],[7,"checkmark",false,0,20,[-558],[0,"06MojXMsdK/Y5ooss1DmOU",1,0],[5,40,40],[-174,2,0,0,0,0,1,1,1,1]],[4,2,false,239],[3,"title",0,20,[[13,1,"8人",24,1,-559,[152]]],[0,"4f3K3RPdlJmq+dnEcSvLas",1,0],[4,4278255884],[5,37.35,50.4],[0,0,0.5],[-149,2,0,0,0,0,1,1,1,1]],[7,"checkmark",false,0,21,[-560],[0,"21rDJ6oJRPcbOy3+FgIqNu",1,0],[5,40,40],[-174,2,0,0,0,0,1,1,1,1]],[4,2,false,242],[3,"title",0,21,[[13,1,"9人",24,1,-561,[157]]],[0,"3cjFGPEZdBYLP3O8Q4AJs3",1,0],[4,4278255884],[5,37.35,50.4],[0,0,0.5],[-149,2,0,0,0,0,1,1,1,1]],[7,"checkmark",false,0,22,[-562],[0,"edqmDRHytAhYXIEh7FNz4r",1,0],[5,40,40],[-174,2,0,0,0,0,1,1,1,1]],[4,2,false,245],[3,"title",0,22,[[13,1,"10人",24,1,-563,[162]]],[0,"f6gvsbW1VDXKDtaxeFwOVa",1,0],[4,4278255884],[5,50.7,50.4],[0,0,0.5],[-149,2,0,0,0,0,1,1,1,1]],[7,"checkmark",false,0,23,[-564],[0,"bb4eTCdaJH1YIP1MHCn2D3",1,0],[5,40,40],[-174,2,0,0,0,0,1,1,1,1]],[4,2,false,248],[3,"title",0,23,[[13,1,"11人",24,1,-565,[167]]],[0,"67ev96xV9BdIN5w81jzOAR",1,0],[4,4278255884],[5,48.91,50.4],[0,0,0.5],[-149,2,0,0,0,0,1,1,1,1]],[7,"checkmark",false,0,24,[-566],[0,"c3awSuxWdFlKbVHsRCxOe1",1,0],[5,40,40],[-174,2,0,0,0,0,1,1,1,1]],[4,2,false,251],[3,"title",0,24,[[13,1,"12人",24,1,-567,[172]]],[0,"0dvEhWbJ5ARp9TrUkjtncN",1,0],[4,4278255884],[5,50.7,50.4],[0,0,0.5],[-149,2,0,0,0,0,1,1,1,1]],[7,"checkmark",false,0,54,[-568],[0,"d7yK424sJOdKiC2uWxTWBe",1,0],[5,40,40],[-174,2,0,0,0,0,1,1,1,1]],[4,2,false,254],[3,"title",0,54,[[13,1,"13人",24,1,-569,[177]]],[0,"4aiiS754hN2p4kiMAQJamg",1,0],[4,4278255884],[5,50.7,50.4],[0,0,0.5],[-149,2,0,0,0,0,1,1,1,1]],[27,"title",55,[[24,"60",24,1,-570,[184]]],[0,"f2G6RN7fVKpL6/xS0mSwKd",1,0],[4,4278255884],[5,26.7,50.4]],[27,"title",56,[[24,"70",24,1,-571,[187]]],[0,"3dRLB6fEJPYLNKJ1rsVdkU",1,0],[4,4278255884],[5,26.7,50.4]],[27,"title",57,[[24,"80",24,1,-572,[190]]],[0,"87Ev+P7eJB/ZlmrdKETq1P",1,0],[4,4278255884],[5,26.7,50.4]],[27,"title",58,[[24,"90",24,1,-573,[193]]],[0,"c5c46vX4hD/4o3vpDfefaS",1,0],[4,4278255884],[5,26.7,50.4]],[27,"title",71,[[24,"100",24,1,-574,[196]]],[0,"36DGwPSxlO8r9JWLx9e5j/",1,0],[4,4278255884],[5,40.04,50.4]]],0,[0,7,1,0,0,1,0,8,53,0,9,4,0,10,220,0,11,177,0,12,196,0,13,218,0,0,1,0,0,1,0,-1,72,0,-2,73,0,-3,25,0,-4,10,0,-5,51,0,-6,53,0,-7,2,0,-8,69,0,0,2,0,0,2,0,0,2,0,0,2,0,0,2,0,-1,15,0,-2,16,0,-3,17,0,-4,18,0,-5,19,0,-6,20,0,-7,21,0,-8,22,0,-9,23,0,-10,24,0,-11,54,0,0,3,0,0,3,0,0,3,0,-1,31,0,-2,32,0,-3,33,0,-4,34,0,-5,35,0,-6,36,0,-7,37,0,0,4,0,0,4,0,0,4,0,0,4,0,-1,55,0,-2,56,0,-3,57,0,-4,58,0,-5,71,0,0,5,0,0,5,0,-1,59,0,-2,60,0,-3,38,0,-4,62,0,-5,96,0,-6,100,0,-7,66,0,0,6,0,0,6,0,0,6,0,-1,26,0,-2,27,0,-3,28,0,-4,29,0,-5,30,0,3,179,0,2,91,0,0,7,0,0,7,0,0,7,0,0,7,0,-1,91,0,-2,178,0,-3,180,0,3,182,0,2,92,0,0,8,0,0,8,0,0,8,0,0,8,0,-1,92,0,-2,181,0,-3,183,0,0,9,0,0,9,0,0,9,0,-1,47,0,-2,48,0,-3,49,0,0,10,0,-1,74,0,-3,13,0,-4,110,0,3,198,0,2,102,0,0,11,0,0,11,0,-1,102,0,-2,197,0,-3,199,0,3,201,0,2,103,0,0,12,0,0,12,0,-1,103,0,-2,200,0,-3,202,0,0,13,0,0,13,0,0,13,0,-1,67,0,-2,50,0,3,222,0,2,112,0,0,14,0,0,14,0,-1,112,0,-2,221,0,-3,223,0,3,225,0,2,113,0,0,15,0,-1,113,0,-2,224,0,-3,226,0,-4,114,0,3,228,0,2,115,0,0,16,0,-1,115,0,-2,227,0,-3,229,0,-4,116,0,3,231,0,2,117,0,0,17,0,-1,117,0,-2,230,0,-3,232,0,-4,118,0,3,234,0,2,119,0,0,18,0,-1,119,0,-2,233,0,-3,235,0,-4,120,0,3,237,0,2,121,0,0,19,0,-1,121,0,-2,236,0,-3,238,0,-4,122,0,3,240,0,2,123,0,0,20,0,-1,123,0,-2,239,0,-3,241,0,-4,124,0,3,243,0,2,125,0,0,21,0,-1,125,0,-2,242,0,-3,244,0,-4,126,0,3,246,0,2,127,0,0,22,0,-1,127,0,-2,245,0,-3,247,0,-4,128,0,3,249,0,2,129,0,0,23,0,-1,129,0,-2,248,0,-3,250,0,-4,130,0,3,252,0,2,131,0,0,24,0,-1,131,0,-2,251,0,-3,253,0,-4,132,0,0,25,0,0,25,0,2,25,0,0,25,0,3,139,0,2,76,0,0,26,0,-1,76,0,-2,138,0,-3,140,0,3,142,0,2,77,0,0,27,0,-1,77,0,-2,141,0,-3,143,0,3,145,0,2,78,0,0,28,0,-1,78,0,-2,144,0,-3,146,0,3,148,0,2,79,0,0,29,0,-1,79,0,-2,147,0,-3,149,0,3,151,0,2,80,0,0,30,0,-1,80,0,-2,150,0,-3,152,0,3,154,0,2,82,0,0,31,0,-1,82,0,-2,153,0,-3,155,0,3,157,0,2,83,0,0,32,0,-1,83,0,-2,156,0,-3,158,0,3,160,0,2,84,0,0,33,0,-1,84,0,-2,159,0,-3,161,0,3,163,0,2,85,0,0,34,0,-1,85,0,-2,162,0,-3,164,0,3,166,0,2,86,0,0,35,0,-1,86,0,-2,165,0,-3,167,0,3,169,0,2,87,0,0,36,0,-1,87,0,-2,168,0,-3,170,0,3,172,0,2,88,0,0,37,0,-1,88,0,-2,171,0,-3,173,0,-1,89,0,-2,39,0,3,176,0,2,61,0,0,39,0,-1,61,0,-2,175,0,-3,90,0,0,40,0,-1,185,0,-2,186,0,0,41,0,0,41,0,-1,187,0,-2,65,0,0,42,0,-1,188,0,-2,189,0,0,43,0,0,43,0,-1,44,0,-2,45,0,3,191,0,2,98,0,0,44,0,-1,98,0,-2,190,0,-3,192,0,3,194,0,2,99,0,0,45,0,-1,99,0,-2,193,0,-3,195,0,0,46,0,0,46,0,3,204,0,2,105,0,0,47,0,-1,105,0,-2,203,0,-3,205,0,3,207,0,2,106,0,0,48,0,-1,106,0,-2,206,0,-3,208,0,3,210,0,2,107,0,0,49,0,-1,107,0,-2,209,0,-3,211,0,3,216,0,2,109,0,0,50,0,-1,109,0,-2,215,0,-3,217,0,0,51,0,-1,52,0,-2,111,0,0,52,0,2,52,0,0,52,0,-1,219,0,0,53,0,0,53,0,0,53,0,3,255,0,2,133,0,0,54,0,-1,133,0,-2,254,0,-3,256,0,2,55,0,0,55,0,-1,257,0,-2,134,0,2,56,0,0,56,0,-1,258,0,-2,135,0,2,57,0,0,57,0,-1,259,0,-2,136,0,2,58,0,0,58,0,-1,260,0,-2,137,0,0,59,0,-1,75,0,0,60,0,-1,81,0,0,61,0,-1,174,0,-1,93,0,-2,63,0,0,63,0,-1,184,0,-2,64,0,0,64,0,-2,94,0,0,65,0,-2,95,0,0,66,0,-1,104,0,3,214,0,2,68,0,0,67,0,-1,68,0,-2,108,0,0,68,0,-1,212,0,0,69,0,-1,70,0,2,70,0,0,70,0,0,70,0,2,71,0,0,71,0,-1,261,0,0,72,0,0,72,0,0,73,0,0,73,0,0,74,0,0,74,0,0,75,0,0,75,0,0,76,0,0,77,0,0,78,0,0,79,0,0,80,0,0,81,0,0,81,0,0,82,0,0,83,0,0,84,0,0,85,0,0,86,0,0,87,0,0,88,0,0,89,0,0,89,0,-1,177,0,0,90,0,0,91,0,0,92,0,0,93,0,0,93,0,0,94,0,0,94,0,0,95,0,0,95,0,-1,97,0,0,97,0,0,97,0,0,98,0,0,99,0,-1,101,0,0,101,0,0,101,0,0,102,0,0,103,0,0,104,0,0,104,0,0,105,0,0,106,0,0,107,0,-1,214,0,-1,213,0,0,109,0,-1,218,0,0,110,0,0,111,0,0,111,0,0,112,0,0,113,0,0,114,0,0,114,0,0,115,0,0,116,0,0,116,0,0,117,0,0,118,0,0,118,0,0,119,0,0,120,0,0,120,0,0,121,0,0,122,0,0,122,0,0,123,0,0,124,0,0,124,0,0,125,0,0,126,0,0,126,0,0,127,0,0,128,0,0,128,0,0,129,0,0,130,0,0,130,0,0,131,0,0,132,0,0,132,0,0,133,0,0,134,0,0,134,0,0,135,0,0,135,0,0,136,0,0,136,0,0,137,0,0,137,0,-1,139,0,0,140,0,-1,142,0,0,143,0,-1,145,0,0,146,0,-1,148,0,0,149,0,-1,151,0,0,152,0,-1,154,0,0,155,0,-1,157,0,0,158,0,-1,160,0,0,161,0,-1,163,0,0,164,0,-1,166,0,0,167,0,-1,169,0,0,170,0,-1,172,0,0,173,0,0,174,0,-1,176,0,-1,179,0,0,180,0,-1,182,0,0,183,0,0,184,0,0,185,0,0,186,0,0,187,0,0,188,0,0,189,0,-1,191,0,0,192,0,-1,194,0,-1,196,0,-1,198,0,0,199,0,-1,201,0,0,202,0,-1,204,0,0,205,0,-1,207,0,0,208,0,-1,210,0,0,211,0,0,212,0,0,213,0,-1,216,0,0,217,0,-1,220,0,-1,222,0,0,223,0,-1,225,0,0,226,0,-1,228,0,0,229,0,-1,231,0,0,232,0,-1,234,0,0,235,0,-1,237,0,0,238,0,-1,240,0,0,241,0,-1,243,0,0,244,0,-1,246,0,0,247,0,-1,249,0,0,250,0,-1,252,0,0,253,0,-1,255,0,0,256,0,0,257,0,0,258,0,0,259,0,0,260,0,0,261,0,14,1,3,4,60,4,4,69,5,4,10,6,4,59,7,4,38,8,4,38,9,4,66,11,4,46,12,4,46,14,4,51,40,4,64,41,4,62,42,4,65,43,4,96,46,4,100,574],[0,0,0,0,0,0,0,0,0,0,0,0,0,0,0,0,0,0,0,0,0,0,0,0,0,0,0,0,0,0,0,0,0,0,0,0,0,0,0,0,0,0,0,0,0,0,0,0,0,0,0,0,0,0,0,0,0,0,0,0,0,0,0,0,0,0,0,0,0,0,0,0,0,0,0,0,0,0,0,0,0,0,0,0,0,0,0,0,0,0,0,0,0,0,0,0,0,0,0,0,0,0,0,0,0,0,0,0,0,0,0,0,0,0,0,0,0,0,0,0,0,0,0,0,0,0,0,0,0,0,0,0,0,0,0,0,0,0,0,0,0,0,0,0,0,0,0,0,0,0,0,0,0,0,0,0,0,0,0,0,0,0,0,0,0,0,0,0,0,0,0,0,0,0,0,0,0,0,0,0,0,0,0,0,0,0,0,0,0,0,0,0,0,0,0,0,0,0,0,0,0,139,142,145,148,151,154,157,160,163,166,169,172,176,179,182,191,194,198,201,204,207,210,214,216,225,228,231,234,237,240,243,246,249,252,255],[-1,1,-1,1,-1,1,-1,1,-1,-1,1,-1,-1,-1,1,-1,-1,1,-1,-1,1,-1,-1,1,-1,-1,-1,1,-1,-1,-1,1,-1,-1,1,-1,-1,1,-1,-1,1,-1,-1,1,-1,-1,1,-1,-1,-1,1,-1,1,-1,-1,1,-1,-1,1,-1,-1,-1,1,-1,1,-1,1,-1,-1,1,-1,1,-1,1,-1,-1,-1,1,-1,-1,-1,1,-1,-1,1,-1,-1,-1,1,-1,-1,-1,1,-1,-1,-1,1,-1,-1,1,-1,-1,1,-1,1,-1,1,-1,5,-1,1,-1,-1,1,5,-1,-1,-1,1,-1,1,-1,1,-1,1,-1,-1,-1,1,-1,1,-1,-1,-1,1,-1,1,-1,-1,1,-1,1,-1,-1,1,-1,1,-1,-1,1,-1,1,-1,-1,1,-1,1,-1,-1,1,-1,1,-1,-1,1,-1,1,-1,-1,1,-1,1,-1,-1,1,-1,1,-1,-1,1,15,16,17,18,-1,-1,1,-1,-1,1,-1,-1,1,-1,-1,1,-1,-1,1,-1,1,1,1,1,1,1,1,1,1,1,1,1,1,1,1,1,1,1,1,1,1,1,1,1,1,1,1,1,1,1,1,1,1,1,1,1],[0,13,0,14,0,15,0,16,0,0,1,0,0,0,1,0,0,1,0,0,1,0,0,1,0,0,0,1,0,0,0,1,0,0,1,0,0,1,0,0,1,0,0,1,0,0,1,0,0,0,4,0,5,0,0,7,0,0,7,0,0,0,6,0,4,0,5,0,0,6,0,4,0,5,0,0,0,1,0,0,0,1,0,0,1,0,0,0,1,0,0,0,1,0,0,0,1,0,0,1,0,0,17,0,8,0,18,0,0,0,8,0,0,19,0,0,0,0,20,0,21,0,22,0,1,0,0,0,3,0,1,0,0,0,3,0,1,0,0,3,0,1,0,0,3,0,1,0,0,3,0,1,0,0,3,0,1,0,0,3,0,1,0,0,3,0,1,0,0,3,0,1,0,0,3,0,1,0,0,23,24,9,9,25,0,0,3,0,0,3,0,0,3,0,0,3,0,0,26,0,27,2,2,2,2,2,2,2,2,2,2,2,2,6,10,10,2,2,2,2,2,2,2,11,11,2,2,2,2,2,2,2,2,2,2,2]]]]