[1,["d75ad2QlpGApp+lIPNVNO2","63oTG8C29KXbcHpdQ5ZKE9"],["spriteFrame","_textureSetter"],["cc.SpriteFrame",["cc.LabelAtlas",["_name","fontSize","_fntConfig"],0]],[[1,0,1,2,4]],[[[[0,"FlyNumberYellow",30.8,{"commonHeight":35,"fontSize":30,"atlasName":"FlyNumberYellow","fontDefDictionary":{"46":{"xOffset":0,"yOffset":0,"xAdvance":22,"rect":{"x":0,"y":0,"width":22,"height":35}},"47":{"xOffset":0,"yOffset":0,"xAdvance":22,"rect":{"x":22,"y":0,"width":22,"height":35}},"48":{"xOffset":0,"yOffset":0,"xAdvance":22,"rect":{"x":44,"y":0,"width":22,"height":35}},"49":{"xOffset":0,"yOffset":0,"xAdvance":22,"rect":{"x":66,"y":0,"width":22,"height":35}},"50":{"xOffset":0,"yOffset":0,"xAdvance":22,"rect":{"x":88,"y":0,"width":22,"height":35}},"51":{"xOffset":0,"yOffset":0,"xAdvance":22,"rect":{"x":110,"y":0,"width":22,"height":35}},"52":{"xOffset":0,"yOffset":0,"xAdvance":22,"rect":{"x":132,"y":0,"width":22,"height":35}},"53":{"xOffset":0,"yOffset":0,"xAdvance":22,"rect":{"x":154,"y":0,"width":22,"height":35}},"54":{"xOffset":0,"yOffset":0,"xAdvance":22,"rect":{"x":176,"y":0,"width":22,"height":35}},"55":{"xOffset":0,"yOffset":0,"xAdvance":22,"rect":{"x":198,"y":0,"width":22,"height":35}},"56":{"xOffset":0,"yOffset":0,"xAdvance":22,"rect":{"x":220,"y":0,"width":22,"height":35}},"57":{"xOffset":0,"yOffset":0,"xAdvance":22,"rect":{"x":242,"y":0,"width":22,"height":35}}},"kerningDict":{}}]],0,0,[0],[0],[0]],[[{"name":"FlyNumberYellow","rect":[0,0,263,35],"offset":[-0.5,0],"originalSize":[264,35],"capInsets":[0,0,0,0]}],[0],0,[0],[1],[1]]]]