[1,["e762WZQnZDkrVsYpPVM8tr","e5KJ8nDZZK861NkuG1V0p2","e97GVMl6JHh5Ml5qEDdSGa","4cLDzBCSJL448oHD4n2Vca","derFqJsqxM7q7TrTrlXP4V","1a8ca7497","caGQr8yWlFwYi4YFHAnjR8","f0BIwQ8D5Ml7nTNQbh1YlS","29FYIk+N1GYaeWH/q1NxQO","a3Uk5wngtPrLLCD+Tp18bM","8crlPhctJOm6UmiaK94rrw","d1TnbBJFhIcZp7pTcjznSV","13938b5c1","23CqUpEUJHfbhusWaMb3js","95SAnLSoFKBYtfLcRJXGys","aflUDO1xlEErevBfmm6Y5c","e8wS+XQtNLY6XNJtehU/PA","ded/5SljdAz7/RZCd6i7cz","362oskdhlEpKQAwSc3wt7Z","c04g59BOdLDLuA+XOkI4B/","030Sn5+mFNyq3dsCpd9WIZ","73sKuL3+FBLLFe6xjFFd4P","a2L1g5ByFD+aZchSoQhFeS","90bUrLyhdDG71tknPhd7sy","80jE3YxFdCVahwQl8fcyNH","6abqkUMjRNuoMUuK8E4OOi","15vL/kqGRJbZEA+4HPOaCg","124Dc+qMxH07WDGCQXf0Z2","3f4Ks+8SJPlrezdo1upy3P","42ME2kBPJAArczKQsvNvRV"],["node","_spriteFrame","_N$target","checkMark","_parent","_textureSetter","_N$normalSprite","_N$pressedSprite","_N$hoverSprite","_N$disabledSprite","root","lblCard","data"],[["cc.Node",["_name","_zIndex","_active","_opacity","_prefab","_components","_contentSize","_parent","_children","_trs","_anchorPoint","_color"],-1,4,9,5,1,2,7,5,5],["cc.Widget",["alignMode","_alignFlags","_left","_right","_top","_bottom","_originalWidth","_originalHeight","_verticalCenter","node"],-6,1],["cc.Sprite",["_sizeMode","_type","_isTrimmedMode","node","_spriteFrame"],0,1,6],["cc.Node",["_name","_zIndex","_active","_parent","_components","_prefab","_contentSize","_trs","_children","_color"],0,1,2,4,5,7,2,5],["cc.Layout",["_resize","_N$layoutType","_N$paddingTop","_N$paddingBottom","_N$spacingX","_N$spacingY","_N$paddingLeft","node","_layoutSize","_N$cellSize"],-4,1,5,5],["cc.Toggle",["_N$isChecked","_N$transition","node","_N$normalColor","_N$target","checkMark","checkEvents"],1,1,5,1,1,9],"cc.SpriteFrame",["cc.ClickEvent",["handler","component","customEventData","_componentId","target"],-1,1],["cc.Label",["_string","_fontSize","_N$verticalAlign","_srcBlendFactor","_N$horizontalAlign","_lineHeight","_N$overflow","node"],-4,1],["cc.Button",["zoomScale","_N$transition","node","clickEvents","_N$normalColor","_N$target","_N$pressedColor","_N$disabledColor","_N$normalSprite","_N$pressedSprite","_N$hoverSprite","_N$disabledSprite"],1,1,9,5,1,5,5,6,6,6,6],["cc.Prefab",["_name"],2],["eaf33CCctZCOIboPIcB0db5",["node","lblCard"],3,1,1],["cc.PrefabInfo",["fileId","root"],2,1],["cc.ToggleContainer",["node"],3,1],["37edfBrhLFLFpRJI0u3jiwd",["node"],3,1],["cc.BlockInputEvents",["node"],3,1]],[[12,0,1,2],[0,0,1,7,5,4,6,9,3],[2,3,4,1],[8,3,0,1,4,2,7,6],[0,0,1,7,5,4,11,6,10,9,3],[2,0,2,3,3],[7,1,0,2,4,4],[3,0,2,1,3,4,5,6,7,4],[0,0,1,7,8,5,4,6,10,9,3],[5,1,0,2,3,4,5,6,3],[0,0,1,7,8,5,4,6,9,3],[1,0,1,2,9,4],[0,0,1,8,5,4,6,9,3],[13,0,1],[3,0,1,3,4,5,6,7,3],[5,1,2,3,4,5,6,2],[0,0,1,8,5,4,6,10,9,3],[0,0,1,7,5,4,11,6,9,3],[1,0,1,6,9,4],[2,1,0,3,4,3],[5,1,0,2,3,4,5,3],[14,0,1],[4,0,1,4,7,8,4],[0,0,1,7,8,5,4,6,3],[0,0,1,7,5,4,6,3],[1,0,1,9,3],[1,0,1,2,3,4,5,6,7,9,9],[2,0,3,4,2],[2,3,1],[5,0,2,3,4,5,6,2],[7,1,0,4,3],[8,3,0,1,2,7,5],[0,0,1,8,5,4,6,3],[0,0,1,7,8,5,4,3],[1,0,1,5,9,4],[2,1,3,4,2],[5,2,3,4,5,6,1],[7,3,0,4,3],[7,3,0,2,4,4],[9,2,3,4,5,1],[9,2,3,6,7,5,8,9,10,11,1],[10,0,2],[0,0,1,8,5,4,11,6,9,3],[0,0,2,1,8,5,4,11,6,10,9,4],[0,0,2,1,7,8,5,4,6,10,9,4],[0,0,1,7,8,5,4,11,6,10,9,3],[0,0,2,1,7,8,5,4,6,4],[0,0,1,7,8,4,3],[0,0,3,1,7,5,4,11,6,4],[0,0,1,7,8,4,6,9,3],[0,0,1,7,5,4,6,10,9,3],[3,0,1,3,8,4,5,6,7,3],[3,0,2,1,3,8,4,5,6,7,4],[3,0,1,3,4,5,9,6,7,3],[3,0,2,1,3,4,5,6,4],[1,0,1,4,9,4],[1,0,1,3,4,8,9,6],[1,0,1,2,3,5,9,6],[11,0,1,1],[2,0,3,2],[2,1,3,2],[4,0,1,2,3,7,8,5],[4,0,1,7,8,3],[4,0,6,2,4,5,7,9,6],[4,0,1,2,3,5,7,8,6],[9,0,1,2,3,4,3],[15,0,1],[8,3,0,1,5,2,6,7,7],[8,0,1,4,2,7,5]],[[[{"name":"bt_cjfj_xzdd","rect":[2,90,146,40],"offset":[-2,11.5],"originalSize":[196,95],"capInsets":[0,0,0,0]}],[6],0,[0],[5],[5]],[[[41,"CreatRoomMJ"],[12,"CreatRoomMJ",0,[-6,-7,-8,-9,-10,-11,-12],[[25,2,18,-2],[58,-4,-3],[19,1,0,-5,54]],[0,"a8VwfxvN9BvbkcFKkXZPZK",-1],[5,664,870],[360,640,0,0,0,0,1,1,1,1]],[16,"content",0,[-15,-16,-17,-18,-19,-20],[[26,0,45,20,20,97,122,561,1,-13],[61,1,2,20,10,-14,[5,584,535]]],[0,"08i2ynpS1PBbcljB4ma7Qh",1],[5,584,535],[0,0.5,1],[0,-97,0,0,0,0,1,1,1,1]],[16,"options",0,[-24,-25,-26,-27,-28],[[22,1,1,7,-21,[5,478,44]],[13,-22],[11,0,8,110,-23]],[0,"09Ml7FccZJXJfmWF1InTb+",1],[5,478,44],[0,0,0.5],[-182,0,0,0,0,0,1,1,1,1]],[16,"options",0,[-32,-33,-34,-35],[[62,1,1,-29,[5,480,80]],[13,-30],[11,0,8,110,-31]],[0,"f1hkCv4yhL3LDbnXnQs0wm",1],[5,480,80],[0,0,0.5],[-182,0,0,0,0,0,1,1,1,1]],[16,"options",0,[-39,-40,-41],[[22,1,1,27,-36,[5,474,40]],[13,-37],[11,0,8,110,-38]],[0,"78StpQ7wVCTr2Wrf/Bqka+",1],[5,474,40],[0,0,0.5],[-182,0,0,0,0,0,1,1,1,1]],[16,"options",0,[-45,-46,-47],[[22,1,1,27,-42,[5,474,44]],[13,-43],[11,0,8,110,-44]],[0,"297TCTp6RAUoEil5hRqD82",1],[5,474,44],[0,0,0.5],[-182,0,0,0,0,0,1,1,1,1]],[32,"chooseView",0,[-50,-51,-52,-53],[[19,1,0,-48,53],[63,2,50,60,60,40,-49,[5,220,46]]],[0,"23q6k+8opG2YkI5Zv5BRC6",1],[5,600,500]],[32,"New Toggle",0,[-58,-59,-60],[[29,false,-56,[4,4292269782],-55,-54,[[30,"MJCreatView","onDGHClicked",1]]],[11,0,8,40,-57]],[0,"33zaOM9c5KG49Mt+jTDqv1",1],[5,420,40]],[42,"menu",0,[-64,-65],[[22,1,1,30,-61,[5,350,60]],[13,-62],[55,0,1,45,-63]],[0,"e18qcx/mhPaI3c6dwD9uKt",1],[4,4289177511],[5,350,60],[0,-75,0,0,0,0,1,1,1,1]],[43,"friend",false,0,[-70,-71,-72],[[20,3,false,-68,[4,4292269782],-67,-66],[21,-69]],[0,"168FkLIQlOVY/NJemCh+YB",1],[4,4281664773],[5,252,80],[0,0.06,0.5],[-270,0,0,0,0,0,1,1,1,1]],[44,"xialaView",false,0,1,[-76,-77],[[64,1,2,10,10,10,-73,[5,420,130]],[19,1,0,-74,39],[13,-75]],[0,"abb6GroBlKgbFP+k1nb6py",1],[5,420,130],[0,0.5,1],[28,-33,0,0,0,0,1,1,1,1]],[10,"New Toggle",0,11,[-81,-82,-83,-84],[[36,-80,[4,4292269782],-79,-78,[[6,"MJCreatView","onDGHItemClicked","1",1]]]],[0,"d2FNgqJAJMnInk5bnYZGhs",1],[5,420,50],[0,-35,0,0,0,0,1,1,1,1]],[10,"New Toggle",0,11,[-88,-89,-90,-91],[[29,false,-87,[4,4292269782],-86,-85,[[6,"MJCreatView","onDGHItemClicked","2",1]]]],[0,"ce1uAxXEBF9ZClJbyu8K2c",1],[5,420,50],[0,-95,0,0,0,0,1,1,1,1]],[12,"New Toggle",0,[-96,-97,-98],[[20,3,false,-94,[4,4292269782],-93,-92],[21,-95]],[0,"7bMZAtLshF4osyxbf+35cC",1],[5,220,46],[-140,-5,0,0,0,0,1,1,1,1]],[12,"New Toggle",0,[-103,-104,-105],[[20,3,false,-101,[4,4292269782],-100,-99],[21,-102]],[0,"61FBF3ayxLzpjVQT3WbRjC",1],[5,220,46],[140,-5,0,0,0,0,1,1,1,1]],[12,"New Toggle",0,[-110,-111,-112],[[20,3,false,-108,[4,4292269782],-107,-106],[21,-109]],[0,"df/NH1t0hFrqCvLHeQ+sJi",1],[5,220,46],[-140,-91,0,0,0,0,1,1,1,1]],[12,"New Toggle",0,[-117,-118,-119],[[20,3,false,-115,[4,4292269782],-114,-113],[21,-116]],[0,"e1Ac/fPLtJfL7pZvKQsYlb",1],[5,220,46],[140,-91,0,0,0,0,1,1,1,1]],[1,"bt_exit_0",0,1,[[2,-120,2],[56,0,33,12,4,398,-121],[39,-123,[[30,"MJCreatView","close",1]],[4,4292269782],-122]],[0,"a6GUni4IZGNZAqydbKOzvV",1],[5,70,70],[285,396,0,0,0,0,1,1,1,1]],[45,"New Node",0,1,[-125,2,9],[[26,2,45,20,20,96,20,39,39,-124]],[0,"43RKmODi5BpoAT965p7nVz",1],[4,4293317581],[5,624,754],[0,0.5,1],[0,339,0,0,0,0,1,1,1,1]],[8,"DF_0",0,3,[-129,-130,-131],[[15,3,-128,[4,4292269782],-127,-126,[[6,"MJCreatView","onMenuDiFenClicked","1",1]]]],[0,"46KESZEhNJgb55uLehTvwJ",1],[5,90,44],[0,0,0.5],[0,-1.1368683772161603e-13,0,0,0,0,1,1,1,1]],[8,"DF_1",0,3,[-135,-136,-137],[[9,3,false,-134,[4,4292269782],-133,-132,[[6,"MJCreatView","onMenuDiFenClicked","1",1]]]],[0,"7cYGd9mtRLCpz8LmKzUfAp",1],[5,90,44],[0,0,0.5],[97,-1.1368683772161603e-13,0,0,0,0,1,1,1,1]],[8,"DF_2",0,3,[-141,-142,-143],[[9,3,false,-140,[4,4292269782],-139,-138,[[6,"MJCreatView","onMenuDiFenClicked","1",1]]]],[0,"d7qDdCeZtH8r1AMY84VkQN",1],[5,90,44],[0,0,0.5],[194,-1.1368683772161603e-13,0,0,0,0,1,1,1,1]],[8,"DF_3",0,3,[-147,-148,-149],[[9,3,false,-146,[4,4292269782],-145,-144,[[6,"MJCreatView","onMenuDiFenClicked","1",1]]]],[0,"eebT0NOG1KPI+7FCQPhzkt",1],[5,90,44],[0,0,0.5],[291,-1.1368683772161603e-13,0,0,0,0,1,1,1,1]],[8,"DF_4",0,3,[-153,-154,-155],[[9,3,false,-152,[4,4292269782],-151,-150,[[6,"MJCreatView","onMenuDiFenClicked","1",1]]]],[0,"82TVlNdF9IB57laRqjcKsP",1],[5,90,44],[0,0,0.5],[388,-1.1368683772161603e-13,0,0,0,0,1,1,1,1]],[8,"PS_0",0,4,[-159,-160,-161],[[15,3,-158,[4,4292269782],-157,-156,[[6,"MJCreatView","onMenuGameNumClicked","5",1]]]],[0,"022ihQuexE7qKDC4WSPe8o",1],[5,120,44],[0,0,0.5],[0,-1.1368683772161603e-13,0,0,0,0,1,1,1,1]],[8,"PS_1",0,4,[-165,-166,-167],[[9,3,false,-164,[4,4292269782],-163,-162,[[6,"MJCreatView","onMenuGameNumClicked","5",1]]]],[0,"ba+XON5pBMp7Shsw3YQIpx",1],[5,120,44],[0,0,0.5],[120,-1.1368683772161603e-13,0,0,0,0,1,1,1,1]],[8,"PS_2",0,4,[-171,-172,-173],[[9,3,false,-170,[4,4292269782],-169,-168,[[6,"MJCreatView","onMenuGameNumClicked","5",1]]]],[0,"b41Uv4dbdNe5a0xjTv1KAL",1],[5,120,44],[0,0,0.5],[240,-1.1368683772161603e-13,0,0,0,0,1,1,1,1]],[8,"PS_3",0,4,[-177,-178,-179],[[9,3,false,-176,[4,4292269782],-175,-174,[[6,"MJCreatView","onMenuGameNumClicked","5",1]]]],[0,"81LJw/11xGToySg3FwGVwW",1],[5,120,44],[0,0,0.5],[360,-1.1368683772161603e-13,0,0,0,0,1,1,1,1]],[8,"MP_1",0,5,[-183,-184,-185],[[15,3,-182,[4,4292269782],-181,-180,[[6,"MJCreatView","onMenuMenPiaoClicked","1",1]]]],[0,"e7lITeufpCZpI/m+5RE9j9",1],[5,140,44],[0,0,0.5],[0,-1.1368683772161603e-13,0,0,0,0,1,1,1,1]],[8,"MP_2",0,5,[-189,-190,-191],[[9,3,false,-188,[4,4292269782],-187,-186,[[6,"MJCreatView","onMenuMenPiaoClicked","2",1]]]],[0,"04XMoryV9EH4edSIizuUVM",1],[5,140,44],[0,0,0.5],[167,-1.1368683772161603e-13,0,0,0,0,1,1,1,1]],[8,"MP_3",0,5,[-195,-196,-197],[[9,3,false,-194,[4,4292269782],-193,-192,[[6,"MJCreatView","onMenuMenPiaoClicked","3",1]]]],[0,"ceDH7fBpRIzaJvmj56SXL3",1],[5,140,44],[0,0,0.5],[334,-1.1368683772161603e-13,0,0,0,0,1,1,1,1]],[8,"FD_3",0,6,[-201,-202,-203],[[15,3,-200,[4,4292269782],-199,-198,[[6,"MJCreatView","onFanClicked","3",1]]]],[0,"89kCR7q45L36PwclW8v3Ub",1],[5,140,44],[0,0,0.5],[0,-1.1368683772161603e-13,0,0,0,0,1,1,1,1]],[8,"FD_4",0,6,[-207,-208,-209],[[9,3,false,-206,[4,4292269782],-205,-204,[[6,"MJCreatView","onFanClicked","4",1]]]],[0,"fazQO2hPNNIa1WfrufDQww",1],[5,140,44],[0,0,0.5],[167,-1.1368683772161603e-13,0,0,0,0,1,1,1,1]],[8,"FD_5",0,6,[-213,-214,-215],[[9,3,false,-212,[4,4292269782],-211,-210,[[6,"MJCreatView","onFanClicked","5",1]]]],[0,"daelt0NoxBBI/pqU4syV0w",1],[5,140,44],[0,0,0.5],[334,-1.1368683772161603e-13,0,0,0,0,1,1,1,1]],[10,"gaoji",0,2,[-217,-218,-219],[[18,0,40,500,-216]],[0,"a8TPkd4MhKWZIpaH4RkLy6",1],[5,584,155],[0,-447.5,0,0,0,0,1,1,1,1]],[10,"bottom",0,1,[-221,-222,10],[[57,0,44,20,20,11,-220]],[0,"4enUbVowhFmY+1/YSSPPTF",1],[5,624,130],[0,-359,0,0,0,0,1,1,1,1]],[10,"bt_cjfj_ljks",0,36,[-226],[[2,-223,33],[39,-225,[[37,"eaf33CCctZCOIboPIcB0db5","onConfirmClicked",1]],[4,4292269782],-224]],[0,"c4mOC7Bo5KKJkQxCN1jV2+",1],[5,326,102],[143,0,0,0,0,0,1,1,1,1]],[46,"chooseView",false,0,1,[-229,7],[[25,0,45,-227],[66,-228]],[0,"adErVvHxZO447dxXhhs33h",1],[5,664,870]],[12,"ZM_1",0,[-233,-234,-235],[[15,3,-232,[4,4292269782],-231,-230,[[6,"MJCreatView","onZiMoClicked","1",1]]]],[0,"2em7iFID9I3J9rpb/L0tFC",1],[5,220,46],[-140,167,0,0,0,0,1,1,1,1]],[12,"ZM_2",0,[-239,-240,-241],[[9,3,false,-238,[4,4292269782],-237,-236,[[6,"MJCreatView","onZiMoClicked","2",1]]]],[0,"14G57j+mdDw6G4fBfbOe85",1],[5,220,46],[140,167,0,0,0,0,1,1,1,1]],[12,"HJ_1",0,[-245,-246,-247],[[15,3,-244,[4,4292269782],-243,-242,[[6,"MJCreatView","onHuJiaoClicked","1",1]]]],[0,"f98nEeAyZKS6UFd1r87daM",1],[5,220,46],[-140,81,0,0,0,0,1,1,1,1]],[12,"HJ_2",0,[-251,-252,-253],[[9,3,false,-250,[4,4292269782],-249,-248,[[6,"MJCreatView","onHuJiaoClicked","2",1]]]],[0,"bao8CiGJlIbIRz72ZAA/tj",1],[5,220,46],[140,81,0,0,0,0,1,1,1,1]],[47,"others",0,7,[14,15,16,17],[0,"6258fzmQVKCpjgnZAqHhn2",1]],[10,"difen",0,2,[-255,3],[[18,0,40,500,-254]],[0,"8fA4tTR9dCPYJMs68Qq31n",1],[5,584,70],[0,-55,0,0,0,0,1,1,1,1]],[10,"panshu",0,2,[-257,4],[[18,0,40,500,-256]],[0,"83h/sd0o9FSJ89L4ULhTAu",1],[5,584,70],[0,-125,0,0,0,0,1,1,1,1]],[10,"menpiao",0,2,[-259,5],[[18,0,40,500,-258]],[0,"1cZO8//fVOTYGbTGJHmKE9",1],[5,584,70],[0,-195,0,0,0,0,1,1,1,1]],[23,"Background",0,8,[-261],[[19,1,0,-260,17]],[0,"2aMm5JetVLl5W3agrZ6rkX",1],[5,420,39]],[10,"fengding",0,2,[-263,6],[[18,0,40,500,-262]],[0,"2d4M3mpsBD24fWVL9EwFhf",1],[5,584,70],[0,-335,0,0,0,0,1,1,1,1]],[10,"LableBg",0,35,[-266],[[27,0,-264,21],[11,0,8,110.45000000000002,-265]],[0,"caKRp4Q8dGoau5CzKB7NP9",1],[5,392.9,127],[14.900000000000006,-5,0,0,0,0,1,1,1,1]],[1,"New Button",0,35,[[35,1,-267,22],[40,-269,[[6,"MJCreatView","onMenuGaoJiClicked","show",1]],[4,4294967295],[4,4294967295],-268,23,24,25,26]],[0,"951L5z5wxFcZLUtpzd5/Pg",1],[5,63,54],[252,0,0,0,0,0,1,1,1,1]],[10,"MD_1",0,9,[-273,-274],[[36,-272,[4,4292269782],-271,-270,[[38,"eaf33CCctZCOIboPIcB0db5","onTopMenuClicked","1",1]]]],[0,"f6mC5q8E1J/aQdSbPbf0Cj",1],[5,160,70],[-95,0,0,0,0,0,1,1,1,1]],[23,"Background",0,51,[-276],[[2,-275,28]],[0,"9brbcJ6hBE6YfBkgR3G8w9",1],[5,196,78]],[10,"MD_2",0,9,[-280,-281],[[29,false,-279,[4,4292269782],-278,-277,[[38,"eaf33CCctZCOIboPIcB0db5","onTopMenuClicked","2",1]]]],[0,"e3hS5JdylIC5Pm5D+Ek05o",1],[5,160,70],[95,0,0,0,0,0,1,1,1,1]],[23,"Background",0,53,[-283],[[2,-282,31]],[0,"80+Q729+dAzr5YkcX1AzB8",1],[5,196,78]],[33,"zm",0,7,[39,40],[[13,-284]],[0,"0cwrn0JDJCJrN3pbo04AbI",1]],[33,"hj",0,7,[41,42],[[13,-285]],[0,"86MIVpRuxA8IEOJYRJtw75",1]],[1,"New Button",0,7,[[35,1,-286,48],[40,-288,[[30,"MJCreatView","onMenuGaoJiClicked",1]],[4,4294967295],[4,4294967295],-287,49,50,51,52]],[0,"9bxqCeld1O2qLsco+4BHTg",1],[5,174,93],[0,-177,0,0,0,0,1,1,1,1]],[17,"New Label",0,44,[[3,1,"底分：",26,1,1,-289],[11,0,8,23,-290]],[0,"ecxuOe8A9L95X2uYBOSybR",1],[4,4279828994],[5,78,40],[-230,0,0,0,0,0,1,1,1,1]],[1,"Background",0,20,[[2,-291,4]],[0,"4bY7dtFqpAqqO6c8p1E9AN",1],[5,44,44],[22,0,0,0,0,0,1,1,1,1]],[1,"Background",0,21,[[2,-292,5]],[0,"07SFSZobdIeoQXW99zpuTI",1],[5,44,44],[22,0,0,0,0,0,1,1,1,1]],[1,"Background",0,22,[[2,-293,6]],[0,"f3WS2SuBpPbr0kkszdr9UJ",1],[5,44,44],[22,0,0,0,0,0,1,1,1,1]],[1,"Background",0,23,[[2,-294,7]],[0,"74yBAYDTBGJJdTuweXuSeY",1],[5,44,44],[22,0,0,0,0,0,1,1,1,1]],[1,"Background",0,24,[[2,-295,8]],[0,"52A1xkbABPnaveI8RzXOAY",1],[5,44,44],[22,0,0,0,0,0,1,1,1,1]],[17,"New Label",0,45,[[3,1,"盘数：",26,1,1,-296],[11,0,8,23,-297]],[0,"8emm7Tb/pH+qy2ngX74dsq",1],[4,4279828994],[5,78,40],[-230,0,0,0,0,0,1,1,1,1]],[1,"Background",0,25,[[2,-298,9]],[0,"8drMW0gQZEEIVE7M3RfgL1",1],[5,44,44],[22,0,0,0,0,0,1,1,1,1]],[1,"Background",0,26,[[2,-299,10]],[0,"ediU6xv9pBrrXy0P4dFJBa",1],[5,44,44],[22,0,0,0,0,0,1,1,1,1]],[1,"Background",0,27,[[2,-300,11]],[0,"a23+WNR4pBq4FLXovH9N05",1],[5,44,44],[22,0,0,0,0,0,1,1,1,1]],[1,"Background",0,28,[[2,-301,12]],[0,"e1LmBCNp9FralW98rw7TG5",1],[5,44,44],[22,0,0,0,0,0,1,1,1,1]],[17,"New Label",0,46,[[3,1,"门票：",26,1,1,-302],[11,0,8,23,-303]],[0,"8eKkVuu/hNtrrnKe6wEQZk",1],[4,4279828994],[5,78,40],[-230,0,0,0,0,0,1,1,1,1]],[1,"Background",0,29,[[2,-304,13]],[0,"0dGoTPCENFw5TpBmDh0Rit",1],[5,44,44],[22,0,0,0,0,0,1,1,1,1]],[1,"Background",0,30,[[2,-305,14]],[0,"f2lhwkh4NAnIHBDtW96sNn",1],[5,44,44],[22,0,0,0,0,0,1,1,1,1]],[1,"Background",0,31,[[2,-306,15]],[0,"5aotX4OwNAwp4/AZtHp0Ol",1],[5,44,44],[22,0,0,0,0,0,1,1,1,1]],[4,"New Label",0,8,[[31,1,"点杠花(点炮)",26,1,-307],[11,0,8,12,-308]],[0,"7enYs2T9BMoIVItGOhZ3Gn",1],[4,4279828994],[5,147.32,40],[0,0,0.5],[-198,0,0,0,0,0,1,1,1,1]],[17,"New Label",0,48,[[3,1,"封顶：",26,1,1,-309],[11,0,8,23,-310]],[0,"d1MKI1pzNPIaYpmktPsuDl",1],[4,4279828994],[5,78,40],[-230,0,0,0,0,0,1,1,1,1]],[1,"Background",0,32,[[2,-311,18]],[0,"0eUUlBKD1OYJwTYPiQJBFA",1],[5,44,44],[22,0,0,0,0,0,1,1,1,1]],[1,"Background",0,33,[[2,-312,19]],[0,"ccwo9Qg+5OBbjdDxJovF6c",1],[5,44,44],[22,0,0,0,0,0,1,1,1,1]],[1,"Background",0,34,[[2,-313,20]],[0,"1aVwjcDyNMWboqtLZ4NW3w",1],[5,44,44],[22,0,0,0,0,0,1,1,1,1]],[17,"New Label",0,35,[[3,1,"高级：",26,1,1,-314],[11,0,8,23,-315]],[0,"3d6nW3uGpD5Ikkz1E9RqWi",1],[4,4279828994],[5,78,40],[-230,39,0,0,0,0,1,1,1,1]],[4,"New Label",0,49,[[67,1,"自摸加底/呼叫转移",24,30,1,3,-316],[26,0,41,8,8,4,8,98,40,-317]],[0,"adgeBzSmpI54lFYxeULUcv",1],[4,4278387473],[5,376.9,30],[0,0.5,1],[0,59.5,0,0,0,0,1,1,1,1]],[51,"checkmark",0,51,[-319],[-318],[0,"fb27uWxoVLY50uGfFxiFLy",1],[5,196,95],[0,-10,0,0,0,0,1,1,1,1]],[52,"checkmark",false,0,53,[-321],[-320],[0,"e3lnFTWEZMLpp3PmL5Cssm",1],[5,196,95],[0,-10,0,0,0,0,1,1,1,1]],[1,"bt_wfsz_ljsz",0,36,[[2,-322,34],[65,1.1,3,-323,[[37,"eaf33CCctZCOIboPIcB0db5","onConfirmSetClicked",1]],[4,4292269782]]],[0,"05DXB2BkNOb7OlXra3pmyH",1],[5,288,88],[143,0,0,0,0,0,1,1,1,1]],[24,"Background",0,10,[[28,-324]],[0,"balrz8vhNOoL52h1WN74Yc",1],[5,44,44]],[1,"Background",0,12,[[2,-325,35]],[0,"b5eFUnI3tIDJ4AyRNPOSw5",1],[5,44,44],[-174,2,0,0,0,0,1,1,1,1]],[1,"line",0,12,[[27,0,-326,36],[34,0,4,-0.5,-327]],[0,"3f9jzueg9PwrLpgayDgLLu",1],[5,390,1],[0,-25,0,0,0,0,1,1,1,1]],[1,"Background",0,13,[[2,-328,37]],[0,"d0QYkG6EpD5YQfYsDBe6y7",1],[5,44,44],[-174,2,0,0,0,0,1,1,1,1]],[1,"line",0,13,[[27,0,-329,38],[34,0,4,-1,-330]],[0,"53e+QEOehFC7Kd1vRIZg4a",1],[5,390,1],[0,-25.5,0,0,0,0,1,1,1,1]],[48,"New Node",100,0,38,[[25,0,45,-331],[59,0,-332]],[0,"6cTEaFoZBPGqT7+9M0O6dl",1],[4,4278190080],[5,664,870]],[1,"Background",0,39,[[2,-333,40]],[0,"8aVne0x7xDSJC+fe+3G2TX",1],[5,44,44],[-94,0,0,0,0,0,1,1,1,1]],[1,"Background",0,40,[[2,-334,41]],[0,"ce3qvJ+TlBfZ2P925enaaO",1],[5,44,44],[-94,0,0,0,0,0,1,1,1,1]],[1,"Background",0,41,[[2,-335,42]],[0,"e910gBVgxBPqZ5CtrCba3p",1],[5,44,44],[-94,0,0,0,0,0,1,1,1,1]],[1,"Background",0,42,[[2,-336,43]],[0,"4ch0PDTTJO/44wSICbRCFi",1],[5,44,44],[-94,0,0,0,0,0,1,1,1,1]],[1,"Background",0,14,[[2,-337,44]],[0,"30QtR2g4ZLFLSwYnQgGjVJ",1],[5,44,44],[-94,0,0,0,0,0,1,1,1,1]],[1,"Background",0,15,[[2,-338,45]],[0,"ffo/j+ds1Kkb0JKVpV2nx6",1],[5,44,44],[-94,0,0,0,0,0,1,1,1,1]],[1,"Background",0,16,[[2,-339,46]],[0,"5bICzAHWRO9qla22n4ksTm",1],[5,44,44],[-94,0,0,0,0,0,1,1,1,1]],[1,"Background",0,17,[[2,-340,47]],[0,"32le9e9HJIFalMAnwHePTd",1],[5,44,44],[-94,0,0,0,0,0,1,1,1,1]],[1,"bg_cjfj",0,1,[[2,-341,0]],[0,"08SrlKUxBHA51nBScPtgUB",1],[5,237,66],[0,398,0,0,0,0,1,1,1,1]],[1,"bg_wanfsz",0,1,[[2,-342,1]],[0,"134k26NM1KwJtU/7Wi/SkX",1],[5,248,75],[0,398,0,0,0,0,1,1,1,1]],[1,"bg",0,19,[[19,1,0,-343,3]],[0,"e2DDGYjIdE5YC9wJmfV0N2",1],[5,584,535],[0,-362,0,0,0,0,1,1,1,1]],[14,"checkmark",0,20,[-344],[0,"f4vXyus3FCeI8wa6NN4l0w",1],[5,34,34],[22,0,0,0,0,0,1,1,1,1]],[5,2,false,100],[4,"New Label",0,20,[[3,1,"1",26,1,1,-345]],[0,"b38YFkxTJDh6WD5LQEJjJG",1],[4,4279828994],[5,14.46,40],[0,0,0.5],[50,0,0,0,0,0,1,1,1,1]],[7,"checkmark",false,0,21,[-346],[0,"721P60L6FDeZSMTjZXnWec",1],[5,34,34],[22,0,0,0,0,0,1,1,1,1]],[5,2,false,103],[4,"New Label",0,21,[[3,1,"2",26,1,1,-347]],[0,"09IB2B8tdCt4a/CZlGLeyH",1],[4,4279828994],[5,14.46,40],[0,0,0.5],[50,0,0,0,0,0,1,1,1,1]],[7,"checkmark",false,0,22,[-348],[0,"374M3mAO1AU6+G0gnDlKmL",1],[5,34,34],[22,0,0,0,0,0,1,1,1,1]],[5,2,false,106],[4,"New Label",0,22,[[3,1,"3",26,1,1,-349]],[0,"ecRuNeH+JN9I0SC2UcYxCh",1],[4,4279828994],[5,14.46,40],[0,0,0.5],[50,0,0,0,0,0,1,1,1,1]],[7,"checkmark",false,0,23,[-350],[0,"85FtwCwA9LMblOvQbr3/cc",1],[5,34,34],[22,0,0,0,0,0,1,1,1,1]],[5,2,false,109],[4,"New Label",0,23,[[3,1,"4",26,1,1,-351]],[0,"30rZwb/hFImrKoVzHu0bcZ",1],[4,4279828994],[5,14.46,40],[0,0,0.5],[50,0,0,0,0,0,1,1,1,1]],[7,"checkmark",false,0,24,[-352],[0,"712059vcdN0bnzi+7gwMni",1],[5,34,34],[22,0,0,0,0,0,1,1,1,1]],[5,2,false,112],[4,"New Label",0,24,[[3,1,"5",26,1,1,-353]],[0,"0dq8t0t39LCpvs/oKYIqt7",1],[4,4279828994],[5,14.46,40],[0,0,0.5],[50,0,0,0,0,0,1,1,1,1]],[14,"checkmark",0,25,[-354],[0,"302umisc5FaLfNouyDZN4S",1],[5,34,34],[22,0,0,0,0,0,1,1,1,1]],[5,2,false,115],[4,"New Label",0,25,[[3,1,"5盘",26,1,1,-355]],[0,"5f9y7A2pVPf7AKhCa+kTch",1],[4,4279828994],[5,40.46,40],[0,0,0.5],[50,0,0,0,0,0,1,1,1,1]],[7,"checkmark",false,0,26,[-356],[0,"2dPtqoQpZI26jYmkng+Mgn",1],[5,34,34],[22,0,0,0,0,0,1,1,1,1]],[5,2,false,118],[4,"New Label",0,26,[[3,1,"5盘",26,1,1,-357]],[0,"47SzISwpFBg5wkjZBeTD1K",1],[4,4279828994],[5,40.46,40],[0,0,0.5],[50,0,0,0,0,0,1,1,1,1]],[7,"checkmark",false,0,27,[-358],[0,"81RK6dc8hAXIT/PwlboRvP",1],[5,34,34],[22,0,0,0,0,0,1,1,1,1]],[5,2,false,121],[4,"New Label",0,27,[[3,1,"5盘",26,1,1,-359]],[0,"95TQL5TytBBLNEWdZ1AeXg",1],[4,4279828994],[5,40.46,40],[0,0,0.5],[50,0,0,0,0,0,1,1,1,1]],[7,"checkmark",false,0,28,[-360],[0,"ffcsJ6hs5Mu7e3Q3iyqZve",1],[5,34,34],[22,0,0,0,0,0,1,1,1,1]],[5,2,false,124],[4,"New Label",0,28,[[3,1,"5盘",26,1,1,-361]],[0,"70HzTx03VIVI13n38sWHhr",1],[4,4279828994],[5,40.46,40],[0,0,0.5],[50,0,0,0,0,0,1,1,1,1]],[14,"checkmark",0,29,[-362],[0,"80e5hthn5GFoRR4b4CSx+A",1],[5,34,34],[22,0,0,0,0,0,1,1,1,1]],[5,2,false,127],[4,"New Label",0,29,[[3,1,"房主付",26,1,1,-363]],[0,"9cxoBVxidG04GdPhBsnmEB",1],[4,4279828994],[5,78,40],[0,0,0.5],[50,0,0,0,0,0,1,1,1,1]],[7,"checkmark",false,0,30,[-364],[0,"d37s6dlmJOAZgP4QBZAcD8",1],[5,34,34],[22,0,0,0,0,0,1,1,1,1]],[5,2,false,130],[4,"New Label",0,30,[[3,1,"AA付",26,1,1,-365]],[0,"c8ibBWYNZOZZlRdooBdeKy",1],[4,4279828994],[5,60.68,40],[0,0,0.5],[50,0,0,0,0,0,1,1,1,1]],[7,"checkmark",false,0,31,[-366],[0,"220tF4C7hHL7A4KbQDcPHN",1],[5,34,34],[22,0,0,0,0,0,1,1,1,1]],[5,2,false,133],[4,"New Label",0,31,[[3,1,"大赢家",26,1,1,-367]],[0,"c9VkwP7fBBH4aCFHOKTnGP",1],[4,4279828994],[5,78,40],[0,0,0.5],[50,0,0,0,0,0,1,1,1,1]],[49,"diangang",0,2,[8],[0,"78z4NR6D5PTITzXRKA/DS4",1],[5,500,70],[25.1,-265,0,0,0,0,1,1,1,1]],[1,"icn",0,47,[[2,-368,16]],[0,"2aQ5Gh00BGlYZ9YOQl+fHu",1],[5,21,10],[175,0,0,0,0,0,1,1,1,1]],[7,"checkmark",false,0,8,[-369],[0,"53zjMIZFJJXKcCcGFIDhPi",1],[5,54,29],[175,0,0,0,0,0,1,1,1,1]],[60,1,138],[14,"checkmark",0,32,[-370],[0,"7f5JUMdbZDd414UmUe0xE4",1],[5,34,34],[22,0,0,0,0,0,1,1,1,1]],[5,2,false,140],[4,"New Label",0,32,[[3,1,"3番",26,1,1,-371]],[0,"33zX1Tu6pILIyHifAEop76",1],[4,4279828994],[5,40.46,40],[0,0,0.5],[50,0,0,0,0,0,1,1,1,1]],[7,"checkmark",false,0,33,[-372],[0,"9cQwjlhYNJSZXYpnsILfPt",1],[5,34,34],[22,0,0,0,0,0,1,1,1,1]],[5,2,false,143],[4,"New Label",0,33,[[3,1,"4番",26,1,1,-373]],[0,"aaEnP98v5C8pnGkFFEalwr",1],[4,4279828994],[5,40.46,40],[0,0,0.5],[50,0,0,0,0,0,1,1,1,1]],[7,"checkmark",false,0,34,[-374],[0,"94WuCmtd9O3aqmwhMKDgzj",1],[5,34,34],[22,0,0,0,0,0,1,1,1,1]],[5,2,false,146],[4,"New Label",0,34,[[3,1,"5番",26,1,1,-375]],[0,"d93UoNMbFEIrJ11G8BJgfg",1],[4,4279828994],[5,40.46,40],[0,0,0.5],[50,0,0,0,0,0,1,1,1,1]],[24,"bt_cjfj_xzdd",0,52,[[2,-376,27]],[0,"deiqLfpX9BDbmqLSxxnmms",1],[5,146,40]],[1,"bt_cjfj_xzdd_1",0,80,[[2,-377,29]],[0,"51jAHEhnNNI5RsBZjBmcjS",1],[5,146,40],[0,10,0,0,0,0,1,1,1,1]],[28,80],[24,"bt_cjfj_xlch",0,54,[[2,-378,30]],[0,"efNgoC2V9NsojKdpsL+iJD",1],[5,148,39]],[1,"bt_cjfj_xlch_1",0,81,[[2,-379,32]],[0,"e4/EG6W/NFm41S+axC2MkS",1],[5,148,39],[0,10,0,0,0,0,1,1,1,1]],[28,81],[53,"New Label",0,37,[-380],[0,"97lQ+uAlVHBokd3gX/7qQH",1],[4,4278198392],[5,174.78,40],[0,-25,0,0,0,0,1,1,1,1]],[3,1,"房主付(门票x2)",26,1,1,155],[54,"checkmark",false,0,10,[-381],[0,"72/8wk3NlKIKFqrtv1Rt2M",1],[5,44,43]],[5,2,false,157],[50,"New Label",0,10,[[68,"仅好友可加入",30,1,1,-382]],[0,"a8IVfU8v5OpZG4YF1lDbN5",1],[5,180,40],[0,0,0.5],[28,0,0,0,0,0,1,1,1,1]],[14,"checkmark",0,12,[-383],[0,"2cRrSmFLNFRJiy9QzKinwk",1],[5,34,34],[-174,2,0,0,0,0,1,1,1,1]],[5,2,false,160],[4,"title",0,12,[[31,1,"点杠花(点炮)",24,1,-384]],[0,"576SlIlP9PL4gkkWx/l0Uy",1],[4,4278255884],[5,135.98,40],[0,0,0.5],[-149,2,0,0,0,0,1,1,1,1]],[7,"checkmark",false,0,13,[-385],[0,"ad1UF67KFPH79kFnsIRHCc",1],[5,40,40],[-174,2,0,0,0,0,1,1,1,1]],[5,2,false,163],[4,"title",0,13,[[31,1,"点杠花(自摸)",24,1,-386]],[0,"15aFNodMlEOJRr2ihsElZ0",1],[4,4278255884],[5,135.98,40],[0,0,0.5],[-149,2,0,0,0,0,1,1,1,1]],[14,"checkmark",0,39,[-387],[0,"80zKgGm4pJ75y+/aNZ6rAU",1],[5,34,34],[-94,0,0,0,0,0,1,1,1,1]],[5,2,false,166],[4,"New Label",0,39,[[3,1,"自摸加底",30,1,1,-388]],[0,"85uKH8enNOyL01iAW7Tn6z",1],[4,4278255887],[5,120,40],[0,0,0.5],[-66,0,0,0,0,0,1,1,1,1]],[7,"checkmark",false,0,40,[-389],[0,"73wi4YL3ZDh6tX2q3alTjw",1],[5,34,34],[-94,0,0,0,0,0,1,1,1,1]],[5,2,false,169],[4,"New Label",0,40,[[3,1,"自摸加番",30,1,1,-390]],[0,"edS5V6t+NMpZOa7nWLw1ri",1],[4,4278255887],[5,120,40],[0,0,0.5],[-66,0,0,0,0,0,1,1,1,1]],[14,"checkmark",0,41,[-391],[0,"7f/tpnT49D+J4fagkS+qey",1],[5,34,34],[-94,0,0,0,0,0,1,1,1,1]],[5,2,false,172],[4,"New Label",0,41,[[3,1,"呼叫转移",30,1,1,-392]],[0,"8abRseQmJC9asILFL8CL+Y",1],[4,4278255887],[5,120,40],[0,0,0.5],[-66,0,0,0,0,0,1,1,1,1]],[7,"checkmark",false,0,42,[-393],[0,"3b8M9Ckf5A5IK+WFTmjeCr",1],[5,34,34],[-94,0,0,0,0,0,1,1,1,1]],[5,2,false,175],[4,"New Label",0,42,[[3,1,"呼叫转移转根",30,1,1,-394]],[0,"c4SyHY3GxIB4N1DJgX24pg",1],[4,4278255887],[5,180,40],[0,0,0.5],[-66,0,0,0,0,0,1,1,1,1]],[7,"checkmark",false,0,14,[-395],[0,"0fROvJaHRDH4b4SVqGtzFb",1],[5,44,43],[-94,0,0,0,0,0,1,1,1,1]],[5,2,false,178],[4,"New Label",0,14,[[3,1,"门清中张",30,1,1,-396]],[0,"ean8OWwUpEsI546KxEYbUu",1],[4,4278255887],[5,120,40],[0,0,0.5],[-66,0,0,0,0,0,1,1,1,1]],[7,"checkmark",false,0,15,[-397],[0,"1cjo26hBxPtaXyV/Tr5zNx",1],[5,44,43],[-94,0,0,0,0,0,1,1,1,1]],[5,2,false,181],[4,"New Label",0,15,[[3,1,"带幺九、将对",30,1,1,-398]],[0,"62J6XTwEdBnrK/52g9aKsG",1],[4,4278255887],[5,180,40],[0,0,0.5],[-66,0,0,0,0,0,1,1,1,1]],[7,"checkmark",false,0,16,[-399],[0,"8fh0CEEvNHYrowHhzzv+u0",1],[5,44,43],[-94,0,0,0,0,0,1,1,1,1]],[5,2,false,184],[4,"New Label",0,16,[[3,1,"换三张",30,1,1,-400]],[0,"935Qjaxj9N1p0tHWJHTvEs",1],[4,4278255887],[5,90,40],[0,0,0.5],[-66,0,0,0,0,0,1,1,1,1]],[7,"checkmark",false,0,17,[-401],[0,"d6vb3K6INMpKfCAhnlJ9LD",1],[5,44,43],[-94,0,0,0,0,0,1,1,1,1]],[5,2,false,187],[4,"New Label",0,17,[[3,1,"天地胡",30,1,1,-402]],[0,"60z3l2RrVD3ao6SZpP70KH",1],[4,4278255887],[5,90,40],[0,0,0.5],[-66,0,0,0,0,0,1,1,1,1]]],0,[0,10,1,0,0,1,0,11,156,0,0,1,0,0,1,0,-1,97,0,-2,98,0,-3,18,0,-4,19,0,-5,36,0,-6,11,0,-7,38,0,0,2,0,0,2,0,-1,44,0,-2,45,0,-3,46,0,-4,136,0,-5,48,0,-6,35,0,0,3,0,0,3,0,0,3,0,-1,20,0,-2,21,0,-3,22,0,-4,23,0,-5,24,0,0,4,0,0,4,0,0,4,0,-1,25,0,-2,26,0,-3,27,0,-4,28,0,0,5,0,0,5,0,0,5,0,-1,29,0,-2,30,0,-3,31,0,0,6,0,0,6,0,0,6,0,-1,32,0,-2,33,0,-3,34,0,0,7,0,0,7,0,-1,55,0,-2,56,0,-3,43,0,-4,57,0,3,139,0,2,47,0,0,8,0,0,8,0,-1,47,0,-2,138,0,-3,73,0,0,9,0,0,9,0,0,9,0,-1,51,0,-2,53,0,3,158,0,2,83,0,0,10,0,0,10,0,-1,83,0,-2,157,0,-3,159,0,0,11,0,0,11,0,0,11,0,-1,12,0,-2,13,0,3,161,0,2,84,0,0,12,0,-1,84,0,-2,160,0,-3,162,0,-4,85,0,3,164,0,2,86,0,0,13,0,-1,86,0,-2,163,0,-3,165,0,-4,87,0,3,179,0,2,93,0,0,14,0,0,14,0,-1,93,0,-2,178,0,-3,180,0,3,182,0,2,94,0,0,15,0,0,15,0,-1,94,0,-2,181,0,-3,183,0,3,185,0,2,95,0,0,16,0,0,16,0,-1,95,0,-2,184,0,-3,186,0,3,188,0,2,96,0,0,17,0,0,17,0,-1,96,0,-2,187,0,-3,189,0,0,18,0,0,18,0,2,18,0,0,18,0,0,19,0,-1,99,0,3,101,0,2,59,0,0,20,0,-1,59,0,-2,100,0,-3,102,0,3,104,0,2,60,0,0,21,0,-1,60,0,-2,103,0,-3,105,0,3,107,0,2,61,0,0,22,0,-1,61,0,-2,106,0,-3,108,0,3,110,0,2,62,0,0,23,0,-1,62,0,-2,109,0,-3,111,0,3,113,0,2,63,0,0,24,0,-1,63,0,-2,112,0,-3,114,0,3,116,0,2,65,0,0,25,0,-1,65,0,-2,115,0,-3,117,0,3,119,0,2,66,0,0,26,0,-1,66,0,-2,118,0,-3,120,0,3,122,0,2,67,0,0,27,0,-1,67,0,-2,121,0,-3,123,0,3,125,0,2,68,0,0,28,0,-1,68,0,-2,124,0,-3,126,0,3,128,0,2,70,0,0,29,0,-1,70,0,-2,127,0,-3,129,0,3,131,0,2,71,0,0,30,0,-1,71,0,-2,130,0,-3,132,0,3,134,0,2,72,0,0,31,0,-1,72,0,-2,133,0,-3,135,0,3,141,0,2,75,0,0,32,0,-1,75,0,-2,140,0,-3,142,0,3,144,0,2,76,0,0,33,0,-1,76,0,-2,143,0,-3,145,0,3,147,0,2,77,0,0,34,0,-1,77,0,-2,146,0,-3,148,0,0,35,0,-1,78,0,-2,49,0,-3,50,0,0,36,0,-1,37,0,-2,82,0,0,37,0,2,37,0,0,37,0,-1,155,0,0,38,0,0,38,0,-1,88,0,3,167,0,2,89,0,0,39,0,-1,89,0,-2,166,0,-3,168,0,3,170,0,2,90,0,0,40,0,-1,90,0,-2,169,0,-3,171,0,3,173,0,2,91,0,0,41,0,-1,91,0,-2,172,0,-3,174,0,3,176,0,2,92,0,0,42,0,-1,92,0,-2,175,0,-3,177,0,0,44,0,-1,58,0,0,45,0,-1,64,0,0,46,0,-1,69,0,0,47,0,-1,137,0,0,48,0,-1,74,0,0,49,0,0,49,0,-1,79,0,0,50,0,2,50,0,0,50,0,3,151,0,2,52,0,0,51,0,-1,52,0,-2,80,0,0,52,0,-1,149,0,3,154,0,2,54,0,0,53,0,-1,54,0,-2,81,0,0,54,0,-1,152,0,0,55,0,0,56,0,0,57,0,2,57,0,0,57,0,0,58,0,0,58,0,0,59,0,0,60,0,0,61,0,0,62,0,0,63,0,0,64,0,0,64,0,0,65,0,0,66,0,0,67,0,0,68,0,0,69,0,0,69,0,0,70,0,0,71,0,0,72,0,0,73,0,0,73,0,0,74,0,0,74,0,0,75,0,0,76,0,0,77,0,0,78,0,0,78,0,0,79,0,0,79,0,-1,151,0,-1,150,0,-1,154,0,-1,153,0,0,82,0,0,82,0,0,83,0,0,84,0,0,85,0,0,85,0,0,86,0,0,87,0,0,87,0,0,88,0,0,88,0,0,89,0,0,90,0,0,91,0,0,92,0,0,93,0,0,94,0,0,95,0,0,96,0,0,97,0,0,98,0,0,99,0,-1,101,0,0,102,0,-1,104,0,0,105,0,-1,107,0,0,108,0,-1,110,0,0,111,0,-1,113,0,0,114,0,-1,116,0,0,117,0,-1,119,0,0,120,0,-1,122,0,0,123,0,-1,125,0,0,126,0,-1,128,0,0,129,0,-1,131,0,0,132,0,-1,134,0,0,135,0,0,137,0,-1,139,0,-1,141,0,0,142,0,-1,144,0,0,145,0,-1,147,0,0,148,0,0,149,0,0,150,0,0,152,0,0,153,0,-1,156,0,-1,158,0,0,159,0,-1,161,0,0,162,0,-1,164,0,0,165,0,-1,167,0,0,168,0,-1,170,0,0,171,0,-1,173,0,0,174,0,-1,176,0,0,177,0,-1,179,0,0,180,0,-1,182,0,0,183,0,-1,185,0,0,186,0,-1,188,0,0,189,0,12,1,2,4,19,3,4,44,4,4,45,5,4,46,6,4,48,7,4,38,8,4,136,9,4,19,10,4,36,14,4,43,15,4,43,16,4,43,17,4,43,39,4,55,40,4,55,41,4,56,42,4,56,402],[0,0,0,0,0,0,0,0,0,0,0,0,0,0,0,0,0,0,0,0,0,0,0,0,0,0,0,0,0,0,0,0,0,0,0,0,0,0,0,0,0,0,0,0,0,0,0,0,0,0,0,0,0,0,0,101,104,107,110,113,116,119,122,125,128,131,134,139,141,144,147,151,154,161,164,167,170,173,176,179,182,185,188],[1,1,1,1,1,1,1,1,1,1,1,1,1,1,1,1,1,1,1,1,1,1,1,6,7,8,9,1,1,1,1,1,1,1,1,1,1,1,1,1,1,1,1,1,1,1,1,1,1,6,7,8,9,1,1,1,1,1,1,1,1,1,1,1,1,1,1,1,1,1,1,1,1,1,1,1,1,1,1,1,1,1,1],[13,14,15,6,0,0,0,0,0,0,0,0,0,0,0,0,16,17,0,0,0,18,19,7,2,2,8,20,9,21,22,9,23,24,25,0,10,0,10,26,0,0,0,0,3,3,3,3,27,7,2,2,8,6,28,1,1,1,1,1,1,1,1,1,1,1,1,29,1,1,1,11,11,1,1,1,1,1,1,4,4,4,4]],[[{"name":"bt_cjfj_xzdd_1","rect":[2,178,146,40],"offset":[-2,11.5],"originalSize":[196,95],"capInsets":[0,0,0,0]}],[6],0,[0],[5],[5]],[[{"name":"bt_cjfj_xlch_1","rect":[284,108,148,39],"offset":[-1,11],"originalSize":[196,95],"rotated":1,"capInsets":[0,0,0,0]}],[6],0,[0],[5],[12]],[[{"name":"bt_cjfj_xlch","rect":[2,308,148,39],"offset":[-1,11],"originalSize":[196,95],"capInsets":[0,0,0,0]}],[6],0,[0],[5],[12]]]]