[1,["ecpdLyjvZBwrvm+cedCcQy","13429a50d","65vr0ptF9Fso+z9FfjMO+u","f6ehxivWlB4LTP0/lQrHZy"],["node","_spriteFrame","_textureSetter","root","lblName","data"],[["cc.Node",["_name","_zIndex","_components","_prefab","_contentSize","_children","_anchorPoint","_parent","_trs"],1,9,4,5,2,5,1,7],["cc.Sprite",["_type","_sizeMode","node","_materials","_spriteFrame"],1,1,3,6],["cc.PrefabInfo",["fileId","root","asset"],2,1,1],"cc.SpriteFrame",["cc.Prefab",["_name"],2],["cc.Node",["_name","_zIndex","_parent","_components","_prefab","_color","_contentSize","_anchorPoint","_trs"],1,1,2,4,5,5,5,7],["e4112f5Lu9LP7F3JE4QavRY",["node","lblName"],3,1,1],["cc.Button",["zoomScale","_N$transition","node","clickEvents","_N$normalColor"],1,1,9,5],["cc.ClickEvent",["_componentId","handler","target"],1,1],["cc.Label",["_srcBlendFactor","_string","_fontSize","_N$horizontalAlign","_N$verticalAlign","node","_materials"],-2,1,3]],[[2,0,1,2,2],[4,0,2],[0,0,1,5,2,3,4,6,3],[0,0,1,7,2,3,4,8,3],[5,0,1,2,3,4,5,6,7,8,3],[1,0,1,2,3,4,3],[1,2,3,4,1],[6,0,1,1],[2,1,2,1],[7,0,1,2,3,4,3],[8,0,1,2,3],[9,0,1,2,3,4,5,6,6]],[[[{"name":"bt_bzzj_ck","rect":[183,526,95,57],"offset":[0,0],"originalSize":[95,57],"rotated":1,"capInsets":[0,0,0,0]}],[3],0,[0],[2],[1]],[[[1,"ChooseClubItemView"],[2,"ChooseClubItemView",0,[-5,-6],[[5,1,0,-2,[3],4],[7,-4,-3]],[8,-1,0],[5,600,100],[0,0.5,1]],[3,"BT_Detail",0,1,[[6,-7,[1],2],[9,1.1,3,-8,[[10,"e4112f5Lu9LP7F3JE4QavRY","onClicked",1]],[4,4292269782]]],[0,"69hctpfrpPMokc+Ckc68BE",1,0],[5,95,57],[233,-50,0,0,0,0,1,1,1,0]],[4,"Lbl_Nick",0,1,[-9],[0,"bcAHJENbZEVanWWNtnbemu",1,0],[4,4283970096],[5,150,50.4],[0,0,0.5],[-274,-49,0,0,0,0,1,1,1,1]],[11,1,"俱乐部昵称",30,1,1,3,[0]]],0,[0,3,1,0,0,1,0,4,4,0,0,1,0,-1,3,0,-2,2,0,0,2,0,0,2,0,-1,4,0,5,1,9],[0,0,0,0,0],[-1,-1,1,-1,1],[0,0,2,0,3]]]]