[1,["1d7c846ac","31metBY39PkoM0bEu8GFOV"],["node","_textureSetter","root","data","_spriteFrame"],[["cc.Node",["_name","_zIndex","_components","_prefab","_contentSize","_children","_trs","_parent"],1,9,4,5,2,7,1],"cc.SpriteFrame",["cc.Prefab",["_name"],2],["cc.Sprite",["_type","_sizeMode","node","_spriteFrame"],1,1,6],["7f5cdcGge9J3aSIhj57RXdg",["node"],3,1],["cc.PrefabInfo",["fileId","root"],2,1],["cc.Label",["_srcBlendFactor","_string","_fontSize","_N$horizontalAlign","_N$verticalAlign","node"],-2,1]],[[5,0,1,2],[2,0,2],[0,0,1,5,2,3,4,6,3],[0,0,1,7,2,3,4,3],[3,0,1,2,3,3],[4,0,1],[6,0,1,2,3,4,5,6]],[[[{"name":"bg-xiaoxi","rect":[417,159,408,90],"offset":[0,0],"originalSize":[408,90],"rotated":1,"capInsets":[0,0,0,0]}],[1],0,[0],[1],[0]],[[[1,"RoomMsgView"],[2,"RoomMsgView",0,[-4],[[4,1,0,-2,0],[5,-3]],[0,"0a0fGHOVBMObW2OY6RieDu",-1],[5,408,90],[0,695,0,0,0,0,1,1,1,1]],[3,"New Label",0,1,[[6,1,"加入房间",30,1,1,-5]],[0,"aaXfXFvkRAJprbZ/1l4oJi",1],[5,120,40]]],0,[0,2,1,0,0,1,0,0,1,0,-1,2,0,0,2,0,3,1,5],[0],[4],[1]]]]