[1,["62tFCAeKdLF7kCsu6twhiQ","51uxA/4qBI26MhblLQJCmT"],["_textureSetter","spriteFrame"],["cc.SpriteFrame",["cc.LabelAtlas",["_name","fontSize","_fntConfig"],0]],[[1,0,1,2,4]],[[[{"name":"font_jrfj_0","rect":[4,2,462,51],"offset":[0,0],"originalSize":[470,55],"capInsets":[0,0,0,0]}],[0],0,[0],[0],[0]],[[[0,"JoinRoomNum",48.4,{"commonHeight":55,"fontSize":48,"atlasName":"font_jrfj_0","fontDefDictionary":{"48":{"xOffset":0,"yOffset":0,"xAdvance":47,"rect":{"x":0,"y":0,"width":47,"height":55}},"49":{"xOffset":0,"yOffset":0,"xAdvance":47,"rect":{"x":47,"y":0,"width":47,"height":55}},"50":{"xOffset":0,"yOffset":0,"xAdvance":47,"rect":{"x":94,"y":0,"width":47,"height":55}},"51":{"xOffset":0,"yOffset":0,"xAdvance":47,"rect":{"x":141,"y":0,"width":47,"height":55}},"52":{"xOffset":0,"yOffset":0,"xAdvance":47,"rect":{"x":188,"y":0,"width":47,"height":55}},"53":{"xOffset":0,"yOffset":0,"xAdvance":47,"rect":{"x":235,"y":0,"width":47,"height":55}},"54":{"xOffset":0,"yOffset":0,"xAdvance":47,"rect":{"x":282,"y":0,"width":47,"height":55}},"55":{"xOffset":0,"yOffset":0,"xAdvance":47,"rect":{"x":329,"y":0,"width":47,"height":55}},"56":{"xOffset":0,"yOffset":0,"xAdvance":47,"rect":{"x":376,"y":0,"width":47,"height":55}},"57":{"xOffset":0,"yOffset":0,"xAdvance":47,"rect":{"x":423,"y":0,"width":47,"height":55}}},"kerningDict":{}}]],0,0,[0],[1],[1]]]]