[1,["fcyWVuiNJCjbmtpsacW94P","83zkjigfpDg6/T2XiBmInm"],["spriteFrame","_textureSetter"],["cc.SpriteFrame",["cc.LabelAtlas",["_name","fontSize","_fntConfig"],0]],[[1,0,1,2,4]],[[[[0,"font_nz",32.56,{"commonHeight":37,"fontSize":32,"atlasName":"font_nz","fontDefDictionary":{"48":{"xOffset":0,"yOffset":0,"xAdvance":26,"rect":{"x":0,"y":0,"width":26,"height":37}},"49":{"xOffset":0,"yOffset":0,"xAdvance":26,"rect":{"x":26,"y":0,"width":26,"height":37}},"50":{"xOffset":0,"yOffset":0,"xAdvance":26,"rect":{"x":52,"y":0,"width":26,"height":37}},"51":{"xOffset":0,"yOffset":0,"xAdvance":26,"rect":{"x":78,"y":0,"width":26,"height":37}},"52":{"xOffset":0,"yOffset":0,"xAdvance":26,"rect":{"x":104,"y":0,"width":26,"height":37}},"53":{"xOffset":0,"yOffset":0,"xAdvance":26,"rect":{"x":130,"y":0,"width":26,"height":37}},"54":{"xOffset":0,"yOffset":0,"xAdvance":26,"rect":{"x":156,"y":0,"width":26,"height":37}},"55":{"xOffset":0,"yOffset":0,"xAdvance":26,"rect":{"x":182,"y":0,"width":26,"height":37}},"56":{"xOffset":0,"yOffset":0,"xAdvance":26,"rect":{"x":208,"y":0,"width":26,"height":37}},"57":{"xOffset":0,"yOffset":0,"xAdvance":26,"rect":{"x":234,"y":0,"width":26,"height":37}}},"kerningDict":{}}]],0,0,[0],[0],[0]],[[{"name":"font_nz","rect":[1,2,257,33],"offset":[-0.5,0],"originalSize":[260,37],"capInsets":[0,0,0,0]}],[0],0,[0],[1],[1]]]]