[1,["a0Oh1HEzVJiKBnWlE6SjDD","63GKgSJ19FUa6G393e4Fa1"],["spriteFrame","_textureSetter"],["cc.SpriteFrame",["cc.LabelAtlas",["_name","fontSize","_fntConfig"],0]],[[1,0,1,2,4]],[[[[0,"t_sss_lssz_0",25.52,{"commonHeight":29,"fontSize":25,"atlasName":"t_sss_lssz_0","fontDefDictionary":{"47":{"xOffset":0,"yOffset":0,"xAdvance":25,"rect":{"x":0,"y":0,"width":25,"height":29}},"48":{"xOffset":0,"yOffset":0,"xAdvance":25,"rect":{"x":25,"y":0,"width":25,"height":29}},"49":{"xOffset":0,"yOffset":0,"xAdvance":25,"rect":{"x":50,"y":0,"width":25,"height":29}},"50":{"xOffset":0,"yOffset":0,"xAdvance":25,"rect":{"x":75,"y":0,"width":25,"height":29}},"51":{"xOffset":0,"yOffset":0,"xAdvance":25,"rect":{"x":100,"y":0,"width":25,"height":29}},"52":{"xOffset":0,"yOffset":0,"xAdvance":25,"rect":{"x":125,"y":0,"width":25,"height":29}},"53":{"xOffset":0,"yOffset":0,"xAdvance":25,"rect":{"x":150,"y":0,"width":25,"height":29}},"54":{"xOffset":0,"yOffset":0,"xAdvance":25,"rect":{"x":175,"y":0,"width":25,"height":29}},"55":{"xOffset":0,"yOffset":0,"xAdvance":25,"rect":{"x":200,"y":0,"width":25,"height":29}},"56":{"xOffset":0,"yOffset":0,"xAdvance":25,"rect":{"x":225,"y":0,"width":25,"height":29}},"57":{"xOffset":0,"yOffset":0,"xAdvance":25,"rect":{"x":250,"y":0,"width":25,"height":29}}},"kerningDict":{}}]],0,0,[0],[0],[0]],[[{"name":"t_sss_lssz_0","rect":[1,0,274,29],"offset":[0.5,0],"originalSize":[275,29],"capInsets":[0,0,0,0]}],[0],0,[0],[1],[1]]]]