[1,["15aea004b","ab6pG5H0dNcJejnBFHihjl","1d2df14f1","a2MjXRFdtLlYQ5ouAFv/+R","d6msVSqOhGcYQzjH5vPHtR","1fU6edRe5OJZOr9MI7dO4A","72pGPD2HxD0ZjET8OPGs9O","203/nderpEzboo/wU70e1w","b1DHkhTbZE1rB4ebWgz3yC"],["node","_spriteFrame","_textureSetter","root","listView","lblRule","winTitle","_N$target","data","gameOverItem","gameOverItem_M"],[["cc.Node",["_name","_zIndex","_opacity","_components","_prefab","_parent","_contentSize","_trs","_children","_color","_anchorPoint"],0,9,4,1,5,7,2,5,5],["cc.Sprite",["_sizeMode","_type","node","_spriteFrame"],1,1,6],"cc.SpriteFrame",["cc.Node",["_name","_zIndex","_parent","_components","_prefab","_contentSize","_trs","_color"],1,1,2,4,5,7,5],["cc.Prefab",["_name"],2],["328845QDFlAvYMdVd6xvHNi",["node","winTitle","winTitleSp","lblRule","listView","gameOverItem","gameOverItem_M"],3,1,1,3,1,1,6,6],["cc.PrefabInfo",["fileId","root"],2,1],["cc.Button",["_N$transition","node","clickEvents","_N$normalColor","_N$target"],2,1,9,5,1],["cc.ClickEvent",["_componentId","handler","target"],1,1],["cc.BlockInputEvents",["node"],3,1],["cc.Layout",["_resize","_N$layoutType","node","_layoutSize"],1,1,5],["cc.Label",["_srcBlendFactor","_string","_fontSize","_N$horizontalAlign","_N$verticalAlign","node"],-2,1]],[[6,0,1,2],[4,0,2],[0,0,1,8,3,4,3],[0,0,1,5,8,3,4,6,7,3],[0,0,1,5,3,4,6,7,3],[0,0,2,1,5,3,4,9,6,4],[0,0,1,5,3,4,9,6,10,7,3],[3,0,1,2,3,4,5,6,3],[3,0,1,2,3,4,7,5,6,3],[5,0,1,2,3,4,5,6,1],[1,1,0,2,3,3],[1,2,3,1],[1,0,2,3,2],[1,2,1],[7,0,1,2,3,4,2],[8,0,1,2,3],[9,0,1],[10,0,1,2,3,3],[11,0,1,2,3,4,5,6]],[[[{"name":"t_bt_mj_sb","rect":[756,561,294,171],"offset":[1,-1.5],"originalSize":[304,184],"rotated":1,"capInsets":[0,0,0,0]}],[2],0,[0],[2],[0]],[[{"name":"t_bt_mj_sl","rect":[572,561,295,178],"offset":[1.5,-1],"originalSize":[304,184],"rotated":1,"capInsets":[0,0,0,0]}],[2],0,[0],[2],[0]],[[{"name":"bt_mj_jxyx","rect":[3,3,208,62],"offset":[0,0],"originalSize":[210,64],"capInsets":[0,0,0,0]}],[2],0,[0],[2],[2]],[[[1,"GameResult"],[2,"GameResult",0,[-6,-7],[[9,-5,-4,[5,6],-3,-2,3,4]],[0,"eaVK8Za7VDgqWiMpqHEiCr",-1]],[3,"menu",0,1,[-9,-10,-11,-12],[[10,1,0,-8,2]],[0,"3ev/9kZz5H07QDtXhdfr/v",1],[5,1280,560],[0,2,0,0,0,0,1,1,1,1]],[4,"readyBtn",0,2,[[11,-13,1],[14,3,-15,[[15,"328845QDFlAvYMdVd6xvHNi","onBtnReadyClicked",1]],[4,4292269782],-14]],[0,"8cn6ryjvpNoYUxkWiOLS3y",1],[5,210,64],[0,-318,0,0,0,0,1,1,1,1]],[5,"shade",100,0,1,[[16,-16],[12,0,-17,0]],[0,"61mUEZ8chO26AdBjvTsWip",1],[4,4279111948],[5,2400,2400]],[6,"list",0,2,[[17,1,2,-18,[5,1047,70]]],[0,"7aW3AcgxdHp7XOaWV7e1UQ",1],[4,4289177511],[5,1047,70],[0,0.5,1],[0,238,0,0,0,0,1,1,1,1]],[7,"t_peng",0,2,[-19],[0,"17kNMNzqdJtpiGliWf4hWl",1],[5,299,184],[0,296,0,0,0,0,1,1,1,1]],[13,6],[8,"New Label",0,2,[-20],[0,"88cP6AxXhE2bG9YLT5jk0u",1],[4,4289392216],[5,58.72,40],[0,-259,0,0,0,0,1,1,1,1]],[18,1,"Label",24,1,1,8]],0,[0,3,1,0,4,5,0,5,9,0,6,7,0,0,1,0,-1,4,0,-2,2,0,0,2,0,-1,6,0,-2,5,0,-3,3,0,-4,8,0,0,3,0,7,3,0,0,3,0,0,4,0,0,4,0,0,5,0,-1,7,0,-1,9,0,8,1,20],[0,0,0,0,0,0,0,7],[1,1,1,9,10,-1,-2,1],[3,4,5,6,7,8,1,1]]]]