[1,["c0lacTzA1HmIHefEr97daC","30mQEnBpBKT7zDo1Y8y7L4","76pj5xEyNK45g19/D3wyvf","dbYz0KvKRE8KOd9j96JUXz","70bGXfSVFHEoykjsfwj3yp","09XdKCNsFHwYF2Ta/p0rg/","31xL48tMtKurj69UFJSQ4H","fetxGevF5O8IT+6toGhd+n","4bvTtLtKBNzaUx9PX678ED","1fzEpWPPpM9Jflii3qj+jJ","6cJmOAvn5FhaBAcI8JyCPB","33r1ZPIi1Ld7erLjPyyRlU","76Idaot8dPg4Kc+Lg5r6Wd","20aQHWdbBC4aClPUkt9Jw6","d8+NHbitlEU490BxJ6bJjV","f0x6osobJAy4Hjc9lK3w1Q","cen3Ip4IZPy5EIE8XYKMMT","72snr5Dm5IxoTXuKfC3TUJ","86VbukTyJKuqyW967kc0Yz","c7V6C7VCJOVJ/KuFuGKdUV","edy4weyVVOKbZnCsDy49Rq"],["_textureSetter","lz1","lz10","lz11","lz12","lz13","lz14","lz15","lz16","lz17","lz18","lz19","lz2","lz20","lz3","lz4","lz5","lz6","lz7","lz8","lz9"],["cc.SpriteFrame",["cc.SpriteAtlas",["_name","_spriteFrames"],2,11]],[[1,0,1,2]],[[[{"name":"lz13","rect":[2,173,124,169],"offset":[0,0],"originalSize":[124,169],"capInsets":[0,0,0,0]}],[0],0,[0],[0],[0]],[[{"name":"lz17","rect":[2,344,124,169],"offset":[0,0],"originalSize":[124,169],"capInsets":[0,0,0,0]}],[0],0,[0],[0],[0]],[[{"name":"lz20","rect":[2,515,124,169],"offset":[0,0],"originalSize":[124,169],"capInsets":[0,0,0,0]}],[0],0,[0],[0],[0]],[[{"name":"lz1","rect":[2,2,124,169],"offset":[0,0],"originalSize":[124,169],"capInsets":[0,0,0,0]}],[0],0,[0],[0],[0]],[[{"name":"lz14","rect":[128,173,124,169],"offset":[0,0],"originalSize":[124,169],"capInsets":[0,0,0,0]}],[0],0,[0],[0],[0]],[[{"name":"lz19","rect":[254,344,124,169],"offset":[0,0],"originalSize":[124,169],"capInsets":[0,0,0,0]}],[0],0,[0],[0],[0]],[[{"name":"lz16","rect":[380,173,124,169],"offset":[0,0],"originalSize":[124,169],"capInsets":[0,0,0,0]}],[0],0,[0],[0],[0]],[[{"name":"lz18","rect":[128,344,124,169],"offset":[0,0],"originalSize":[124,169],"capInsets":[0,0,0,0]}],[0],0,[0],[0],[0]],[[[0,"lz.plist",[{},"lz1",6,0,"lz10",6,1,"lz11",6,2,"lz12",6,3,"lz13",6,4,"lz14",6,5,"lz15",6,6,"lz16",6,7,"lz17",6,8,"lz18",6,9,"lz19",6,10,"lz2",6,11,"lz20",6,12,"lz3",6,13,"lz4",6,14,"lz5",6,15,"lz6",6,16,"lz7",6,17,"lz8",6,18,"lz9",6,19]]],0,0,[0,0,0,0,0,0,0,0,0,0,0,0,0,0,0,0,0,0,0,0],[1,2,3,4,5,6,7,8,9,10,11,12,13,14,15,16,17,18,19,20],[1,2,3,4,5,6,7,8,9,10,11,12,13,14,15,16,17,18,19,20]],[[{"name":"lz12","rect":[380,2,124,169],"offset":[0,0],"originalSize":[124,169],"capInsets":[0,0,0,0]}],[0],0,[0],[0],[0]],[[{"name":"lz6","rect":[2,686,124,169],"offset":[0,0],"originalSize":[124,169],"capInsets":[0,0,0,0]}],[0],0,[0],[0],[0]],[[{"name":"lz2","rect":[380,344,124,169],"offset":[0,0],"originalSize":[124,169],"capInsets":[0,0,0,0]}],[0],0,[0],[0],[0]],[[{"name":"lz10","rect":[128,2,124,169],"offset":[0,0],"originalSize":[124,169],"capInsets":[0,0,0,0]}],[0],0,[0],[0],[0]],[[{"name":"lz7","rect":[128,686,124,169],"offset":[0,0],"originalSize":[124,169],"capInsets":[0,0,0,0]}],[0],0,[0],[0],[0]],[[{"name":"lz8","rect":[254,686,124,169],"offset":[0,0],"originalSize":[124,169],"capInsets":[0,0,0,0]}],[0],0,[0],[0],[0]],[[{"name":"lz5","rect":[380,515,124,169],"offset":[0,0],"originalSize":[124,169],"capInsets":[0,0,0,0]}],[0],0,[0],[0],[0]],[[{"name":"lz3","rect":[128,515,124,169],"offset":[0,0],"originalSize":[124,169],"capInsets":[0,0,0,0]}],[0],0,[0],[0],[0]],[[{"name":"lz11","rect":[254,2,124,169],"offset":[0,0],"originalSize":[124,169],"capInsets":[0,0,0,0]}],[0],0,[0],[0],[0]],[[{"name":"lz9","rect":[380,686,124,169],"offset":[0,0],"originalSize":[124,169],"capInsets":[0,0,0,0]}],[0],0,[0],[0],[0]],[[{"name":"lz4","rect":[254,515,124,169],"offset":[0,0],"originalSize":[124,169],"capInsets":[0,0,0,0]}],[0],0,[0],[0],[0]],[[{"name":"lz15","rect":[254,173,124,169],"offset":[0,0],"originalSize":[124,169],"capInsets":[0,0,0,0]}],[0],0,[0],[0],[0]]]]