[1,["11cbedeb1","1d7c846ac","05qlFzv91FqbLQmdIaX+3t"],["_textureSetter"],["cc.SpriteFrame"],0,[[[{"name":"bt_yxzm_yq_0","rect":[278,334,110,110],"offset":[0,0],"originalSize":[110,110],"capInsets":[0,0,0,0]}],[0],0,[0],[0],[0]],[[{"name":"bg_heidi","rect":[0,0,72,36],"offset":[0,0],"originalSize":[72,36],"capInsets":[5,5,6,4]}],[0],0,[0],[0],[2]],[[{"name":"t_ts_ok","rect":[268,504,63,81],"offset":[0,0],"originalSize":[63,81],"rotated":1,"capInsets":[0,0,0,0]}],[0],0,[0],[0],[1]],[[{"name":"bt_yxzm_zx_0","rect":[394,334,110,110],"offset":[0,0],"originalSize":[110,110],"capInsets":[0,0,0,0]}],[0],0,[0],[0],[0]],[[{"name":"t_zm_lx","rect":[355,345,63,41],"offset":[0,0],"originalSize":[63,41],"rotated":1,"capInsets":[0,0,0,0]}],[0],0,[0],[0],[1]]]]