[1,["2bPhNXpdZDl6lcpyiWJyqa","5c/rxh4HJI/pFcz5nXCcen","08hfRq4rFMR6mVzlAXXjrL","cebCZTe9NNxbO1fuNVxbJ1","e9p444gjJI9pNmMfV3iU+X","1b7CgE/XdFCbWtL0c2L04K","32PAEcq/lH14iEYc/BtppC","2b0E1ChJJFGruC3YSoMOhx","29h+ABkj9IG7dg51XnunnT","5c5VJv81NOkYPLiqbRyEcl","e1k534t4dJv7j67VHP0/Ul","9dgZ7vA8BKz4A5EvTcFMhE","10+JkYDTVOkYetduFJcjxd","1ef3qiSaZHq71M2f2p1lrd","ef8MZNhU5GO7bwpl4EEqHP","f4/bJhMGpPJLOWQ8j5tI15","923xEMLhtIb4Xx/rgVeJJf","19Ww2YVJtPtaOcA1hARGkl","fbqvIbNJFDIpZIWN+ucj2j","11Y5sEhhdN+6pZlACNgxTT","b9+3Cr08RARLaZ9Apmnnrk","77geVb3alL3bHlX/mr1fRw","bc5qh1Bc5CLLwru6uvuPy/"],["_textureSetter","t_0","t_10","t_100","t_101","t_11","t_128","t_20","t_21","t_30","t_31","t_40","t_41","t_50","t_51","t_60","t_61","t_70","t_71","t_80","t_81","t_90","t_91"],["cc.SpriteFrame",["cc.SpriteAtlas",["_name","_spriteFrames"],2,11]],[[1,0,1,2]],[[[{"name":"t_10","rect":[0,84,229,84],"offset":[0,0],"originalSize":[229,84],"capInsets":[0,0,0,0]}],[0],0,[0],[0],[0]],[[{"name":"t_41","rect":[0,672,229,84],"offset":[0,0],"originalSize":[229,84],"capInsets":[0,0,0,0]}],[0],0,[0],[0],[0]],[[{"name":"t_80","rect":[0,1260,229,84],"offset":[0,0],"originalSize":[229,84],"capInsets":[0,0,0,0]}],[0],0,[0],[0],[0]],[[{"name":"t_70","rect":[0,1092,229,84],"offset":[0,0],"originalSize":[229,84],"capInsets":[0,0,0,0]}],[0],0,[0],[0],[0]],[[{"name":"t_11","rect":[0,168,229,84],"offset":[0,0],"originalSize":[229,84],"capInsets":[0,0,0,0]}],[0],0,[0],[0],[0]],[[{"name":"t_50","rect":[0,756,229,84],"offset":[0,0],"originalSize":[229,84],"capInsets":[0,0,0,0]}],[0],0,[0],[0],[0]],[[{"name":"t_21","rect":[0,336,229,84],"offset":[0,0],"originalSize":[229,84],"capInsets":[0,0,0,0]}],[0],0,[0],[0],[0]],[[{"name":"t_20","rect":[0,252,229,84],"offset":[0,0],"originalSize":[229,84],"capInsets":[0,0,0,0]}],[0],0,[0],[0],[0]],[[{"name":"t_128","rect":[0,1764,229,84],"offset":[0,0],"originalSize":[229,84],"capInsets":[0,0,0,0]}],[0],0,[0],[0],[0]],[[{"name":"t_30","rect":[0,420,229,84],"offset":[0,0],"originalSize":[229,84],"capInsets":[0,0,0,0]}],[0],0,[0],[0],[0]],[[{"name":"t_0","rect":[0,0,229,84],"offset":[0,0],"originalSize":[229,84],"capInsets":[0,0,0,0]}],[0],0,[0],[0],[0]],[[[0,"EBGCardType.plist",[{},"t_0",6,0,"t_10",6,1,"t_100",6,2,"t_101",6,3,"t_11",6,4,"t_128",6,5,"t_20",6,6,"t_21",6,7,"t_30",6,8,"t_31",6,9,"t_40",6,10,"t_41",6,11,"t_50",6,12,"t_51",6,13,"t_60",6,14,"t_61",6,15,"t_70",6,16,"t_71",6,17,"t_80",6,18,"t_81",6,19,"t_90",6,20,"t_91",6,21]]],0,0,[0,0,0,0,0,0,0,0,0,0,0,0,0,0,0,0,0,0,0,0,0,0],[1,2,3,4,5,6,7,8,9,10,11,12,13,14,15,16,17,18,19,20,21,22],[1,2,3,4,5,6,7,8,9,10,11,12,13,14,15,16,17,18,19,20,21,22]],[[{"name":"t_90","rect":[0,1428,229,84],"offset":[0,0],"originalSize":[229,84],"capInsets":[0,0,0,0]}],[0],0,[0],[0],[0]],[[{"name":"t_61","rect":[0,1008,229,84],"offset":[0,0],"originalSize":[229,84],"capInsets":[0,0,0,0]}],[0],0,[0],[0],[0]],[[{"name":"t_40","rect":[0,588,229,84],"offset":[0,0],"originalSize":[229,84],"capInsets":[0,0,0,0]}],[0],0,[0],[0],[0]],[[{"name":"t_81","rect":[0,1344,229,84],"offset":[0,0],"originalSize":[229,84],"capInsets":[0,0,0,0]}],[0],0,[0],[0],[0]],[[{"name":"t_91","rect":[0,1512,229,84],"offset":[0,0],"originalSize":[229,84],"capInsets":[0,0,0,0]}],[0],0,[0],[0],[0]],[[{"name":"t_100","rect":[0,1596,229,84],"offset":[0,0],"originalSize":[229,84],"capInsets":[0,0,0,0]}],[0],0,[0],[0],[0]],[[{"name":"t_31","rect":[0,504,229,84],"offset":[0,0],"originalSize":[229,84],"capInsets":[0,0,0,0]}],[0],0,[0],[0],[0]],[[{"name":"t_101","rect":[0,1680,229,84],"offset":[0,0],"originalSize":[229,84],"capInsets":[0,0,0,0]}],[0],0,[0],[0],[0]],[[{"name":"t_51","rect":[0,840,229,84],"offset":[0,0],"originalSize":[229,84],"capInsets":[0,0,0,0]}],[0],0,[0],[0],[0]],[[{"name":"t_60","rect":[0,924,229,84],"offset":[0,0],"originalSize":[229,84],"capInsets":[0,0,0,0]}],[0],0,[0],[0],[0]],[[{"name":"t_71","rect":[0,1176,229,84],"offset":[0,0],"originalSize":[229,84],"capInsets":[0,0,0,0]}],[0],0,[0],[0],[0]]]]