[1,["57E6eXbvxAKoNPFx0YVqU8","7epXXSqUJCcadjUAqJ90jF","fcy4gwuuRLCoPBRG4VpkK2","d2pDB7MCBOspK2eFznkmmI","a2wiu+iRBOJ5Ww1QqPglHg","7b8KlcZNdGxZXqFsVqgh4p","6a/XtU7zFLBas7xPfAn54w","4fwk0tD8BMQb6qoAUD77Mk","4eyV+PfL1MEpqskgZvqlip","90ffughwBIBpMXjBhJK+zA","afYs1EnMZDzZAuahjrowAq","5bD98UlxJDbbLz22HCchVN","4aaGoQjfJK7JLizKeXoidT","12thD8YiNC9Zalody/KroU","66ZHsHBAxD6aTGLJv9rMab","113uLbUFpB15NwhddHk543","74Hj2Io29BzoIX47N6t03A","aeAty/7qhLQKmkKylF580D","ccoZ2xbHtGkYUazR5EK3qI"],["_textureSetter","t_niuji_0","t_niuji_1","t_niuji_10","t_niuji_11","t_niuji_12","t_niuji_13","t_niuji_14","t_niuji_15","t_niuji_16","t_niuji_17","t_niuji_2","t_niuji_3","t_niuji_4","t_niuji_5","t_niuji_6","t_niuji_7","t_niuji_8","t_niuji_9"],["cc.SpriteFrame",["cc.SpriteAtlas",["_name","_spriteFrames"],2,11]],[[1,0,1,2]],[[[{"name":"t_niuji_6","rect":[0,40,149,40],"offset":[0,0],"originalSize":[149,40],"capInsets":[0,0,0,0]}],[0],0,[0],[0],[0]],[[{"name":"t_niuji_4","rect":[596,0,149,40],"offset":[0,0],"originalSize":[149,40],"capInsets":[0,0,0,0]}],[0],0,[0],[0],[0]],[[{"name":"t_niuji_3","rect":[447,0,149,40],"offset":[0,0],"originalSize":[149,40],"capInsets":[0,0,0,0]}],[0],0,[0],[0],[0]],[[{"name":"t_niuji_15","rect":[447,80,149,40],"offset":[0,0],"originalSize":[149,40],"capInsets":[0,0,0,0]}],[0],0,[0],[0],[0]],[[{"name":"t_niuji_14","rect":[298,80,149,40],"offset":[0,0],"originalSize":[149,40],"capInsets":[0,0,0,0]}],[0],0,[0],[0],[0]],[[{"name":"t_niuji_2","rect":[298,0,149,40],"offset":[0,0],"originalSize":[149,40],"capInsets":[0,0,0,0]}],[0],0,[0],[0],[0]],[[{"name":"t_niuji_5","rect":[745,0,149,40],"offset":[0,0],"originalSize":[149,40],"capInsets":[0,0,0,0]}],[0],0,[0],[0],[0]],[[{"name":"t_niuji_13","rect":[149,80,149,40],"offset":[0,0],"originalSize":[149,40],"capInsets":[0,0,0,0]}],[0],0,[0],[0],[0]],[[{"name":"t_niuji_7","rect":[149,40,149,40],"offset":[0,0],"originalSize":[149,40],"capInsets":[0,0,0,0]}],[0],0,[0],[0],[0]],[[{"name":"t_niuji_12","rect":[0,80,149,40],"offset":[0,0],"originalSize":[149,40],"capInsets":[0,0,0,0]}],[0],0,[0],[0],[0]],[[{"name":"t_niuji_0","rect":[0,0,149,40],"offset":[0,0],"originalSize":[149,40],"capInsets":[0,0,0,0]}],[0],0,[0],[0],[0]],[[{"name":"t_niuji_16","rect":[596,80,149,40],"offset":[0,0],"originalSize":[149,40],"capInsets":[0,0,0,0]}],[0],0,[0],[0],[0]],[[{"name":"t_niuji_11","rect":[745,40,149,40],"offset":[0,0],"originalSize":[149,40],"capInsets":[0,0,0,0]}],[0],0,[0],[0],[0]],[[{"name":"t_niuji_8","rect":[298,40,149,40],"offset":[0,0],"originalSize":[149,40],"capInsets":[0,0,0,0]}],[0],0,[0],[0],[0]],[[{"name":"t_niuji_17","rect":[745,80,149,40],"offset":[0,0],"originalSize":[149,40],"capInsets":[0,0,0,0]}],[0],0,[0],[0],[0]],[[{"name":"t_niuji_9","rect":[447,40,149,40],"offset":[0,0],"originalSize":[149,40],"capInsets":[0,0,0,0]}],[0],0,[0],[0],[0]],[[[0,"CardType_12.plist",[{},"t_niuji_0",6,0,"t_niuji_1",6,1,"t_niuji_10",6,2,"t_niuji_11",6,3,"t_niuji_12",6,4,"t_niuji_13",6,5,"t_niuji_14",6,6,"t_niuji_15",6,7,"t_niuji_16",6,8,"t_niuji_17",6,9,"t_niuji_2",6,10,"t_niuji_3",6,11,"t_niuji_4",6,12,"t_niuji_5",6,13,"t_niuji_6",6,14,"t_niuji_7",6,15,"t_niuji_8",6,16,"t_niuji_9",6,17]]],0,0,[0,0,0,0,0,0,0,0,0,0,0,0,0,0,0,0,0,0],[1,2,3,4,5,6,7,8,9,10,11,12,13,14,15,16,17,18],[1,2,3,4,5,6,7,8,9,10,11,12,13,14,15,16,17,18]],[[{"name":"t_niuji_10","rect":[596,40,149,40],"offset":[0,0],"originalSize":[149,40],"capInsets":[0,0,0,0]}],[0],0,[0],[0],[0]]]]