[1,["7ckEGr2CxD0LHuybDjQZse","40YFA1UfVC6LadU0k1Qgql"],["_textureSetter","spriteFrame"],["cc.SpriteFrame",["cc.LabelAtlas",["_name","fontSize","_fntConfig"],0]],[[1,0,1,2,4]],[[[{"name":"font_12rnn1","rect":[0,0,378,30],"offset":[-3,0],"originalSize":[384,30],"capInsets":[0,0,0,0]}],[0],0,[0],[0],[0]],[[[0,"font_12rnn1",26.4,{"commonHeight":30,"fontSize":26,"atlasName":"font_12rnn1","fontDefDictionary":{"46":{"xOffset":0,"yOffset":0,"xAdvance":32,"rect":{"x":0,"y":0,"width":32,"height":30}},"47":{"xOffset":0,"yOffset":0,"xAdvance":32,"rect":{"x":32,"y":0,"width":32,"height":30}},"48":{"xOffset":0,"yOffset":0,"xAdvance":32,"rect":{"x":64,"y":0,"width":32,"height":30}},"49":{"xOffset":0,"yOffset":0,"xAdvance":32,"rect":{"x":96,"y":0,"width":32,"height":30}},"50":{"xOffset":0,"yOffset":0,"xAdvance":32,"rect":{"x":128,"y":0,"width":32,"height":30}},"51":{"xOffset":0,"yOffset":0,"xAdvance":32,"rect":{"x":160,"y":0,"width":32,"height":30}},"52":{"xOffset":0,"yOffset":0,"xAdvance":32,"rect":{"x":192,"y":0,"width":32,"height":30}},"53":{"xOffset":0,"yOffset":0,"xAdvance":32,"rect":{"x":224,"y":0,"width":32,"height":30}},"54":{"xOffset":0,"yOffset":0,"xAdvance":32,"rect":{"x":256,"y":0,"width":32,"height":30}},"55":{"xOffset":0,"yOffset":0,"xAdvance":32,"rect":{"x":288,"y":0,"width":32,"height":30}},"56":{"xOffset":0,"yOffset":0,"xAdvance":32,"rect":{"x":320,"y":0,"width":32,"height":30}},"57":{"xOffset":0,"yOffset":0,"xAdvance":32,"rect":{"x":352,"y":0,"width":32,"height":30}}},"kerningDict":{}}]],0,0,[0],[1],[1]]]]