[1,["34VU8/0f9A0rtDJk8e7HT0","0dnWUn3UtG95a50LUpn+c0"],["_textureSetter","spriteFrame"],["cc.SpriteFrame",["cc.LabelAtlas",["_name","fontSize","_fntConfig"],0]],[[1,0,1,2,4]],[[[{"name":"time","rect":[2,2,277,38],"offset":[0.5,-1],"originalSize":[280,40],"capInsets":[0,0,0,0]}],[0],0,[0],[0],[0]],[[[0,"time",35.2,{"commonHeight":40,"fontSize":35,"atlasName":"time","fontDefDictionary":{"48":{"xOffset":0,"yOffset":0,"xAdvance":28,"rect":{"x":0,"y":0,"width":28,"height":40}},"49":{"xOffset":0,"yOffset":0,"xAdvance":28,"rect":{"x":28,"y":0,"width":28,"height":40}},"50":{"xOffset":0,"yOffset":0,"xAdvance":28,"rect":{"x":56,"y":0,"width":28,"height":40}},"51":{"xOffset":0,"yOffset":0,"xAdvance":28,"rect":{"x":84,"y":0,"width":28,"height":40}},"52":{"xOffset":0,"yOffset":0,"xAdvance":28,"rect":{"x":112,"y":0,"width":28,"height":40}},"53":{"xOffset":0,"yOffset":0,"xAdvance":28,"rect":{"x":140,"y":0,"width":28,"height":40}},"54":{"xOffset":0,"yOffset":0,"xAdvance":28,"rect":{"x":168,"y":0,"width":28,"height":40}},"55":{"xOffset":0,"yOffset":0,"xAdvance":28,"rect":{"x":196,"y":0,"width":28,"height":40}},"56":{"xOffset":0,"yOffset":0,"xAdvance":28,"rect":{"x":224,"y":0,"width":28,"height":40}},"57":{"xOffset":0,"yOffset":0,"xAdvance":28,"rect":{"x":252,"y":0,"width":28,"height":40}}},"kerningDict":{}}]],0,0,[0],[1],[1]]]]