[1,["13938b5c1"],["_textureSetter"],["cc.SpriteFrame"],0,[[[{"name":"bt_xiala_1","rect":[465,323,21,10],"offset":[0,0],"originalSize":[21,10],"capInsets":[0,0,0,0]}],[0],0,[0],[0],[0]],[[{"name":"bg_xialakuang_tiao","rect":[502,2,333,2],"offset":[0.5,0],"originalSize":[338,2],"rotated":1,"capInsets":[0,0,0,0]}],[0],0,[0],[0],[0]],[[{"name":"bg_dikuangbaise","rect":[465,290,29,29],"offset":[0,0],"originalSize":[29,29],"capInsets":[7,8,7,7]}],[0],0,[0],[0],[0]],[[{"name":"bt_xiala_0","rect":[575,252,21,10],"offset":[0,0],"originalSize":[21,10],"rotated":1,"capInsets":[0,0,0,0]}],[0],0,[0],[0],[0]]]]