[1,["173445c7b"],["_textureSetter"],["cc.SpriteFrame",["cc.AnimationClip",["_name","_duration","sample","curveData"],-1]],[[1,0,1,2,3,5]],[[[[0,"OpenPoker",0.2,50,{"props":{"scaleX":[{"frame":0,"value":1},{"frame":0.1,"value":0},{"frame":0.2,"value":1}]},"paths":{"value":{"props":{"active":[{"frame":0,"value":false},{"frame":0.1,"value":true}]}}}}]],0,0,[],[],[]],[[{"name":"bg_txk_hs_3","rect":[91,641,89,89],"offset":[0,0],"originalSize":[89,89],"capInsets":[0,0,0,0]}],[0],0,[0],[0],[0]],[[{"name":"t_nn_jb_z","rect":[671,500,50,46],"offset":[-0.5,0.5],"originalSize":[65,55],"rotated":1,"capInsets":[0,0,0,0]}],[0],0,[0],[0],[0]]]]