[1,["173445c7b","9dSHxr+rVLk6FC0fimiOia"],["node","_textureSetter","root","data","_spriteFrame"],["cc.SpriteFrame",["cc.Prefab",["_name"],2],["cc.Node",["_name","_zIndex","_components","_prefab","_contentSize","_trs"],1,9,4,5,7],["cc.Sprite",["node","_spriteFrame"],3,1,6],["3089d7W3ONK3KxNqufkoafB",["node"],3,1],["cc.PrefabInfo",["fileId","root"],2,1]],[[1,0,2],[2,0,1,2,3,4,5,3],[3,0,1,1],[4,0,1],[5,0,1,2]],[[[{"name":"nn_flay_coin","rect":[428,925,96,95],"offset":[0,0],"originalSize":[96,95],"rotated":1,"capInsets":[0,0,0,0]}],[0],0,[0],[1],[0]],[[[0,"FlyCoin"],[1,"FlyCoin",0,[[2,-2,0],[3,-3]],[4,"6d028gGifdNlp7/SETfQX7H",-1],[5,96,95],[213,139,0,0,0,0,1,0.5,0.5,1]]],0,[0,2,1,0,0,1,0,0,1,0,3,1,3],[0],[4],[1]]]]