[1,["13938b5c1"],["_textureSetter"],["cc.SpriteFrame"],0,[[[{"name":"bg_cjfj","rect":[508,2,246,74],"offset":[-1,-1],"originalSize":[258,82],"rotated":1,"capInsets":[0,0,0,0]}],[0],0,[0],[0],[0]],[[{"name":"bt_wfsz_ljsz","rect":[332,2,288,88],"offset":[0,-0.5],"originalSize":[290,93],"rotated":1,"capInsets":[0,0,0,0]}],[0],0,[0],[0],[0]],[[{"name":"bt_cjfj_ljks","rect":[2,2,326,102],"offset":[0,0],"originalSize":[326,102],"capInsets":[0,0,0,0]}],[0],0,[0],[0],[0]],[[{"name":"bg_wanfsz","rect":[424,2,248,74],"offset":[-2,-1],"originalSize":[258,82],"rotated":1,"capInsets":[0,0,0,0]}],[0],0,[0],[0],[0]],[[{"name":"bt_cjfj_xz_0","rect":[202,108,196,78],"offset":[0,8.5],"originalSize":[196,95],"rotated":1,"capInsets":[0,0,0,0]}],[0],0,[0],[0],[0]],[[{"name":"bt_cjfj_xz_1","rect":[2,108,196,95],"offset":[0,0],"originalSize":[196,95],"capInsets":[0,0,0,0]}],[0],0,[0],[0],[0]],[[{"name":"bt_cjfj_yuan_1","rect":[332,294,34,34],"offset":[0,0],"originalSize":[34,34],"capInsets":[0,0,0,0]}],[0],0,[0],[0],[0]],[[{"name":"bt_cjfj_yuan","rect":[284,294,44,44],"offset":[0,0],"originalSize":[44,44],"capInsets":[18,19,18,19]}],[0],0,[0],[0],[0]]]]