[1,["eeRQPggllBvJjcEzuWfHnQ","59gCOPFxJI2qJ+DasRsSl9"],["spriteFrame","_textureSetter"],["cc.SpriteFrame",["cc.LabelAtlas",["_name","fontSize","_fntConfig"],0]],[[1,0,1,2,4]],[[[[0,"SssNumYellow",31.68,{"commonHeight":36,"fontSize":31,"atlasName":"t_sz","fontDefDictionary":{"45":{"xOffset":0,"yOffset":0,"xAdvance":29,"rect":{"x":0,"y":0,"width":29,"height":36}},"46":{"xOffset":0,"yOffset":0,"xAdvance":29,"rect":{"x":29,"y":0,"width":29,"height":36}},"47":{"xOffset":0,"yOffset":0,"xAdvance":29,"rect":{"x":58,"y":0,"width":29,"height":36}},"48":{"xOffset":0,"yOffset":0,"xAdvance":29,"rect":{"x":87,"y":0,"width":29,"height":36}},"49":{"xOffset":0,"yOffset":0,"xAdvance":29,"rect":{"x":116,"y":0,"width":29,"height":36}},"50":{"xOffset":0,"yOffset":0,"xAdvance":29,"rect":{"x":145,"y":0,"width":29,"height":36}},"51":{"xOffset":0,"yOffset":0,"xAdvance":29,"rect":{"x":174,"y":0,"width":29,"height":36}},"52":{"xOffset":0,"yOffset":0,"xAdvance":29,"rect":{"x":203,"y":0,"width":29,"height":36}},"53":{"xOffset":0,"yOffset":0,"xAdvance":29,"rect":{"x":232,"y":0,"width":29,"height":36}},"54":{"xOffset":0,"yOffset":0,"xAdvance":29,"rect":{"x":261,"y":0,"width":29,"height":36}},"55":{"xOffset":0,"yOffset":0,"xAdvance":29,"rect":{"x":290,"y":0,"width":29,"height":36}},"56":{"xOffset":0,"yOffset":0,"xAdvance":29,"rect":{"x":319,"y":0,"width":29,"height":36}},"57":{"xOffset":0,"yOffset":0,"xAdvance":29,"rect":{"x":348,"y":0,"width":29,"height":36}}},"kerningDict":{}}]],0,0,[0],[0],[0]],[[{"name":"t_sz","rect":[1,0,404,36],"offset":[0.5,0],"originalSize":[405,36],"capInsets":[0,0,0,0]}],[0],0,[0],[1],[1]]]]