[1,["feigPTF1FOzIqyBrNubt83","17p9WHF6FCHbaN/y04a8pg"],["spriteFrame","_textureSetter"],["cc.SpriteFrame",["cc.LabelAtlas",["_name","fontSize","_fntConfig"],0]],[[1,0,1,2,4]],[[[[0,"font_2",31.68,{"commonHeight":36,"fontSize":31,"atlasName":"font_2","fontDefDictionary":{"44":{"xOffset":0,"yOffset":0,"xAdvance":33,"rect":{"x":0,"y":0,"width":33,"height":36}},"45":{"xOffset":0,"yOffset":0,"xAdvance":33,"rect":{"x":33,"y":0,"width":33,"height":36}},"46":{"xOffset":0,"yOffset":0,"xAdvance":33,"rect":{"x":66,"y":0,"width":33,"height":36}},"47":{"xOffset":0,"yOffset":0,"xAdvance":33,"rect":{"x":99,"y":0,"width":33,"height":36}},"48":{"xOffset":0,"yOffset":0,"xAdvance":33,"rect":{"x":132,"y":0,"width":33,"height":36}},"49":{"xOffset":0,"yOffset":0,"xAdvance":33,"rect":{"x":165,"y":0,"width":33,"height":36}},"50":{"xOffset":0,"yOffset":0,"xAdvance":33,"rect":{"x":198,"y":0,"width":33,"height":36}},"51":{"xOffset":0,"yOffset":0,"xAdvance":33,"rect":{"x":231,"y":0,"width":33,"height":36}},"52":{"xOffset":0,"yOffset":0,"xAdvance":33,"rect":{"x":264,"y":0,"width":33,"height":36}},"53":{"xOffset":0,"yOffset":0,"xAdvance":33,"rect":{"x":297,"y":0,"width":33,"height":36}},"54":{"xOffset":0,"yOffset":0,"xAdvance":33,"rect":{"x":330,"y":0,"width":33,"height":36}},"55":{"xOffset":0,"yOffset":0,"xAdvance":33,"rect":{"x":363,"y":0,"width":33,"height":36}},"56":{"xOffset":0,"yOffset":0,"xAdvance":33,"rect":{"x":396,"y":0,"width":33,"height":36}},"57":{"xOffset":0,"yOffset":0,"xAdvance":33,"rect":{"x":429,"y":0,"width":33,"height":36}}},"kerningDict":{}}]],0,0,[0],[0],[0]],[[{"name":"font_2","rect":[0,0,455,36],"offset":[-3.5,0],"originalSize":[462,36],"capInsets":[0,0,0,0]}],[0],0,[0],[1],[1]]]]