[1,["cbybFpD19K7qfHLxo9W0EZ","d35TWNcp5JQ5B2ccmvIU7K","1cb5c11d5","18ab3db05"],["node","_spriteFrame","_textureSetter","root","data"],[["cc.Node",["_name","_zIndex","_prefab","_contentSize","_trs","_parent","_components","_children"],1,4,5,7,1,9,2],["cc.Sprite",["_type","_sizeMode","node","_spriteFrame"],1,1,6],"cc.SpriteFrame",["cc.Widget",["alignMode","_alignFlags","_left","_top","_bottom","node"],-2,1],["cc.Prefab",["_name"],2],["cc.PrefabInfo",["fileId","root"],2,1],["cc.Label",["_srcBlendFactor","_string","_fontSize","_N$horizontalAlign","_N$verticalAlign","node"],-2,1]],[[5,0,1,2],[0,0,1,5,6,2,3,4,3],[6,0,1,2,3,4,5,6],[4,0,2],[0,0,1,7,2,3,4,3],[0,0,1,5,6,2,3,3],[1,2,3,1],[1,2,1],[1,0,1,2,3,3],[3,0,1,2,3,5,5],[3,0,1,4,5,4]],[[[[3,"GameOverItemDDZ"],[4,"GameOverItemDDZ",0,[-2,-3,-4,-5,-6],[0,"afPM/NU7xM6L5chkEEkz5/",-1],[5,700,80],[-1,-40,0,0,0,0,1,1,1,1]],[1,"tag",0,1,[[6,-7,1],[9,0,9,60,2.9000000000000004,-8]],[0,"1epE128eJLypYynJC1MkK1",1],[5,60,100],[-269,2.1000000000000014,0,0,0,0,1,0.7,0.7,1]],[1,"line",0,1,[[7,-9],[10,0,4,0.5,-10]],[0,"7aZZrCI6BL8LEWX7ioL+XI",1],[5,583,11],[0,-34,0,0,0,0,1,1,1,1]],[5,"bg",0,1,[[8,1,0,-11,0]],[0,"3aTiM6GGRE4pxKaZbG5+x6",1],[5,800,70]],[1,"name",0,1,[[2,1,"Label",34,1,1,-12]],[0,"0cHL55vBBH16uY0oe6UQ7S",1],[5,83.19,40],[-54,0,0,0,0,0,1,1,1,1]],[1,"score",0,1,[[2,1,"Label",34,1,1,-13]],[0,"51ejfYYD5PMLkllxzfPpE0",1],[5,83.19,40],[251,0,0,0,0,0,1,1,1,1]]],0,[0,3,1,0,-1,4,0,-2,2,0,-3,5,0,-4,6,0,-5,3,0,0,2,0,0,2,0,0,3,0,0,3,0,0,4,0,0,5,0,0,6,0,4,1,13],[0,0],[1,1],[0,1]],[[{"name":"bg_yxnzj_di3","rect":[1009,515,504,1],"offset":[0,0],"originalSize":[510,1],"rotated":1,"capInsets":[230,0,230,0]}],[2],0,[0],[2],[2]],[[{"name":"t_yxzj_dyj","rect":[816,214,60,100],"offset":[-0.5,0.5],"originalSize":[65,105],"capInsets":[0,0,0,0]}],[2],0,[0],[2],[3]]]]