[1,["1d7c846ac","95NUR+2ApF5b0qcTxJ+E8Q","caGQr8yWlFwYi4YFHAnjR8"],["node","_spriteFrame","_textureSetter","root","data"],[["cc.Node",["_name","_zIndex","_components","_prefab","_contentSize","_trs","_parent","_children","_color"],1,9,4,5,7,1,2,5],["cc.Sprite",["_type","_sizeMode","node","_spriteFrame"],1,1,6],"cc.SpriteFrame",["cc.Prefab",["_name"],2],["cc.PrefabInfo",["fileId","root"],2,1],["cc.Label",["_srcBlendFactor","_string","_fontSize","_N$horizontalAlign","_N$verticalAlign","node"],-2,1]],[[4,0,1,2],[3,0,2],[0,0,1,7,2,3,4,5,3],[0,0,1,6,2,3,8,4,3],[0,0,1,6,2,3,4,5,3],[1,0,1,2,3,3],[1,2,3,1],[5,0,1,2,3,4,5,6]],[[[{"name":"t_reddian","rect":[299,161,47,47],"offset":[0,0],"originalSize":[47,47],"capInsets":[0,0,0,0]}],[2],0,[0],[2],[0]],[[[1,"ClubListItem"],[2,"ClubListItem",0,[-3,-4],[[5,1,0,-2,1]],[0,"7bm+WxzqRMsotUO2kCXZsI",-1],[5,256,70],[0,-35,0,0,0,0,1,1,1,1]],[3,"title",0,1,[[7,1,"名称名称名称",30,1,1,-5]],[0,"09osrDLKVIX4ruBG8gtb4b",1],[4,4283970096],[5,180,40]],[4,"red",0,1,[[6,-6,0]],[0,"7cdqoyVMxLq4c4jWzTvzoV",1],[5,47,47],[110,18,0,0,0,0,1,0.5,0.5,1]]],0,[0,3,1,0,0,1,0,-1,2,0,-2,3,0,0,2,0,0,3,0,4,1,6],[0,0],[1,1],[1,2]]]]