[1,["ecpdLyjvZBwrvm+cedCcQy","1efe252ae","3f4Ks+8SJPlrezdo1upy3P","aflUDO1xlEErevBfmm6Y5c","da61+qiJ1PtIpc5++2QpDt","caGQr8yWlFwYi4YFHAnjR8","1cb5c11d5","362oskdhlEpKQAwSc3wt7Z","d2bh5Xs99EPYARLFM2Lm+3","f9BPmjKeJOF7ZjEMrKtCfv","f5IDY4ThhG6YmbrPzjjIHi","f87aBzttBBT5HPat9gFaY+","b8T7E4qEVL3J9AE3dEXkCN","b3JrRxwoRIT6+Al5cW3Y/S","95mx6zihVEz4/GnlYxW+eW","dbc1QWMdNOALHtQDvl7VyG","6fIzDk5LdPJJWTIrosX6ij","8awcqhpBhDAq7GyfFcuK8x","5a3YdaKP1OoZg20ArPapfy","33LXY3uiJN4af8btobhliN"],["node","_spriteFrame","_textureSetter","_N$target","_N$content","_parent","root","recordGameDetail","recordGame","recordList","checkMark","data","cellPfb","recordRankPfab","recordYKPfab","recordGameDetailPfab","detailPfab1","detailPfab2"],[["cc.Node",["_name","_zIndex","_active","_opacity","_prefab","_contentSize","_components","_parent","_trs","_children","_anchorPoint","_color"],-1,4,5,9,1,7,2,5,5],["cc.Widget",["alignMode","_alignFlags","_originalWidth","_top","_originalHeight","_right","_left","_bottom","node"],-5,1],"cc.SpriteFrame",["cc.Sprite",["_sizeMode","_type","node","_materials","_spriteFrame"],1,1,3,6],["cc.Label",["_srcBlendFactor","_N$verticalAlign","_N$horizontalAlign","_fontSize","_N$overflow","_string","_lineHeight","node","_materials"],-4,1,3],["cc.PrefabInfo",["fileId","root","asset"],2,1,1],["cc.Layout",["_resize","_N$layoutType","_N$spacingY","_N$paddingTop","_N$paddingBottom","node","_layoutSize"],-2,1,5],["cc.ClickEvent",["handler","customEventData","_componentId","component","target"],-1,1],["850b6e1L6VO/bRu8yMv4N9u",["cellInterval","cellHeight","cellJsName","node","cellPfb"],0,1,6],["cc.Prefab",["_name"],2],["cc.Node",["_name","_active","_zIndex","_parent","_components","_prefab","_contentSize"],0,1,2,4,5],["cc.BlockInputEvents",["node"],3,1],["1829dpEVo9EOYVvrUr+muYH",["node","recordList","recordGame","recordGameDetail","recordRankPfab","recordYKPfab","recordGameDetailPfab","detailPfab1","detailPfab2"],3,1,1,1,1,6,6,6,6,6],["cc.Button",["zoomScale","_N$transition","node","clickEvents","_N$normalColor","_N$target"],1,1,9,5,1],["cc.ScrollView",["horizontal","brake","bounceDuration","_N$horizontalScrollBar","_N$verticalScrollBar","node","_N$content"],-2,1,1],["cc.Toggle",["_N$isChecked","node","_N$normalColor","_N$target","checkMark","checkEvents"],2,1,5,1,1,9],["cc.Mask",["_N$alphaThreshold","node","_materials"],2,1,3],["e2775qBwsdDVbQ5+6s2Rysw",["node"],3,1]],[[5,0,1,2,2],[0,0,1,7,6,4,11,5,10,8,3],[4,0,3,2,1,7,8,5],[0,0,1,7,6,4,5,8,3],[1,0,1,2,4,8,5],[0,0,1,7,9,6,4,5,8,3],[3,2,3,4,1],[3,1,0,2,3,4,3],[1,0,1,3,8,4],[1,0,1,6,5,3,7,2,4,8,9],[11,0,1],[13,0,1,2,3,4,5,3],[3,0,2,3,4,2],[6,0,1,2,5,6,4],[7,3,0,1,4,4],[14,0,1,2,3,4,5,6,6],[16,0,1,2,2],[0,0,1,9,6,4,5,8,3],[0,0,2,1,7,9,6,4,5,8,4],[0,0,1,7,9,6,4,5,10,3],[0,0,1,7,6,4,5,3],[0,0,1,7,6,4,11,5,8,3],[1,0,1,6,5,2,8,6],[1,0,1,3,7,4,8,6],[1,0,1,5,3,8,5],[7,2,0,1,4,4],[4,0,3,1,4,7,8,5],[4,0,5,3,6,2,1,7,8,7],[9,0,2],[0,0,1,9,6,4,5,10,3],[0,0,2,1,7,9,6,4,5,4],[0,0,1,7,9,6,4,11,5,10,8,3],[0,0,1,9,6,4,11,5,10,8,3],[0,0,1,7,9,6,4,5,3],[0,0,1,7,9,6,4,5,10,8,3],[0,0,3,1,7,6,4,11,5,4],[0,0,1,7,6,4,5,10,8,3],[0,0,1,7,4,5,10,8,3],[0,0,1,7,4,5,10,3],[0,0,7,6,4,2],[10,0,1,2,3,4,5,6,4],[1,0,1,2,8,4],[1,0,1,8,3],[12,0,1,2,3,4,5,6,7,8,1],[5,1,2,1],[3,2,4,1],[3,0,2,3,2],[3,2,1],[6,0,1,3,4,2,5,6,6],[8,0,1,2,3,4,4],[8,3,1],[15,0,1,2,3,4,5,2],[4,0,2,1,7,8,4],[17,0,1]],[[[{"name":"bt_yxxq_ykgx_1","rect":[234,615,564,46],"offset":[0,0],"originalSize":[564,46],"capInsets":[0,0,0,0]}],[2],0,[0],[2],[1]],[[[28,"RecordView"],[17,"RecordView",0,[-8,-9,-10,-11,-12,-13],[[4,2,45,720,1280,-2],[10,-3],[43,-7,-6,-5,-4,47,48,49,50,51]],[44,-1,0],[5,720,1280],[360,640,0,0,0,0,1,1,1,1]],[17,"New Node",0,[-15,-16,-17,-18,-19,-20],[[8,0,1,4,-14]],[0,"43Tlvi3xZPSYNxuJbxAh9C",1,0],[5,616,220],[0,311,0,0,0,0,1,1,1,1]],[29,"info",0,[-24,-25,-26,-27],[[7,1,0,-21,[38],39],[22,2,41,50,50,56,-22],[48,1,2,10,20,10,-23,[5,620,421]]],[0,"e7raGPF5BMppAsx5eS+uej",1,0],[5,620,421],[0,0.5,1]],[5,"recordList",0,1,[-30,-31,-32],[[7,1,0,-28,[8],9],[10,-29]],[0,"99oJoF9YNBUqhU0KQJMrum",1,0],[5,664,1080],[0,-1280,0,0,0,0,1,1,1,1]],[30,"recordGame",false,0,1,[-35,-36,-37],[[4,0,45,720,1280,-33],[10,-34]],[0,"96/0WVotdO0r7YBtv2Jryr",1,0],[5,720,1280]],[18,"recordGameDetail",false,0,1,[-40,-41,-42],[[9,2,45,28,28,140,60,664,970,-38],[10,-39]],[0,"70oHn6pJ9Nd4e8fpnNojPr",1,0],[5,664,1080],[0,-40,0,0,0,0,1,1,1,1]],[5,"canshu",0,3,[-44,-45,-46,-47,-48],[[12,0,-43,[35],36]],[0,"26HvgK50NHToksKJLKSe67",1,0],[5,560,159],[0,-162.5,0,0,0,0,1,1,1,1]],[5,"content",0,5,[-51,-52,-53],[[7,1,0,-49,[22],23],[23,0,5,200,110,800,-50]],[0,"69P5DubnlBEIg/Qp1ktUc8",1,0],[5,664,970],[0,-45,0,0,0,0,1,1,1,1]],[3,"bt_exit_0",0,4,[[6,-54,[4],5],[11,1.1,3,-56,[[25,"1829dpEVo9EOYVvrUr+muYH","onBtnClicked","close_record",1]],[4,4292269782],-55],[24,2,33,12,4,-57]],[0,"1fiGekcrtKmYbvH032Wz/7",1,0],[5,70,70],[285,501,0,0,0,0,1,1,1,0]],[5,"ListView",0,4,[-62],[[15,false,0.75,0.23,null,null,-59,-58],[9,2,45,24,24,96,24,240,250,-60],[49,20,210,"RecordListItem",-61,7]],[0,"49eGiRiRNEBrYtHQqd3opm",1,0],[5,616,960],[0,-36,0,0,0,0,1,1,1,1]],[18,"switch",false,0,2,[-67],[[45,-63,18],[51,false,-66,[4,4292269782],-65,-64,[[25,"1829dpEVo9EOYVvrUr+muYH","onBtnClicked","recordgame_switch",1]]]],[0,"7cb0HyCYpPs6mMMab427w9",1,0],[5,564,46],[0,-78,0,0,0,0,1,1,1,1]],[31,"list",0,8,[-72],[[15,false,0.75,0.23,null,null,-69,-68],[23,0,5,340,40,405,-70],[50,-71]],[0,"b1WxFebFtOqI4QgSR7TOBz",1,0],[4,4290295992],[5,588,590],[0,0.5,1],[0,145,0,0,0,0,1,1,1,1]],[5,"bottom",0,5,[-75,-76],[[46,0,-73,[28]],[41,0,44,720,-74]],[0,"a781cEsOJLl7jzFQBXTI72",1,0],[5,720,111],[0,-584.5,0,0,0,0,1,1,1,1]],[32,"list",0,[-81],[[15,false,0.75,0.23,null,null,-78,-77],[16,1,-79,[40]],[9,2,45,-28,-28,90,28,720,830,-80]],[0,"47vqh+TFNMJa59XnKNUvXW",1,0],[4,4290295992],[5,720,962],[0,0.5,1],[0,-90,0,0,0,0,1,1,1,1]],[19,"content",0,14,[3,-83],[[13,1,2,20,-82,[5,720,961]]],[0,"5bLTKeOEpDuIJrQxy9la65",1,0],[5,720,961],[0,0.5,1]],[3,"bt_exit_0",0,6,[[6,-84,[45],46],[24,0,33,12,4,-85],[11,1.1,3,-87,[[14,"GameRecord","onBtnClicked","recordgamedetail_close",1]],[4,4292269782],-86]],[0,"35OiSWHPpGPKMiOqRJ4hN2",1,0],[5,70,70],[285,501,0,0,0,0,1,1,1,0]],[33,"view",0,10,[-90],[[16,1,-88,[6]],[4,2,45,616,820,-89]],[0,"e4jOqjfiFHOL5FMw1Naw+C",1,0],[5,616,960]],[5,"bg",0,8,[2],[[7,1,0,-91,[19],20],[9,0,45,23.999999999999886,24.000000000000114,96.00000000000003,23.99999999999997,56,55,-92]],[0,"21eGqFBHVJeJbxie8FbHUC",1,0],[5,616,850],[-1.1368683772161603e-13,-36,0,0,0,0,1,1,1,1]],[19,"view",0,12,[-95],[[16,1,-93,[21]],[4,0,45,588,405,-94]],[0,"caQBJbp75J65ChBF6RjBtt",1,0],[5,588,590],[0,0.5,1]],[3,"btnReturn",0,13,[[6,-96,[24],25],[11,1.1,3,-98,[[14,"GameRecord","onBtnClicked","recordgame_close",1]],[4,4292269782],-97]],[0,"19dsk0g0VMg4kSQkWi9Pkp",1,0],[5,128,70],[-269,0,0,0,0,0,1,1,1,0]],[3,"btnDetail",0,13,[[6,-99,[26],27],[11,1.1,3,-101,[[14,"GameRecord","onBtnClicked","recordgame_detail",1]],[4,4292269782],-100]],[0,"eaBqx4u6VEk5QRUL2ZbPSF",1,0],[5,192,70],[234,0,0,0,0,0,1,1,1,0]],[34,"bg",0,6,[14],[[7,1,0,-102,[41],42],[4,2,45,664,1100,-103]],[0,"92rRkHm6JJOpo5vPmjuU/6",1,0],[5,664,1080],[0,0.5,1],[0,540,0,0,0,0,1,1,1,1]],[35,"singleColor",100,0,1,[[12,0,-104,[0],1],[4,0,45,720,1280,-105]],[0,"c1nmoDbmBA+KjNSWn8NjIK",1,0],[4,4278190080],[5,720,1280]],[3,"bg_yxzj",0,4,[[6,-106,[2],3],[8,2,1,-0.5,-107]],[0,"7edMCUz75LhJVJ3GdEVhr9",1,0],[5,249,74],[0,503.5,0,0,0,0,1,1,1,1]],[20,"bg_zfph_ddz",0,5,[[12,0,-108,[10],11],[4,0,45,800,300,-109]],[0,"9dTQ+WcCVM8ptTj02Whvyf",1,0],[5,720,1280]],[3,"title",0,8,[[52,1,1,1,-110,[12]],[8,0,1,18,-111]],[0,"74r8zM6nVD9JXiB6qQnKP1",1,0],[5,0,50.4],[-1.1368683772161603e-13,441.8,0,0,0,0,1,1,1,1]],[36,"content",0,15,[[13,1,2,20,-112,[5,620,520]],[22,2,40,50,50,664,-113]],[0,"18hPgEnytEXYpzYFJIoi8Z",1,0],[5,620,520],[0,0.5,1],[0,-441,0,0,0,0,1,1,1,1]],[3,"bg_yxxq",0,6,[[6,-114,[43],44],[8,0,1,4,-115]],[0,"73aGvgwYJEQ5dgg5lh70lm",1,0],[5,249,74],[0,499,0,0,0,0,1,1,1,1]],[20,"tempNode",0,1,[[42,0,45,-116]],[0,"31Hzj7uVRNALyBaqfT4p1y",1,0],[5,720,1280]],[37,"content",0,17,[0,"48SwE+LLBNPqdjLZDfGlPs",1,0],[5,616,820],[0,0.5,1],[0,410,0,0,0,0,1,1,1,1]],[1,"roomNum",0,2,[[2,1,28,1,1,-117,[13]]],[0,"1cVJ+6brhP9rQ15jdhkLY0",1,0],[4,4285151794],[5,0,50.4],[0,0,0.5],[-284,83,0,0,0,0,1,1,1,1]],[1,"time",0,2,[[2,1,28,1,1,-118,[14]]],[0,"c6CZB/3SZG06IR9uESyxYg",1,0],[4,4285151794],[5,0,50.4],[0,0,0.5],[17,83,0,0,0,0,1,1,1,1]],[1,"gameNum",0,2,[[2,1,28,1,1,-119,[15]]],[0,"8dJYdpdcNEu6dZU6+JgzUC",1,0],[4,4285151794],[5,0,50.4],[0,0,0.5],[-284,34,0,0,0,0,1,1,1,1]],[1,"difen",0,2,[[2,1,28,1,1,-120,[16]]],[0,"d467G7m81FAp9AIytnppZ7",1,0],[4,4285151794],[5,0,50.4],[0,0,0.5],[17,34,0,0,0,0,1,1,1,1]],[1,"gamerul",0,2,[[26,1,28,1,2,-121,[17]]],[0,"bfSbwLP9lDVaUVxQvZM1Ed",1,0],[4,4285151794],[5,575,40],[0,0,0.5],[-284,-16,0,0,0,0,1,1,1,1]],[40,"bt_yxxq_ykgx_1",false,0,11,[-122],[0,"b1KR2u9SxET6uPqlxt21wf",1,0],[5,564,46]],[47,36],[38,"content",0,19,[0,"82BBH8yopBsL3oiPZq4Dyf",1,0],[5,588,164],[0,0.5,1]],[21,"New Label",0,3,[[27,1,"游戏参数",28,50,1,1,-123,[29]]],[0,"a8EdbOL1RNS4829b3rcDtR",1,0],[4,4285151794],[5,112,63],[0,-41.5,0,0,0,0,1,1,1,1]],[1,"difen",0,7,[[2,1,28,1,1,-124,[30]]],[0,"93XXqyaStODafFaJdEUqmg",1,0],[4,4285151794],[5,0,50.4],[0,0,0.5],[-9,-1,0,0,0,0,1,1,1,1]],[1,"roomNum",0,7,[[2,1,28,1,1,-125,[31]]],[0,"d51kNmb+dC16+lETaGZc1L",1,0],[4,4285151794],[5,0,50.4],[0,0,0.5],[-263,48,0,0,0,0,1,1,1,1]],[1,"time",0,7,[[2,1,28,1,1,-126,[32]]],[0,"eedegPHzZPg73szwlhw2TG",1,0],[4,4285151794],[5,0,50.4],[0,0,0.5],[-9,48,0,0,0,0,1,1,1,1]],[1,"gameNum",0,7,[[2,1,28,1,1,-127,[33]]],[0,"03QWNJK01L/LlfNqqUhlPf",1,0],[4,4285151794],[5,0,50.4],[0,0,0.5],[-263,-1,0,0,0,0,1,1,1,1]],[1,"gamerul",0,7,[[26,1,28,1,2,-128,[34]]],[0,"6cFh/rR6lHn57sYqpKrkam",1,0],[4,4285151794],[5,532,40],[0,0,0.5],[-263,-51,0,0,0,0,1,1,1,1]],[21,"New Label",0,3,[[27,1,"盈亏数据",28,50,1,1,-129,[37]]],[0,"aarEpFxAdE+q2OckZg8Trw",1,0],[4,4285151794],[5,112,63],[0,-283.5,0,0,0,0,1,1,1,1]],[1,"yingk",0,3,[[13,1,2,10,-130,[5,560,76]]],[0,"b7t8DhavZD57RQp4XD+d1E",1,0],[4,4289177511],[5,560,76],[0,0.5,1],[0,-325,0,0,0,0,1,1,1,1]],[39,"pokerNode",1,[[53,-131]],[0,"9bwFNtIdJNiYZQ/H9h90VM",1,0]]],0,[0,6,1,0,0,1,0,0,1,0,7,6,0,8,5,0,9,4,0,0,1,0,-1,23,0,-2,29,0,-3,4,0,-4,5,0,-5,6,0,-6,47,0,0,2,0,-1,31,0,-2,32,0,-3,33,0,-4,34,0,-5,35,0,-6,11,0,0,3,0,0,3,0,0,3,0,-1,39,0,-2,7,0,-3,45,0,-4,46,0,0,4,0,0,4,0,-1,24,0,-2,9,0,-3,10,0,0,5,0,0,5,0,-1,25,0,-2,8,0,-3,13,0,0,6,0,0,6,0,-1,22,0,-2,28,0,-3,16,0,0,7,0,-1,40,0,-2,41,0,-3,42,0,-4,43,0,-5,44,0,0,8,0,0,8,0,-1,26,0,-2,18,0,-3,12,0,0,9,0,3,9,0,0,9,0,0,9,0,4,30,0,0,10,0,0,10,0,0,10,0,-1,17,0,0,11,0,10,37,0,3,11,0,0,11,0,-1,36,0,4,38,0,0,12,0,0,12,0,0,12,0,-1,19,0,0,13,0,0,13,0,-1,20,0,-2,21,0,4,15,0,0,14,0,0,14,0,0,14,0,-1,15,0,0,15,0,-2,27,0,0,16,0,0,16,0,3,16,0,0,16,0,0,17,0,0,17,0,-1,30,0,0,18,0,0,18,0,0,19,0,0,19,0,-1,38,0,0,20,0,3,20,0,0,20,0,0,21,0,3,21,0,0,21,0,0,22,0,0,22,0,0,23,0,0,23,0,0,24,0,0,24,0,0,25,0,0,25,0,0,26,0,0,26,0,0,27,0,0,27,0,0,28,0,0,28,0,0,29,0,0,31,0,0,32,0,0,33,0,0,34,0,0,35,0,-1,37,0,0,39,0,0,40,0,0,41,0,0,42,0,0,43,0,0,44,0,0,45,0,0,46,0,0,47,0,11,1,2,5,18,3,5,15,14,5,22,131],[0,0,0,0,0,0,0,0,0,0,0,0,0,0,0,0,0,0,0,0,0,0,0,0,0,0,0,0,0,0,0,0,0,0,0,0,0,0,0,0,0,0,0,0,0,0,0,0,0,0,0,0,37],[-1,1,-1,1,-1,1,-1,12,-1,1,-1,1,-1,-1,-1,-1,-1,-1,1,-1,1,-1,-1,1,-1,1,-1,1,-1,-1,-1,-1,-1,-1,-1,-1,1,-1,-1,1,-1,-1,1,-1,1,-1,1,13,14,15,16,17,1],[0,7,0,8,0,3,0,9,0,2,0,4,0,0,0,0,0,0,10,0,5,0,0,2,0,11,0,12,0,0,0,0,0,0,0,0,4,0,0,5,0,0,2,0,13,0,3,14,15,16,17,18,19]],[[{"name":"bg_yxxq","rect":[809,662,249,74],"offset":[-1.5,-1],"originalSize":[258,82],"rotated":1,"capInsets":[0,0,0,0]}],[2],0,[0],[2],[6]],[[{"name":"bt_xqhg_0","rect":[809,586,192,70],"offset":[0,0],"originalSize":[192,70],"capInsets":[0,0,0,0]}],[2],0,[0],[2],[6]],[[{"name":"bg_benzhouzj","rect":[154,736,249,74],"offset":[-1.5,-1],"originalSize":[258,82],"rotated":1,"capInsets":[0,0,0,0]}],[2],0,[0],[2],[1]],[[{"name":"bt_yxxq_ykgx_0","rect":[234,667,564,46],"offset":[0,0],"originalSize":[564,46],"capInsets":[0,0,0,0]}],[2],0,[0],[2],[1]],[[{"name":"bt_fh_0","rect":[817,886,128,70],"offset":[0,0],"originalSize":[128,70],"rotated":1,"capInsets":[0,0,0,0]}],[2],0,[0],[2],[1]]]]