[1,["ecpdLyjvZBwrvm+cedCcQy","e762WZQnZDkrVsYpPVM8tr","e5KJ8nDZZK861NkuG1V0p2","4cLDzBCSJL448oHD4n2Vca","derFqJsqxM7q7TrTrlXP4V","8crlPhctJOm6UmiaK94rrw","1a8ca7497","a3Uk5wngtPrLLCD+Tp18bM","d1TnbBJFhIcZp7pTcjznSV","39pSjKFlpCjr4DrDCy3xsI","03Sx7IIvJKdJxTKH5bRHRS","e3FIFIClhMNY3QlW25hHLj","42ME2kBPJAArczKQsvNvRV","e8wS+XQtNLY6XNJtehU/PA","ded/5SljdAz7/RZCd6i7cz","e97GVMl6JHh5Ml5qEDdSGa","e8cVai+X1NxojbHiajnlBM","ddcHw/JetL0ZyLclGNapXf","13938b5c1","ca7U3ULChMU6KPwzLqwn2S","aflUDO1xlEErevBfmm6Y5c","23CqUpEUJHfbhusWaMb3js","95SAnLSoFKBYtfLcRJXGys","caGQr8yWlFwYi4YFHAnjR8","af5Za30cBBv4Y9nAkcg+78","76h1J/ultHuam7mmnAIarz","96ZRFu0Q1DxbuJy2MY6gji","30MtuCkXJPOYZ3zdWQBItb","98LxeKbYNBJ5HHAxZkjpdW","9cmykcOtxHAIgvWYz7m40i","80jE3YxFdCVahwQl8fcyNH","6abqkUMjRNuoMUuK8E4OOi","f0BIwQ8D5Ml7nTNQbh1YlS","29FYIk+N1GYaeWH/q1NxQO","362oskdhlEpKQAwSc3wt7Z","3f4Ks+8SJPlrezdo1upy3P","9f6g4Sn21AqIWs6sttbWiP","7ak00UnOdMW6ztQWz/Ouer"],["node","_spriteFrame","_N$target","checkMark","_parent","_textureSetter","root","timeView","Cbz235Node","lzOptions","LzNode","LaiziNode","XiqianNode","UpperNode","choumaNode","renshuOptions","PS_2","PS_1","pkProgressDot","pkProgressBar","pkProgressLaber","lookProgressDot","lookProgressBar","lookProgressLaber","lblCard","data","_N$normalSprite","_N$pressedSprite","_N$hoverSprite","_N$disabledSprite"],[["cc.Node",["_name","_zIndex","_active","_prefab","_contentSize","_components","_parent","_trs","_children","_anchorPoint","_color"],0,4,5,9,1,7,2,5,5],["cc.Widget",["_alignFlags","alignMode","_top","_left","_originalWidth","_right","_bottom","_originalHeight","_verticalCenter","node"],-6,1],["cc.Sprite",["_sizeMode","_isTrimmedMode","_type","node","_materials","_spriteFrame"],0,1,3,6],"cc.SpriteFrame",["cc.Node",["_name","_active","_zIndex","_parent","_components","_prefab","_contentSize","_trs","_children","_color"],0,1,2,4,5,7,2,5],["cc.Toggle",["_N$transition","_N$isChecked","node","_N$normalColor","_N$target","checkMark","checkEvents"],1,1,5,1,1,9],["cc.ClickEvent",["handler","_componentId","customEventData","component","target"],-1,1],["cc.Layout",["_N$layoutType","_resize","_N$spacingY","_N$spacingX","node","_layoutSize"],-1,1,5],["cc.Button",["_N$transition","zoomScale","node","clickEvents","_N$normalColor","_N$target","_N$pressedColor","_N$disabledColor","_N$normalSprite","_N$pressedSprite","_N$hoverSprite","_N$disabledSprite"],1,1,9,5,1,5,5,6,6,6,6],["cc.Label",["_string","_fontSize","_N$verticalAlign","_N$horizontalAlign","_srcBlendFactor","node","_materials"],-2,1,3],["cc.Node",["_name","_objFlags","_components","_prefab","_contentSize","_trs","_parent","_children","_color","_anchorPoint"],1,12,4,5,7,1,2,5,5],["cc.PrefabInfo",["fileId","root","asset"],2,1,1],["cc.Prefab",["_name"],2],["3a79dbYtRBKy5W9FcLJh3vw",["node","lblCard","lookProgressLaber","lookProgressBar","lookProgressDot","pkProgressLaber","pkProgressBar","pkProgressDot","PS_1","PS_2","renshuOptions","choumaNode","UpperNode","XiqianNode","LaiziNode","LzNode","lzOptions","Cbz235Node","timeView"],3,1,1,1,1,1,1,1,1,1,1,1,1,1,1,1,1,1,1,1],["cc.ToggleContainer",["node"],3,1],["cc.BlockInputEvents",["node"],3,1],["37edfBrhLFLFpRJI0u3jiwd",["node"],3,1],["cc.ProgressBar",["_N$totalLength","_N$progress","node","_N$barSprite"],1,1,1]],[[11,0,1,2,2],[2,3,4,5,1],[9,4,0,1,3,2,5,6,6],[6,1,0,2,4,4],[0,0,1,6,5,3,4,7,3],[0,0,1,6,5,3,10,4,9,7,3],[0,0,1,6,8,5,3,4,9,7,3],[5,0,1,2,3,4,5,6,3],[2,0,1,3,3],[4,0,1,2,3,4,5,6,7,4],[0,0,6,5,3,4,7,2],[1,1,0,3,9,4],[2,0,1,3,4,3],[5,0,2,3,4,5,6,2],[9,0,1,3,2,5,6,5],[0,0,1,8,5,3,4,9,7,3],[1,0,3,9,3],[14,0,1],[0,0,6,8,5,3,4,7,2],[0,0,1,6,5,3,10,4,7,3],[7,1,0,3,4,5,4],[1,0,3,2,9,4],[4,0,2,3,4,5,6,7,3],[1,0,2,9,3],[0,0,6,5,3,10,4,9,7,2],[1,1,0,4,9,4],[8,2,3,4,5,1],[0,0,2,1,6,8,5,3,4,7,4],[0,0,6,5,3,10,4,7,2],[2,2,0,3,4,5,3],[9,0,1,2,5,6,4],[0,0,6,8,5,3,10,4,9,7,2],[0,0,1,6,8,5,3,4,7,3],[1,1,0,2,4,9,5],[6,1,0,4,3],[0,0,6,5,3,10,4,2],[4,0,3,4,5,6,7,2],[4,0,1,3,4,5,6,7,3],[1,1,0,6,4,9,5],[2,0,3,4,5,2],[0,0,6,8,5,3,4,2],[0,0,6,5,3,4,2],[1,0,9,2],[2,3,4,1],[8,0,2,3,4,6,7,2],[0,0,6,8,5,3,4,9,7,2],[4,0,1,2,3,4,5,6,4],[6,3,0,2,4,4],[16,0,1],[0,0,8,5,3,4,9,7,2],[0,0,8,5,3,10,4,9,7,2],[0,0,1,6,8,3,4,7,3],[0,0,8,5,3,4,2],[0,0,2,6,5,3,4,7,3],[10,0,7,2,3,4,5,2],[10,0,6,2,3,8,4,5,2],[10,0,1,6,2,3,4,9,5,3],[4,0,1,3,8,4,5,6,7,3],[1,1,0,3,5,2,6,4,7,9,9],[1,1,0,3,2,9,5],[1,1,0,3,2,6,9,6],[1,1,0,9,3],[1,0,5,2,9,4],[1,1,0,2,9,4],[2,3,1],[2,2,0,3,4,3],[2,0,1,3,5,3],[5,1,2,3,4,5,6,2],[6,1,0,2,4],[6,3,0,4,3],[17,0,1,2,3,3],[12,0,2],[0,0,1,8,5,3,4,7,3],[0,0,8,5,3,10,4,7,2],[0,0,6,8,3,4,7,2],[0,0,1,6,8,5,3,4,9,3],[0,0,2,1,8,5,3,4,9,7,4],[0,0,2,1,6,8,5,3,4,9,7,4],[0,0,2,6,8,5,3,4,7,3],[0,0,2,6,8,5,3,4,3],[0,0,1,6,5,3,4,9,3],[0,0,1,6,5,3,4,3],[0,0,1,6,5,3,4,9,7,3],[4,0,3,8,4,5,6,7,2],[4,0,2,3,4,5,9,6,7,3],[1,1,0,8,9,4],[1,1,0,3,2,6,7,9,7],[1,1,0,5,2,8,9,6],[1,1,0,3,7,9,5],[1,1,0,3,5,9,5],[1,1,0,4,7,9,5],[13,0,1,2,3,4,5,6,7,8,9,10,11,12,13,14,15,16,17,18,1],[2,3,5,1],[11,1,2,1],[7,0,4,5,2],[7,1,0,2,4,5,4],[7,1,0,4,5,3],[15,0,1],[5,0,1,2,3,4,5,3],[5,2,3,4,5,6,1],[8,2,3,6,7,5,8,9,10,11,1],[8,1,0,2,3,4,3],[9,0,1,3,2,5,5]],[[[{"name":"reduce","rect":[0,0,45,49],"offset":[0,0],"originalSize":[45,49],"capInsets":[0,0,0,0]}],[3],0,[0],[5],[17]],[[{"name":"bt_dp1","rect":[154,207,147,42],"offset":[-5.5,0.5],"originalSize":[196,95],"rotated":1,"capInsets":[0,0,0,0]}],[3],0,[0],[5],[18]],[[{"name":"bg0","rect":[0,0,37,28],"offset":[0,0],"originalSize":[37,28],"capInsets":[10,6,10,1]}],[3],0,[0],[5],[19]],[[{"name":"bt_dp","rect":[2,2,147,40],"offset":[-0.5,0.5],"originalSize":[196,95],"capInsets":[0,0,0,0]}],[3],0,[0],[5],[6]],[[{"name":"bt_xz","rect":[2,266,146,40],"offset":[0,0.5],"originalSize":[196,95],"capInsets":[0,0,0,0]}],[3],0,[0],[5],[6]],[[{"name":"bt_xz1","rect":[196,153,146,40],"offset":[0,0.5],"originalSize":[196,95],"rotated":1,"capInsets":[0,0,0,0]}],[3],0,[0],[5],[6]],[[[71,"CreatRoomZJH"],[72,"CreatRoomZJH",0,[-23,-24,-25,-26,-27,-28],[[85,2,18,10,-2],[91,-21,-20,-19,-18,-17,-16,-15,-14,-13,-12,-11,-10,-9,-8,-7,-6,-5,-4,-3],[29,1,0,-22,[297],298]],[93,-1,0],[5,664,1180],[360,650,0,0,0,0,1,1,1,1]],[15,"content",0,[-31,-32,-33,-34,-35,-36,-37,-38,-39,-40,-41,-42,-43,-44,-45],[[58,0,45,20,20,75,291,561,1,-29],[94,2,-30,[5,584,720]]],[0,"12kfgWhDhES4abXJhjSHXI",1,0],[5,584,720],[0,0.5,1],[0,-75,0,0,0,0,1,1,1,1]],[49,"toggles",[-48,-49,-50,-51,-52,-53,-54,-55],[[95,1,3,15,-46,[5,566,99]],[86,0,13,120,10.5,10.5,40,-47]],[0,"57guqJem5PEJTHLgIPveLw",1,0],[5,566,99],[0,0,0.5],[-172,0,0,0,0,0,1,1,1,1]],[50,"content",[-60,-61,-62,-63,-64],[[96,1,2,-56,[5,90,225]],[29,1,0,-57,[295],296],[17,-58],[97,-59]],[0,"752SjtkahLgJkQWoK8gAbN",1,0],[4,4293848814],[5,90,225],[0,0.5,1],[150,7,0,0,0,0,1,1,1,1]],[15,"options",0,[-68,-69,-70,-71,-72],[[20,1,1,7,-65,[5,478,44]],[17,-66],[11,0,8,110,-67]],[0,"b60oizPB9NVYXLRGS6rXuw",1,0],[5,478,44],[0,0,0.5],[-182,0,0,0,0,0,1,1,1,1]],[15,"options",0,[-76,-77,-78,-79,-80],[[20,1,1,7,-73,[5,478,44]],[17,-74],[11,0,8,110,-75]],[0,"e0rHqEViREMINd4h2HxAoV",1,0],[5,478,44],[0,0,0.5],[-182,0,0,0,0,0,1,1,1,1]],[15,"options",0,[-84,-85,-86,-87],[[20,1,1,5,-81,[5,375,44]],[17,-82],[11,0,8,110,-83]],[0,"33K2IgeRNF+YW3Ar/6TH09",1,0],[5,375,44],[0,0,0.5],[-182,0,0,0,0,0,1,1,1,1]],[15,"options",0,[-90,-91,-92,-93,-94],[[17,-88],[59,0,9,110,45,-89]],[0,"e6atpVlQBGY5qaUK25kKtI",1,0],[5,434,60],[0,0,0.5],[-182,-25,0,0,0,0,1,1,1,1]],[15,"options",0,[-98,-99,-100,-101],[[20,1,1,30,-95,[5,450,44]],[17,-96],[11,0,8,110,-97]],[0,"bb/WqZTVdBaa17Ovga9hso",1,0],[5,450,44],[0,0,0.5],[-182,0,0,0,0,0,1,1,1,1]],[15,"Laizi",0,[-107,-108,-109],[[7,3,false,-104,[4,4292269782],-103,-102,[[34,"3a79dbYtRBKy5W9FcLJh3vw","onMenuLaiziClicked",1]]],[60,0,1,103.07999999999998,15,15,-105],[48,-106]],[0,"76B22hRWdIl5m/ai3Hs5xS",1,0],[5,230,44],[0,0.15,0.5],[-154.42000000000002,33,0,0,0,0,1,1,1,1]],[15,"Cbz235",0,[-115,-116,-117],[[7,3,false,-112,[4,4292269782],-111,-110,[[34,"3a79dbYtRBKy5W9FcLJh3vw","onMenuChibaoziClicked",1]]],[60,0,9,320,15,15,-113],[48,-114]],[0,"c2VvjMB39NAJZt/bs5qICj",1,0],[5,230,44],[0,0.15,0.5],[62.5,33,0,0,0,0,1,1,1,1]],[73,"menu",[-121,-122,-123],[[20,1,1,30,-118,[5,540,60]],[17,-119],[61,0,1,-120]],[0,"349zOb4YJEFYRdASwwjItb",1,0],[4,4289177511],[5,540,60],[0,-30,0,0,0,0,1,1,1,1]],[15,"options",0,[-127,-128,-129],[[20,1,1,7,-124,[5,227,44]],[17,-125],[11,0,8,110,-126]],[0,"78AhI7lMFCIpe3KlwZp28j",1,0],[5,227,44],[0,0,0.5],[-182,0,0,0,0,0,1,1,1,1]],[15,"options",0,[-133,-134,-135],[[20,1,1,15,-130,[5,360,44]],[17,-131],[11,0,8,110,-132]],[0,"38Kl4SnCNPYamZK84tj94r",1,0],[5,360,44],[0,0,0.5],[-182,0,0,0,0,0,1,1,1,1]],[15,"options",0,[-139,-140,-141],[[20,1,1,15,-136,[5,360,44]],[17,-137],[11,0,8,110,-138]],[0,"c0mUQnInhK9aqkP5ngXTv2",1,0],[5,360,44],[0,0,0.5],[-182,0,0,0,0,0,1,1,1,1]],[15,"options",0,[-145,-146,-147],[[20,1,1,27,-142,[5,474,40]],[17,-143],[11,0,8,110,-144]],[0,"4eIhBd6sRPcI1mREN81kF6",1,0],[5,474,40],[0,0,0.5],[-182,0,0,0,0,0,1,1,1,1]],[15,"options",0,[-151,-152,-153],[[20,1,1,30,-148,[5,330,44]],[17,-149],[11,0,8,110,-150]],[0,"6fEgWXbvtFOol5GAAU12uZ",1,0],[5,330,44],[0,0,0.5],[-182,0,0,0,0,0,1,1,1,1]],[15,"options",0,[-157,-158,-159],[[20,1,1,30,-154,[5,330,44]],[17,-155],[11,0,8,110,-156]],[0,"28M+6RRlxFqq6FA7Au83+j",1,0],[5,330,44],[0,0,0.5],[-182,0,0,0,0,0,1,1,1,1]],[18,"chouma",2,[-161,3,-162],[[33,0,41,140,500,-160]],[0,"0emYrzITtFKbun2a17N/xS",1,0],[5,584,120],[0,-200,0,0,0,0,1,1,1,1]],[45,"btn_cm1",3,[-167,-168,-169],[[13,3,-165,[4,4292269782],-164,-163,[[3,"3a79dbYtRBKy5W9FcLJh3vw","onMenuChoumaClicked","1",1]]],[42,1,-166]],[0,"257/i9+CFAG6H61Q5Jy5X3",1,0],[5,115,42],[0,0,0.5],[0,28.5,0,0,0,0,1,1,1,1]],[31,"btn_cm2",3,[-174,-175,-176],[[13,3,-172,[4,4292269782],-171,-170,[[3,"3a79dbYtRBKy5W9FcLJh3vw","onMenuChoumaClicked","2",1]]],[16,9,115,-173]],[0,"27MvdA98hB4ZWEoO6wrYEt",1,0],[4,4285551696],[5,115,40],[0,0,0.5],[115,29.5,0,0,0,0,1,1,1,1]],[31,"btn_cm3",3,[-181,-182,-183],[[13,3,-179,[4,4292269782],-178,-177,[[3,"3a79dbYtRBKy5W9FcLJh3vw","onMenuChoumaClicked","3",1]]],[16,9,230,-180]],[0,"f1HyuDpcxMhI/dm2ech4pq",1,0],[4,4285551696],[5,115,40],[0,0,0.5],[230,29.5,0,0,0,0,1,1,1,1]],[31,"btn_cm4",3,[-188,-189,-190],[[13,3,-186,[4,4292269782],-185,-184,[[3,"3a79dbYtRBKy5W9FcLJh3vw","onMenuChoumaClicked","4",1]]],[16,9,345,-187]],[0,"d1Fw/6KrxNsYh8e5ZF5yHy",1,0],[4,4285551696],[5,115,40],[0,0,0.5],[345,29.5,0,0,0,0,1,1,1,1]],[45,"btn_cm5",3,[-195,-196,-197],[[7,3,false,-193,[4,4292269782],-192,-191,[[3,"3a79dbYtRBKy5W9FcLJh3vw","onMenuChoumaClicked","5",1]]],[23,1,57,-194]],[0,"d8ckU2kN9LzpyYWrzz/lX0",1,0],[5,115,42],[0,0,0.5],[0,-28.5,0,0,0,0,1,1,1,1]],[31,"btn_cm6",3,[-202,-203,-204],[[7,3,false,-200,[4,4292269782],-199,-198,[[3,"3a79dbYtRBKy5W9FcLJh3vw","onMenuChoumaClicked","6",1]]],[21,9,115,57,-201]],[0,"ae+RepNapJJaH/HXnKWBLw",1,0],[4,4285551696],[5,115,40],[0,0,0.5],[115,-27.5,0,0,0,0,1,1,1,1]],[31,"btn_cm7",3,[-209,-210,-211],[[7,3,false,-207,[4,4292269782],-206,-205,[[3,"3a79dbYtRBKy5W9FcLJh3vw","onMenuChoumaClicked","7",1]]],[21,9,230,57,-208]],[0,"1dc2cFWOdKd5RAp9pUI+1r",1,0],[4,4285551696],[5,115,40],[0,0,0.5],[230,-27.5,0,0,0,0,1,1,1,1]],[31,"btn_cm8",3,[-216,-217,-218],[[7,3,false,-214,[4,4292269782],-213,-212,[[3,"3a79dbYtRBKy5W9FcLJh3vw","onMenuChoumaClicked","8",1]]],[21,9,345,57,-215]],[0,"b1fCLoQutC0rJ4yi6p8eRH",1,0],[4,4285551696],[5,115,40],[0,0,0.5],[345,-27.5,0,0,0,0,1,1,1,1]],[49,"BN_1",[-223,-224,-225],[[13,3,-221,[4,4292269782],-220,-219,[[68,"1fc8f0JnJpIN66aSzA5zpI6","onMenuBetNumClicked","1"]]],[23,1,10,-222]],[0,"02vKYzL7hNDJn9zWjzOV62",1,0],[5,180,40],[0,0,0.5],[0,30,0,0,0,0,1,1,1,1]],[50,"BN_2",[-230,-231,-232],[[7,3,false,-228,[4,4292269782],-227,-226,[[68,"1fc8f0JnJpIN66aSzA5zpI6","onMenuBetNumClicked","2"]]],[23,9,70,-229]],[0,"eaWP+g8NpFsYorZa9ZgGJr",1,0],[4,4285551696],[5,180,40],[0,0,0.5],[0,-30,0,0,0,0,1,1,1,1]],[74,"rule_type",2,[-233,-234,-235,-236,-237],[0,"0cEO9PqUJLLoG1E9zS42z1",1,0],[5,584,160],[0,-340,0,0,0,0,1,1,1,1]],[54,"progressBar",[-241,-242],[[[29,1,0,-238,[136],137],-239,[21,9,145,5,-240]],4,1,4],[0,"aaVoO7sapHgrcv62YABGS0",1,0],[5,400,30],[53,5,0,0,0,0,1,1,1,1]],[54,"progressBar",[-246,-247],[[[29,1,0,-243,[145],146],-244,[21,9,145,5,-245]],4,1,4],[0,"922nVz/F1LN7DVPWxKMciK",1,0],[5,400,30],[53,5,0,0,0,0,1,1,1,1]],[75,"XQ_0",0,8,[-252,-253,-254],[[13,3,-250,[4,4292269782],-249,-248,[[3,"3a79dbYtRBKy5W9FcLJh3vw","onMenuXiQianClicked","0",1]]],[23,1,10,-251]],[0,"1dAFJgdwBIsoi3h0Vnh2f3",1,0],[5,88,40],[0,0,0.5]],[6,"XQ_5",0,8,[-259,-260,-261],[[7,3,false,-257,[4,4292269782],-256,-255,[[3,"3a79dbYtRBKy5W9FcLJh3vw","onMenuXiQianClicked","5",1]]],[21,9,90,10,-258]],[0,"9128a6PfZGpJ4UWTHWWzIo",1,0],[5,103,40],[0,0,0.5],[90,0,0,0,0,0,1,1,1,1]],[6,"XQ_10",0,8,[-266,-267,-268],[[7,3,false,-264,[4,4292269782],-263,-262,[[3,"3a79dbYtRBKy5W9FcLJh3vw","onMenuXiQianClicked","10",1]]],[21,9,180,10,-265]],[0,"a5pI8t0n9KSKoF2GCsEbsl",1,0],[5,103,40],[0,0,0.5],[180,0,0,0,0,0,1,1,1,1]],[6,"XQ_20",0,8,[-273,-274,-275],[[7,3,false,-271,[4,4292269782],-270,-269,[[3,"3a79dbYtRBKy5W9FcLJh3vw","onMenuXiQianClicked","20",1]]],[21,9,270,10,-272]],[0,"50DAl1FvdDuInf3xfZEqHq",1,0],[5,103,40],[0,0,0.5],[270,0,0,0,0,0,1,1,1,1]],[6,"XQ_40",0,8,[-280,-281,-282],[[7,3,false,-278,[4,4292269782],-277,-276,[[3,"3a79dbYtRBKy5W9FcLJh3vw","onMenuXiQianClicked","40",1]]],[21,9,360,10,-279]],[0,"845nrqa2ZMfoacHMvvZ9mC",1,0],[5,103,40],[0,0,0.5],[360,0,0,0,0,0,1,1,1,1]],[15,"options",0,[-286,-287],[[20,1,1,27,-283,[5,307,40]],[17,-284],[11,0,8,110,-285]],[0,"8d7LcB3VxEVLrbjEbUHZWv",1,0],[5,307,40],[0,0,0.5],[-182,0,0,0,0,0,1,1,1,1]],[6,"Upper_1000",0,17,[-292,-293,-294],[[7,3,false,-290,[4,4292269782],-289,-288,[[3,"3a79dbYtRBKy5W9FcLJh3vw","onMenuUpperLimitClicked","1000",1]]],[16,8,120,-291]],[0,"55mXgLOxpBOoLNteF2rIjW",1,0],[5,90,44],[0,0,0.5],[120,-1.1368683772161603e-13,0,0,0,0,1,1,1,1]],[6,"Xznum_2",0,18,[-299,-300,-301],[[7,3,false,-297,[4,4292269782],-296,-295,[[3,"3a79dbYtRBKy5W9FcLJh3vw","onMenuDiFenClicked","1000",1]]],[16,8,120,-298]],[0,"1bzHQlyndFCYUmyE/14CAK",1,0],[5,90,44],[0,0,0.5],[120,-1.1368683772161603e-13,0,0,0,0,1,1,1,1]],[6,"Tnum_10",0,9,[-306,-307,-308],[[7,3,false,-304,[4,4292269782],-303,-302,[[3,"3a79dbYtRBKy5W9FcLJh3vw","onMenuDiFenClicked","10",1]]],[16,8,120,-305]],[0,"f00WIUdzdMvoV3dQC/oEZh",1,0],[5,90,44],[0,0,0.5],[120,-1.1368683772161603e-13,0,0,0,0,1,1,1,1]],[15,"options",0,[-312,-313],[[20,1,1,20,-309,[5,420,80]],[17,-310],[11,0,8,110,-311]],[0,"03naT1Tu5GubdlyUk+f46w",1,0],[5,420,80],[0,0,0.5],[-182,0,0,0,0,0,1,1,1,1]],[6,"PS_1",0,42,[-317,-318,-319],[[13,3,-316,[4,4292269782],-315,-314,[[3,"3a79dbYtRBKy5W9FcLJh3vw","onMenuTicketTypeClicked","1",1]]]],[0,"cbu0eN3NVIeI06TvwXLPE0",1,0],[5,200,44],[0,0,0.5],[0,-1.1368683772161603e-13,0,0,0,0,1,1,1,1]],[6,"PS_2",0,42,[-323,-324,-325],[[7,3,false,-322,[4,4292269782],-321,-320,[[3,"3a79dbYtRBKy5W9FcLJh3vw","onMenuTicketTypeClicked","2",1]]]],[0,"35BZ0ANYxFfLuonQPsbi9W",1,0],[5,200,44],[0,0,0.5],[220,-1.1368683772161603e-13,0,0,0,0,1,1,1,1]],[76,"friend",false,0,[-330,-331,-332],[[98,3,false,-328,[4,4292269782],-327,-326],[48,-329]],[0,"15fO5acLlFoZFpwWxMZKrN",1,0],[5,252,80],[0,0.06,0.5],[-270,0,0,0,0,0,1,1,1,1]],[4,"bt_exit_0",0,1,[[1,-333,[0],1],[87,0,33,12,4,203,-334],[26,-336,[[69,"ZJHCreatView","close",1]],[4,4292269782],-335]],[0,"7ef9gxdy5GJ4wzREVGwivv",1,0],[5,70,70],[285,551,0,0,0,0,1,1,1,1]],[6,"New Node",0,1,[-338,12,2],[[58,2,45,20,20,90,4,39,39,-337]],[0,"99DnzJbW9Bhblle86H21MV",1,0],[5,624,1086],[0,0.5,1],[0,500,0,0,0,0,1,1,1,1]],[6,"gtype_1",0,13,[-342,-343,-344],[[13,3,-341,[4,4292269782],-340,-339,[[3,"3a79dbYtRBKy5W9FcLJh3vw","onMenuDiFenClicked","1",1]]]],[0,"18CTvHic1C4I5r0EkaNnLh",1,0],[5,110,44],[0,0,0.5],[0,-1.1368683772161603e-13,0,0,0,0,1,1,1,1]],[6,"gtype_2",0,13,[-348,-349,-350],[[7,3,false,-347,[4,4292269782],-346,-345,[[3,"3a79dbYtRBKy5W9FcLJh3vw","onMenuDiFenClicked","1",1]]]],[0,"85cyLv+NFGa6nhhncPG9cw",1,0],[5,110,44],[0,0,0.5],[117,-1.1368683772161603e-13,0,0,0,0,1,1,1,1]],[77,"gtype_3",false,0,13,[-354,-355,-356],[[7,3,false,-353,[4,4292269782],-352,-351,[[3,"3a79dbYtRBKy5W9FcLJh3vw","onMenuDiFenClicked","3",1]]]],[0,"89wTGfqHhKSZVP0YvCAB0i",1,0],[5,110,44],[0,0,0.5],[234,-1.1368683772161603e-13,0,0,0,0,1,1,1,1]],[6,"Pnum_6",0,5,[-360,-361,-362],[[13,3,-359,[4,4292269782],-358,-357,[[3,"3a79dbYtRBKy5W9FcLJh3vw","onMenuPnumClicked","6",1]]]],[0,"405OFz079O3JIlyF9dxPEC",1,0],[5,90,44],[0,0,0.5],[0,-1.1368683772161603e-13,0,0,0,0,1,1,1,1]],[6,"Pnum_9",0,5,[-366,-367,-368],[[7,3,false,-365,[4,4292269782],-364,-363,[[3,"3a79dbYtRBKy5W9FcLJh3vw","onMenuPnumClicked","9",1]]]],[0,"76hvpYuflAMrvPpH1EJhI1",1,0],[5,90,44],[0,0,0.5],[97,-1.1368683772161603e-13,0,0,0,0,1,1,1,1]],[6,"Pnum_12",0,5,[-372,-373,-374],[[7,3,false,-371,[4,4292269782],-370,-369,[[3,"3a79dbYtRBKy5W9FcLJh3vw","onMenuPnumClicked","12",1]]]],[0,"5fzDZmz/ZCOpPGhBCS/8s2",1,0],[5,90,44],[0,0,0.5],[194,-1.1368683772161603e-13,0,0,0,0,1,1,1,1]],[6,"Pnum_15",0,5,[-378,-379,-380],[[7,3,false,-377,[4,4292269782],-376,-375,[[3,"3a79dbYtRBKy5W9FcLJh3vw","onMenuPnumClicked","15",1]]]],[0,"e4GD0Ac1hDX4tg6cVTqjUT",1,0],[5,90,44],[0,0,0.5],[291,-1.1368683772161603e-13,0,0,0,0,1,1,1,1]],[6,"Pnum_17",0,5,[-384,-385,-386],[[7,3,false,-383,[4,4292269782],-382,-381,[[3,"3a79dbYtRBKy5W9FcLJh3vw","onMenuPnumClicked","17",1]]]],[0,"a0MSGiLiBB/oFAyh2El+d8",1,0],[5,90,44],[0,0,0.5],[388,-1.1368683772161603e-13,0,0,0,0,1,1,1,1]],[6,"DF_1",0,6,[-390,-391,-392],[[13,3,-389,[4,4292269782],-388,-387,[[3,"3a79dbYtRBKy5W9FcLJh3vw","onMenuDiFenClicked","1",1]]]],[0,"2fbSkihWdKt5+GVIjjw/IL",1,0],[5,90,44],[0,0,0.5],[0,-1.1368683772161603e-13,0,0,0,0,1,1,1,1]],[6,"DF_2",0,6,[-396,-397,-398],[[7,3,false,-395,[4,4292269782],-394,-393,[[3,"3a79dbYtRBKy5W9FcLJh3vw","onMenuDiFenClicked","2",1]]]],[0,"37/X2tZilP8YnbKSwtP0sE",1,0],[5,90,44],[0,0,0.5],[97,-1.1368683772161603e-13,0,0,0,0,1,1,1,1]],[6,"DF_3",0,6,[-402,-403,-404],[[7,3,false,-401,[4,4292269782],-400,-399,[[3,"3a79dbYtRBKy5W9FcLJh3vw","onMenuDiFenClicked","3",1]]]],[0,"0e0Hx2HKdIf7mB63Fufc70",1,0],[5,90,44],[0,0,0.5],[194,-1.1368683772161603e-13,0,0,0,0,1,1,1,1]],[6,"DF_4",0,6,[-408,-409,-410],[[7,3,false,-407,[4,4292269782],-406,-405,[[3,"3a79dbYtRBKy5W9FcLJh3vw","onMenuDiFenClicked","4",1]]]],[0,"faOuz5y2JAa5aHY9tQ/pti",1,0],[5,90,44],[0,0,0.5],[291,-1.1368683772161603e-13,0,0,0,0,1,1,1,1]],[6,"DF_5",0,6,[-414,-415,-416],[[7,3,false,-413,[4,4292269782],-412,-411,[[3,"3a79dbYtRBKy5W9FcLJh3vw","onMenuDiFenClicked","5",1]]]],[0,"f400D9xUNIv65gvl4ev8Bh",1,0],[5,90,44],[0,0,0.5],[388,-1.1368683772161603e-13,0,0,0,0,1,1,1,1]],[6,"xz_120",0,14,[-420,-421,-422],[[13,3,-419,[4,4292269782],-418,-417,[[3,"3a79dbYtRBKy5W9FcLJh3vw","onMenuDiFenClicked","6",1]]]],[0,"3ef9HG42dCF5P91XLTLfpf",1,0],[5,110,44],[0,0,0.5],[0,-1.1368683772161603e-13,0,0,0,0,1,1,1,1]],[6,"xz_160",0,14,[-426,-427,-428],[[7,3,false,-425,[4,4292269782],-424,-423,[[3,"3a79dbYtRBKy5W9FcLJh3vw","onMenuDiFenClicked","9",1]]]],[0,"0eFr/FgCdCTLMtjk14LBhJ",1,0],[5,110,44],[0,0,0.5],[125,-1.1368683772161603e-13,0,0,0,0,1,1,1,1]],[6,"xz_200",0,14,[-432,-433,-434],[[7,3,false,-431,[4,4292269782],-430,-429,[[3,"3a79dbYtRBKy5W9FcLJh3vw","onMenuDiFenClicked","12",1]]]],[0,"10Dfk5bxpKc7KHf3FbKiGr",1,0],[5,110,44],[0,0,0.5],[250,-1.1368683772161603e-13,0,0,0,0,1,1,1,1]],[78,"xiazhu",false,2,[-436,-437,-438],[[33,0,41,260,500,-435]],[0,"67Hrou0lpJJZAvZlN1BefB",1,0],[5,584,120],[0,-320,0,0,0,0,1,1,1,1]],[45,"options",64,[28,29],[[17,-439],[88,0,13,120,40,-440]],[0,"7cznPxDi9K+L4G2bpaZEpU",1,0],[5,566,120],[0,0,0.5],[-172,0,0,0,0,0,1,1,1,1]],[6,"xz_120",0,15,[-444,-445,-446],[[13,3,-443,[4,4292269782],-442,-441,[[3,"3a79dbYtRBKy5W9FcLJh3vw","onMenuDiFenClicked","6",1]]]],[0,"45WADxAxlKqKlagHu3bOSB",1,0],[5,110,44],[0,0,0.5],[0,-1.1368683772161603e-13,0,0,0,0,1,1,1,1]],[6,"xz_160",0,15,[-450,-451,-452],[[7,3,false,-449,[4,4292269782],-448,-447,[[3,"3a79dbYtRBKy5W9FcLJh3vw","onMenuDiFenClicked","9",1]]]],[0,"efx6X9helMy7h1Oi/dP2im",1,0],[5,110,44],[0,0,0.5],[125,-1.1368683772161603e-13,0,0,0,0,1,1,1,1]],[6,"xz_200",0,15,[-456,-457,-458],[[7,3,false,-455,[4,4292269782],-454,-453,[[3,"3a79dbYtRBKy5W9FcLJh3vw","onMenuDiFenClicked","12",1]]]],[0,"9aB2qH20xCq5MHZ8FGqS6v",1,0],[5,110,44],[0,0,0.5],[250,-1.1368683772161603e-13,0,0,0,0,1,1,1,1]],[18,"pro_lookCard",30,[31,-460,-461],[[23,1,40,-459]],[0,"26+JCYSNZPv6C0leoNEqqM",1,0],[5,584,50],[0,15,0,0,0,0,1,1,1,1]],[18,"pro_pkCard",30,[32,-463,-464],[[23,1,125,-462]],[0,"e3C1o20nlOcZwfBgwwKWoD",1,0],[5,584,50],[0,-70,0,0,0,0,1,1,1,1]],[51,"xiqian",0,2,[-465,-466,8],[0,"44NgkEKVBG/am0aaWdBS9v",1,0],[5,584,100],[0,-470,0,0,0,0,1,1,1,1]],[6,"MP_1",0,16,[-470,-471,-472],[[13,3,-469,[4,4292269782],-468,-467,[[47,"ZJHCreatView","onMenuMenPiaoClicked","1",1]]]],[0,"e0Irt7R8pKaqjZq9CdeiLC",1,0],[5,140,44],[0,0,0.5],[0,-1.1368683772161603e-13,0,0,0,0,1,1,1,1]],[6,"MP_2",0,16,[-476,-477,-478],[[7,3,false,-475,[4,4292269782],-474,-473,[[47,"ZJHCreatView","onMenuMenPiaoClicked","2",1]]]],[0,"f64/WYap9OaJ3DoTaOw/By",1,0],[5,140,44],[0,0,0.5],[167,-1.1368683772161603e-13,0,0,0,0,1,1,1,1]],[6,"MP_3",0,16,[-482,-483,-484],[[7,3,false,-481,[4,4292269782],-480,-479,[[47,"ZJHCreatView","onMenuMenPiaoClicked","3",1]]]],[0,"f8rtsqJixMqJ78x12mmGP+",1,0],[5,140,44],[0,0,0.5],[334,-1.1368683772161603e-13,0,0,0,0,1,1,1,1]],[6,"Laizi",0,38,[-488,-489,-490],[[13,3,-487,[4,4292269782],-486,-485,[[3,"3a79dbYtRBKy5W9FcLJh3vw","onMenuWanFaClicked","1",1]]]],[0,"b0p5PwBK1AuLUYUckama7/",1,0],[5,140,44],[0,0,0.5],[0,-1.1368683772161603e-13,0,0,0,0,1,1,1,1]],[6,"Cbz",0,38,[-494,-495,-496],[[7,3,false,-493,[4,4292269782],-492,-491,[[3,"3a79dbYtRBKy5W9FcLJh3vw","onMenuWanFaClicked","2",1]]]],[0,"echTj0FYNBeqWIcuxSDdzC",1,0],[5,140,44],[0,0,0.5],[167,0,0,0,0,0,1,1,1,1]],[32,"upper",0,2,[-498,17],[[25,0,40,500,-497]],[0,"eb+pwiAl5AQrzD1FxD2UtH",1,0],[5,584,70],[0,-555,0,0,0,0,1,1,1,1]],[6,"Upper_500",0,17,[-502,-503,-504],[[13,3,-501,[4,4292269782],-500,-499,[[3,"3a79dbYtRBKy5W9FcLJh3vw","onMenuUpperLimitClicked","500",1]]]],[0,"74Ub9s5qJJebAL8L8583hy",1,0],[5,90,44],[0,0,0.5],[0,-1.1368683772161603e-13,0,0,0,0,1,1,1,1]],[6,"Upper_2000",0,17,[-508,-509,-510],[[7,3,false,-507,[4,4292269782],-506,-505,[[3,"3a79dbYtRBKy5W9FcLJh3vw","onMenuUpperLimitClicked","2000",1]]]],[0,"12nbi15MRA97p1spVWM/rv",1,0],[5,90,44],[0,0,0.5],[240,-1.1368683772161603e-13,0,0,0,0,1,1,1,1]],[6,"Xznum_1",0,18,[-514,-515,-516],[[13,3,-513,[4,4292269782],-512,-511,[[3,"3a79dbYtRBKy5W9FcLJh3vw","onMenuDiFenClicked","500",1]]]],[0,"0fE5n9zhhPSY4DBDdkI3Z3",1,0],[5,90,44],[0,0,0.5],[0,-1.1368683772161603e-13,0,0,0,0,1,1,1,1]],[6,"Xznum_3",0,18,[-520,-521,-522],[[7,3,false,-519,[4,4292269782],-518,-517,[[3,"3a79dbYtRBKy5W9FcLJh3vw","onMenuDiFenClicked","2000",1]]]],[0,"9b2binY9hHnpj/eC+J4jWS",1,0],[5,90,44],[0,0,0.5],[240,-1.1368683772161603e-13,0,0,0,0,1,1,1,1]],[6,"Tnum_8",0,9,[-526,-527,-528],[[13,3,-525,[4,4292269782],-524,-523,[[3,"3a79dbYtRBKy5W9FcLJh3vw","onMenuDiFenClicked","8",1]]]],[0,"6az8dnhV5PV5VABicnAsBU",1,0],[5,90,44],[0,0,0.5],[0,-1.1368683772161603e-13,0,0,0,0,1,1,1,1]],[6,"Tnum_12",0,9,[-532,-533,-534],[[7,3,false,-531,[4,4292269782],-530,-529,[[3,"3a79dbYtRBKy5W9FcLJh3vw","onMenuDiFenClicked","12",1]]]],[0,"e2OItAt7pMtIeQkqIY+06V",1,0],[5,90,44],[0,0,0.5],[240,-1.1368683772161603e-13,0,0,0,0,1,1,1,1]],[6,"Tnum_15",0,9,[-538,-539,-540],[[7,3,false,-537,[4,4292269782],-536,-535,[[3,"3a79dbYtRBKy5W9FcLJh3vw","onMenuDiFenClicked","15",1]]]],[0,"ebf0RgwAhA+JmBflPW4gg0",1,0],[5,90,44],[0,0,0.5],[360,-1.1368683772161603e-13,0,0,0,0,1,1,1,1]],[18,"time",2,[-542,-543,-544],[[33,0,40,660,500,-541]],[0,"f6qJpu+XdIZLq7qsPPPf4w",1,0],[5,584,70],[0,-695,0,0,0,0,1,1,1,1]],[18,"zb",85,[-547,-548],[[20,1,1,10,-545,[5,162,40]],[23,1,20,-546]],[0,"e7+jRyZupDmJqfGICC3C7X",1,0],[5,162,40],[-100,-5,0,0,0,0,1,1,1,1]],[52,"Background",[-550,-551],[[29,1,0,-549,[238],239]],[0,"43384ichRCTpyPv99shAQ1",1,0],[5,100,39]],[18,"bet",85,[-554,-555],[[20,1,1,10,-552,[5,162,40]],[23,1,20,-553]],[0,"1eCZaA+m5DdaqjPEJJ6sDW",1,0],[5,162,40],[122,-5,0,0,0,0,1,1,1,1]],[52,"Background",[-557,-558],[[29,1,0,-556,[245],246]],[0,"e5Mu40SFRDWpGgzl3K/nGu",1,0],[5,100,39]],[51,"rule",0,2,[-559,10,11,-560],[0,"17q7AFlvhALIRfyRXbIuOM",1,0],[5,584,140],[0,-800,0,0,0,0,1,1,1,1]],[27,"lz",false,0,90,[-562,7],[[33,0,41,60,500,-561]],[0,"a2linLmdVBC6iP7V3oId87",1,0],[5,584,70],[0,-25,0,0,0,0,1,1,1,1]],[6,"lz2",0,7,[-566,-567,-568],[[13,3,-565,[4,4292269782],-564,-563,[[3,"3a79dbYtRBKy5W9FcLJh3vw","onMenuLaiziNumClicked","2",1]]]],[0,"cc75WYGUtO451XnlowNs8I",1,0],[5,90,44],[0,0,0.5],[0,-1.1368683772161603e-13,0,0,0,0,1,1,1,1]],[6,"lz4",0,7,[-572,-573,-574],[[7,3,false,-571,[4,4292269782],-570,-569,[[3,"3a79dbYtRBKy5W9FcLJh3vw","onMenuLaiziNumClicked","4",1]]]],[0,"06Kp8/kodKS6UXTSvqEVXK",1,0],[5,90,44],[0,0,0.5],[95,-1.1368683772161603e-13,0,0,0,0,1,1,1,1]],[6,"lz6",0,7,[-578,-579,-580],[[7,3,false,-577,[4,4292269782],-576,-575,[[3,"3a79dbYtRBKy5W9FcLJh3vw","onMenuLaiziNumClicked","6",1]]]],[0,"79XPINVDJMXo288RKf2SL9",1,0],[5,90,44],[0,0,0.5],[190,-1.1368683772161603e-13,0,0,0,0,1,1,1,1]],[6,"lz8",0,7,[-584,-585,-586],[[7,3,false,-583,[4,4292269782],-582,-581,[[3,"3a79dbYtRBKy5W9FcLJh3vw","onMenuLaiziNumClicked","8",1]]]],[0,"6aKEfqpGxFWoUCLIv+ftwl",1,0],[5,90,44],[0,0,0.5],[285,-1.1368683772161603e-13,0,0,0,0,1,1,1,1]],[32,"bottom",0,1,[-588,-589,45],[[89,0,44,20,20,-587]],[0,"5aWkdtld5DV6R3A9N6IRES",1,0],[5,624,130],[0,-525,0,0,0,0,1,1,1,1]],[32,"bt_cjfj_ljks",0,96,[-593],[[1,-590,[272],273],[26,-592,[[69,"ZJHCreatView","onConfirmClicked",1]],[4,4292269782],-591]],[0,"96Bj0As39HTKBecOuxP+cv",1,0],[5,326,102],[143,0,0,0,0,0,1,1,1,1]],[18,"5",4,[-596,-597],[[26,-595,[[3,"3a79dbYtRBKy5W9FcLJh3vw","onTimeItemClicked","5",1]],[4,4292269782],-594]],[0,"29gbwKFPlL9oqfKvWvA2h4",1,0],[5,100,45],[0,-22.5,0,0,0,0,1,1,1,1]],[18,"5",4,[-600,-601],[[26,-599,[[3,"3a79dbYtRBKy5W9FcLJh3vw","onTimeItemClicked","6",1]],[4,4292269782],-598]],[0,"9c68EckwFFrYzTC14WujNW",1,0],[5,100,45],[0,-67.5,0,0,0,0,1,1,1,1]],[18,"5",4,[-604,-605],[[26,-603,[[3,"3a79dbYtRBKy5W9FcLJh3vw","onTimeItemClicked","7",1]],[4,4292269782],-602]],[0,"49Btrgb2dMe7xFqdrPQ54q",1,0],[5,100,45],[0,-112.5,0,0,0,0,1,1,1,1]],[18,"5",4,[-608,-609],[[26,-607,[[3,"3a79dbYtRBKy5W9FcLJh3vw","onTimeItemClicked","8",1]],[4,4292269782],-606]],[0,"e8L1TxHJFFFa7AjlUbEgwb",1,0],[5,100,45],[0,-157.5,0,0,0,0,1,1,1,1]],[18,"5",4,[-612,-613],[[26,-611,[[3,"3a79dbYtRBKy5W9FcLJh3vw","onTimeItemClicked","8",1]],[4,4292269782],-610]],[0,"a8JNSMRzxKT5PJVtSsxbhS",1,0],[5,100,45],[0,-202.5,0,0,0,0,1,1,1,1]],[18,"MD_1",12,[-617,-618],[[99,-616,[4,4292269782],-615,-614,[[3,"3a79dbYtRBKy5W9FcLJh3vw","onTopMenuClicked","1",1]]]],[0,"90nlzwRyhFeaWr3VtXNTWl",1,0],[5,160,78],[-190,0,0,0,0,0,1,1,1,1]],[40,"Background",103,[-620],[[1,-619,[10],11]],[0,"af/Adw2IhGO4oGzV+kuibJ",1,0],[5,196,78]],[40,"MD_2",12,[-624,-625],[[67,false,-623,[4,4292269782],-622,-621,[[3,"3a79dbYtRBKy5W9FcLJh3vw","onTopMenuClicked","2",1]]]],[0,"f2Rxps/9ROmpKvgdt+5UGG",1,0],[5,160,78]],[40,"Background",105,[-627],[[1,-626,[17],18]],[0,"0aoJ7uzzNKzqQSXPUIUNMV",1,0],[5,196,78]],[18,"MD_3",12,[-631,-632],[[67,false,-630,[4,4292269782],-629,-628,[[3,"3a79dbYtRBKy5W9FcLJh3vw","onTopMenuClicked","3",1]]]],[0,"c6TK4NoOhNSYSFoWs4jsKI",1,0],[5,160,78],[190,0,0,0,0,0,1,1,1,1]],[40,"Background",107,[-634],[[1,-633,[24],25]],[0,"3fRJyEQ7lHkIsLafIVEn/L",1,0],[5,196,78]],[27,"gtype",false,0,2,[-636,13],[[25,0,40,500,-635]],[0,"088blIEYVB95XT93S+KJRQ",1,0],[5,584,70],[0,-35,0,0,0,0,1,1,1,1]],[32,"pnum",0,2,[-638,5],[[25,0,40,500,-637]],[0,"a05pFo4opGVbsdENjV8NF3",1,0],[5,584,70],[0,-35,0,0,0,0,1,1,1,1]],[32,"difen",0,2,[-640,6],[[25,0,40,500,-639]],[0,"dciX/LqqpF8IuqKxxArbRx",1,0],[5,584,70],[0,-105,0,0,0,0,1,1,1,1]],[27,"xzcm",false,0,19,[-642,14],[[33,0,41,120,500,-641]],[0,"30R5wFJ6tJUKPFekKKbNOY",1,0],[5,584,70],[0,-60,0,0,0,0,1,1,1,1]],[27,"xzcm",false,0,64,[-644,15],[[33,0,41,120,500,-643]],[0,"3cJoeTfoxKRZ9mHIThUTgM",1,0],[5,584,70],[0,-60,0,0,0,0,1,1,1,1]],[10,"dot",31,[[43,-645,[135]],[42,8,-646]],[0,"2bUOFvVLtFa5S/VMEQekxa",1,0],[5,40,36],[-180,0,0,0,0,0,1,1,1,1]],[10,"look_btn_reduce",69,[[1,-647,[138],139],[44,3,-648,[[3,"3a79dbYtRBKy5W9FcLJh3vw","onProReduceClicked","look",1]],[4,4293322470],[4,4291348680],[4,3363338360]],[21,9,120,-5.5,-649]],[0,"d7M5AQAW9HEKm1Xtd8Eem2",1,0],[5,45,49],[-149.5,6,0,0,0,0,1,1,1,0]],[10,"look_btn_add",69,[[62,33,35,-3,-650],[1,-651,[140],141],[44,3,-652,[[3,"3a79dbYtRBKy5W9FcLJh3vw","onProAddClicked","look",1]],[4,4293322470],[4,4291348680],[4,3363338360]]],[0,"5cyffEiT1JOo8wp1d8Hca9",1,0],[5,44,44],[235,6,0,0,0,0,1,1,1,0]],[10,"dot",32,[[43,-653,[144]],[42,8,-654]],[0,"8cIG46mJ9LlqwCqsqDvpMg",1,0],[5,40,36],[-180,0,0,0,0,0,1,1,1,1]],[10,"look_btn_reduce",70,[[21,9,120,-4.5,-655],[1,-656,[147],148],[44,3,-657,[[3,"3a79dbYtRBKy5W9FcLJh3vw","onProReduceClicked","pk",1]],[4,4293322470],[4,4291348680],[4,3363338360]]],[0,"02wTkbyvVEJLrw6eUKv8LB",1,0],[5,45,49],[-149.5,5,0,0,0,0,1,1,1,0]],[10,"look_btn_add",70,[[1,-658,[149],150],[62,33,35,-2,-659],[44,3,-660,[[3,"3a79dbYtRBKy5W9FcLJh3vw","onProAddClicked","pk",1]],[4,4293322470],[4,4291348680],[4,3363338360]]],[0,"a612i8rdhJyLOTDEgQ8Rp5",1,0],[5,44,44],[235,5,0,0,0,0,1,1,1,0]],[27,"menpiao",false,0,2,[-662,16],[[25,0,40,500,-661]],[0,"56OSAxvPhOUKV7JDlruSqg",1,0],[5,584,70],[0,-605,0,0,0,0,1,1,1,1]],[27,"wanfa2",false,0,2,[-664,38],[[25,0,40,500,-663]],[0,"181yen0DFFJpxZWUZc9vns",1,0],[5,584,70],[0,-535,0,0,0,0,1,1,1,1]],[27,"xznum",false,0,2,[-666,18],[[25,0,40,500,-665]],[0,"1b1BmYPmlFy46rWVyvDL5Y",1,0],[5,584,70],[0,-675,0,0,0,0,1,1,1,1]],[27,"tnum",false,0,2,[-668,9],[[25,0,40,500,-667]],[0,"61Qx6TLwNChLGQq7RiYl4M",1,0],[5,584,70],[0,-675,0,0,0,0,1,1,1,1]],[32,"panshu",0,2,[-670,42],[[25,0,40,500,-669]],[0,"f6e+G7e+pKFKZKcUpr36Uy",1,0],[5,584,70],[0,-625,0,0,0,0,1,1,1,1]],[18,"New Toggle",86,[87,-672],[[26,-671,[[34,"3a79dbYtRBKy5W9FcLJh3vw","onReadyTimeClicked",1]],[4,4292269782],87]],[0,"cbgb+djZJJbIaZ8dBK2YF2",1,0],[5,100,39],[31,0,0,0,0,0,1,1,1,1]],[18,"New Toggle",88,[89,-674],[[26,-673,[[34,"3a79dbYtRBKy5W9FcLJh3vw","onBetTimeClicked",1]],[4,4292269782],89]],[0,"abIfx/rkJMA6qXsCTg+hVH",1,0],[5,100,39],[31,0,0,0,0,0,1,1,1,1]],[79,"xialaTimeView",false,1,[-676,4],[[61,2,45,-675]],[0,"9dKy3NTztKS43/HzwS8RvO",1,0],[5,664,1180]],[41,"New Button",127,[[100,-678,[[34,"3a79dbYtRBKy5W9FcLJh3vw","closeTimeView",1]],[4,4294967295],[4,4294967295],-677,276,277,278,279],[90,0,45,100,40,-679]],[0,"d81RhiJQJAkLIbBZPcRzUv",1,0],[5,664,1180]],[4,"bg_cjfj",0,1,[[1,-680,[2],3],[63,0,1,4,-681]],[0,"b1Mp5p/dxMaIJJE07etSkK",1,0],[5,246,74],[0,549,0,0,0,0,1,1,1,1]],[80,"bg",0,47,[[29,1,0,-682,[6],7],[42,1,-683]],[0,"a90rRaDhxDq7HNUKULRFot",1,0],[5,590,960],[0,0.5,1]],[83,"checkmark",103,[-685],[-684],[0,"e746thfJtI1IflqOPMbSsH",1,0],[5,196,95],[0,-10,0,0,0,0,1,1,1,1]],[57,"checkmark",false,105,[-687],[-686],[0,"44u23hjhtL8bkGJVJBprd3",1,0],[5,196,95],[0,-10,0,0,0,0,1,1,1,1]],[57,"checkmark",false,107,[-689],[-688],[0,"1dVexqqaNHhb7cC254Pqf6",1,0],[5,196,95],[0,-10,0,0,0,0,1,1,1,1]],[19,"New Label",0,109,[[2,1,"游戏：",28,1,1,-690,[27]],[11,0,8,20,-691]],[0,"92fZW+1sJJapj9Cj7cVqki",1,0],[4,4281729024],[5,84,50.4],[-230,0,0,0,0,0,1,1,1,1]],[4,"Background",0,48,[[1,-692,[28],29]],[0,"12elUVwJNJD5yvh/dTj6hs",1,0],[5,44,44],[22,0,0,0,0,0,1,1,1,0]],[4,"Background",0,49,[[1,-693,[32],33]],[0,"70E3bM15JMYoCosAQSJ9c4",1,0],[5,44,44],[22,0,0,0,0,0,1,1,1,0]],[4,"Background",0,50,[[1,-694,[35],36]],[0,"380HAR+ghAI5XkxevqQ1/6",1,0],[5,44,44],[22,0,0,0,0,0,1,1,1,0]],[19,"New Label",0,110,[[2,1,"人数：",28,1,1,-695,[38]],[11,0,8,20,-696]],[0,"a2ImiBsrBPSpmUxc5t6EEr",1,0],[4,4281729024],[5,84,50.4],[-230,0,0,0,0,0,1,1,1,1]],[4,"Background",0,51,[[1,-697,[39],40]],[0,"93a3r0tPtG4KAxFXHaVIjY",1,0],[5,44,44],[22,0,0,0,0,0,1,1,1,0]],[4,"Background",0,52,[[1,-698,[43],44]],[0,"363nYuBOdJc6JxmQZX6B2b",1,0],[5,44,44],[22,0,0,0,0,0,1,1,1,0]],[4,"Background",0,53,[[1,-699,[46],47]],[0,"32hW/3E/1HY7nMVht60uJy",1,0],[5,44,44],[22,0,0,0,0,0,1,1,1,0]],[4,"Background",0,54,[[1,-700,[49],50]],[0,"1baedlpExBRZa31xR26wmC",1,0],[5,44,44],[22,0,0,0,0,0,1,1,1,0]],[4,"Background",0,55,[[1,-701,[52],53]],[0,"e9ZBFqww9Dc5jGAu9ZPzy7",1,0],[5,44,44],[22,0,0,0,0,0,1,1,1,0]],[19,"New Label",0,111,[[2,1,"底分：",28,1,1,-702,[55]],[11,0,8,20,-703]],[0,"19LMOVNjBOI6xNf+6HKtMN",1,0],[4,4281729024],[5,84,50.4],[-230,0,0,0,0,0,1,1,1,1]],[4,"Background",0,56,[[1,-704,[56],57]],[0,"efuFyv+OdGR6Noh2bVXzoq",1,0],[5,44,44],[22,0,0,0,0,0,1,1,1,0]],[4,"Background",0,57,[[1,-705,[60],61]],[0,"5eqIbgT2FBS63G2MENYBTC",1,0],[5,44,44],[22,0,0,0,0,0,1,1,1,0]],[4,"Background",0,58,[[1,-706,[63],64]],[0,"9axiKnveVDw6rnYbA0V01P",1,0],[5,44,44],[22,0,0,0,0,0,1,1,1,0]],[4,"Background",0,59,[[1,-707,[66],67]],[0,"4aXBcZcgpMa5hqLzlXS6kH",1,0],[5,44,44],[22,0,0,0,0,0,1,1,1,0]],[4,"Background",0,60,[[1,-708,[69],70]],[0,"75y8lVOrNJ8Js0BCG0lKJh",1,0],[5,44,44],[22,0,0,0,0,0,1,1,1,0]],[28,"New Label",19,[[14,"筹码：",26,1,1,-709,[72]],[23,1,10,-710]],[0,"c2lt5NIdtGiII5uuvk26XC",1,0],[4,4279828994],[5,78,50.4],[-230,24.8,0,0,0,0,1,1,1,1]],[10,"Background",20,[[1,-711,[73],74]],[0,"a0BBjESPlCyKIv7mARYVJD",1,0],[5,44,44],[14,0,0,0,0,0,1,1,1,0]],[24,"New Label",20,[[14,"2/4",24,1,1,-712,[76]],[16,8,35,-713]],[0,"60lY86eoNL54TEBqwrPlbA",1,0],[4,4279828994],[5,33.36,50.4],[0,0,0.5],[35,0,0,0,0,0,1,1,1,1]],[10,"Background",21,[[1,-714,[77],78]],[0,"5eqLs0WcpJc428q08HWZBy",1,0],[5,44,44],[14,0,0,0,0,0,1,1,1,0]],[24,"New Label",21,[[14,"4/8",26,1,1,-715,[80]],[16,8,35,-716]],[0,"63Ox1GQutHDYsdoaPk60n1",1,0],[4,4279828994],[5,36.14,50.4],[0,0,0.5],[35,0,0,0,0,0,1,1,1,1]],[10,"Background",22,[[1,-717,[81],82]],[0,"d4PVh+yE1Cy4ryV9SiCsvh",1,0],[5,44,44],[14,0,0,0,0,0,1,1,1,0]],[24,"New Label",22,[[14,"5/10",26,1,1,-718,[84]],[16,8,35,-719]],[0,"316tYkx0RN1ogDWsHltjga",1,0],[4,4279828994],[5,50.6,50.4],[0,0,0.5],[35,0,0,0,0,0,1,1,1,1]],[10,"Background",23,[[1,-720,[85],86]],[0,"4cxdQaQ31NI5N0cwopfsG6",1,0],[5,44,44],[14,0,0,0,0,0,1,1,1,0]],[24,"New Label",23,[[14,"8/16",26,1,1,-721,[88]],[16,8,35,-722]],[0,"81KHv6jmRGgoRoY56WyF/I",1,0],[4,4279828994],[5,50.6,50.4],[0,0,0.5],[35,0,0,0,0,0,1,1,1,1]],[10,"Background",24,[[1,-723,[89],90]],[0,"04lfDcbBxN7Iim13czzgCh",1,0],[5,44,44],[14,0,0,0,0,0,1,1,1,0]],[24,"New Label",24,[[14,"10/20",24,1,1,-724,[92]],[16,8,34,-725]],[0,"ectoOpJLFP5qQpFfWOuS6Y",1,0],[4,4279828994],[5,60.06,50.4],[0,0,0.5],[34,0,0,0,0,0,1,1,1,1]],[10,"Background",25,[[1,-726,[93],94]],[0,"482XWsO8pBJobdZzGiRdET",1,0],[5,44,44],[14,0,0,0,0,0,1,1,1,0]],[24,"New Label",25,[[14,"20/40",24,1,1,-727,[95]],[16,8,34,-728]],[0,"f4vN9bjchLVb2B6CxW3h5D",1,0],[4,4279828994],[5,60.06,50.4],[0,0,0.5],[34,0,0,0,0,0,1,1,1,1]],[10,"Background",26,[[1,-729,[96],97]],[0,"2fs3UcH2xI4qalsodx/+of",1,0],[5,44,44],[14,0,0,0,0,0,1,1,1,0]],[24,"New Label",26,[[14,"40/80",24,1,1,-730,[98]],[16,8,34,-731]],[0,"161ov2HjhP+a5cGpO9th2G",1,0],[4,4279828994],[5,60.06,50.4],[0,0,0.5],[34,0,0,0,0,0,1,1,1,1]],[10,"Background",27,[[1,-732,[99],100]],[0,"1d0lGAWqFL3Iqi7HUt6or5",1,0],[5,44,44],[14,0,0,0,0,0,1,1,1,0]],[24,"New Label",27,[[14,"100/200",24,1,1,-733,[101]],[16,8,33,-734]],[0,"080Mk1Z4BEz5GueZgizQdB",1,0],[4,4279828994],[5,86.75,50.4],[0,0,0.5],[33,0,0,0,0,0,1,1,1,1]],[19,"New Label",0,112,[[2,1,"血战筹码",24,1,1,-735,[102]],[11,0,8,14,-736]],[0,"ad6O5gtVZDoIf78srYYrhb",1,0],[4,4281729024],[5,96,50.4],[-230,0,0,0,0,0,1,1,1,1]],[4,"Background",0,61,[[1,-737,[103],104]],[0,"c5D84RxU5GO62dz1MpHc5H",1,0],[5,44,44],[22,0,0,0,0,0,1,1,1,0]],[4,"Background",0,62,[[1,-738,[107],108]],[0,"62zWwP6ShCRL7oQ88b5mll",1,0],[5,44,44],[22,0,0,0,0,0,1,1,1,0]],[4,"Background",0,63,[[1,-739,[110],111]],[0,"c1YJJu7iJM6JM90aszlOws",1,0],[5,44,44],[22,0,0,0,0,0,1,1,1,0]],[28,"New Label",64,[[14,"筹码：",26,1,1,-740,[113]],[23,1,10,-741]],[0,"6enR+npLRIdKgtdkMH4FMd",1,0],[4,4279828994],[5,78,50.4],[-230,24.8,0,0,0,0,1,1,1,1]],[10,"Background",28,[[1,-742,[114],115]],[0,"55Mg9TD6tGSJUKTJs6pTVt",1,0],[5,44,44],[14,0,0,0,0,0,1,1,1,0]],[10,"Background",29,[[1,-743,[118],119]],[0,"deGykZaUdDR56b6FyG6mSt",1,0],[5,44,44],[14,0,0,0,0,0,1,1,1,0]],[19,"New Label",0,113,[[2,1,"血战筹码",24,1,1,-744,[121]],[11,0,8,14,-745]],[0,"901jTY1/5BLLyYPd5u0q6v",1,0],[4,4281729024],[5,96,50.4],[-230,0,0,0,0,0,1,1,1,1]],[4,"Background",0,66,[[1,-746,[122],123]],[0,"80x5G2vGlJAbMV290z8kU/",1,0],[5,44,44],[22,0,0,0,0,0,1,1,1,0]],[4,"Background",0,67,[[1,-747,[126],127]],[0,"9aVXEiFRhGLqicmGi6FJ+q",1,0],[5,44,44],[22,0,0,0,0,0,1,1,1,0]],[4,"Background",0,68,[[1,-748,[129],130]],[0,"ceq7G5DwdGH6bVwnCqJ719",1,0],[5,44,44],[22,0,0,0,0,0,1,1,1,0]],[19,"title",0,30,[[2,1,"规则：",28,1,1,-749,[132]],[59,0,9,20,70,-750]],[0,"1dPdsXGl5Cyo+yIMBJZERI",1,0],[4,4281729024],[5,84,50.4],[-230,-15.2,0,0,0,0,1,1,1,1]],[55,"pro_look_label",30,[[-751,[21,9,230,5,-752]],1,4],[0,"1diBmt3GhEwL2zFmN/R6EZ",1,0],[4,4278190080],[5,168,50.4],[22,49.8,0,0,0,0,1,1,1,1]],[56,"bar",512,31,[[-753,[16,8,10,-754]],1,4],[0,"55jZjv4oxLSIQXBuFMbOPK",1,0],[5,0,30],[0,0,0.5],[-190,0,0,0,0,0,1,1,0.8,1]],[55,"pro_pk_label",30,[[-755,[21,9,230,90,-756]],1,4],[0,"fbq3BNQktJrYXLiKbjC3yb",1,0],[4,4278190080],[5,168,50.4],[22,-35.2,0,0,0,0,1,1,1,1]],[56,"bar",512,32,[[-757,[16,8,10,-758]],1,4],[0,"27KH5G+jlCjZoMxUjAzhOQ",1,0],[5,0,30],[0,0,0.5],[-190,0,0,0,0,0,1,1,0.8,1]],[19,"New Label",0,71,[[2,1,"喜牌：",28,1,1,-759,[151]],[23,1,30,-760]],[0,"d6gatnGCFLB7ufZFSjWbzf",1,0],[4,4279828994],[5,84,50.4],[-230,-5.199999999999999,0,0,0,0,1,1,1,1]],[24,"tips",71,[[14,"豹子、同花顺为喜牌，获得其他玩家奖励",22,1,1,-761,[152]],[21,9,120,10,-762]],[0,"48o1H1aXxCzKQ48NnVo3to",1,0],[4,4279828994],[5,396,50.4],[0,0.5,1],[26,40,0,0,0,0,1,1,1,1]],[4,"Background",0,33,[[1,-763,[153],154]],[0,"f58nCW0eFNuLetPViDnhDS",1,0],[5,44,44],[22,0,0,0,0,0,1,1,1,0]],[4,"Background",0,34,[[1,-764,[157],158]],[0,"9e2FaxCjVMDL2elcsk1gNJ",1,0],[5,44,44],[22,0,0,0,0,0,1,1,1,0]],[4,"Background",0,35,[[1,-765,[160],161]],[0,"efav6rW8RJkb2VrE78tuKL",1,0],[5,44,44],[22,0,0,0,0,0,1,1,1,0]],[4,"Background",0,36,[[1,-766,[163],164]],[0,"59qpMDYE1MXLySWKsBuPzB",1,0],[5,44,44],[22,0,0,0,0,0,1,1,1,0]],[4,"Background",0,37,[[1,-767,[166],167]],[0,"94dyykzMxGtq/qnlh7nBfJ",1,0],[5,44,44],[22,0,0,0,0,0,1,1,1,0]],[19,"New Label",0,120,[[2,1,"门票：",28,1,1,-768,[169]],[11,0,8,20,-769]],[0,"08vhoF1fRIJpNu5Pfofx77",1,0],[4,4279828994],[5,84,50.4],[-230,0,0,0,0,0,1,1,1,1]],[4,"Background",0,72,[[1,-770,[170],171]],[0,"60yegZtTxJqZAyPLhtuq69",1,0],[5,44,44],[22,0,0,0,0,0,1,1,1,0]],[4,"Background",0,73,[[1,-771,[174],175]],[0,"a7FwOqBfFCEqLEnRYnOw5C",1,0],[5,44,44],[22,0,0,0,0,0,1,1,1,0]],[4,"Background",0,74,[[1,-772,[177],178]],[0,"abGwnU/ExMLog6D4lyMKKM",1,0],[5,44,44],[22,0,0,0,0,0,1,1,1,0]],[19,"New Label",0,121,[[2,1,"玩法：",28,1,1,-773,[180]],[11,0,8,20,-774]],[0,"412SNexFROV67ZS5vqMt6W",1,0],[4,4279828994],[5,84,50.4],[-230,0,0,0,0,0,1,1,1,1]],[4,"Background",0,75,[[1,-775,[181],182]],[0,"e0mJCOTSFAq7/yf3J2Eern",1,0],[5,44,44],[22,0,0,0,0,0,1,1,1,0]],[4,"Background",0,76,[[1,-776,[185],186]],[0,"f41WNmbulFHLCkNxw50WkL",1,0],[5,44,44],[22,0,0,0,0,0,1,1,1,0]],[19,"New Label",0,77,[[2,1,"上限：",28,1,1,-777,[189]],[11,0,8,20,-778]],[0,"f5TpwqE0hMx5PHEuVuVNcL",1,0],[4,4281729024],[5,84,50.4],[-230,0,0,0,0,0,1,1,1,1]],[4,"Background",0,78,[[1,-779,[190],191]],[0,"dadWOeXKFGl5hpoDfTkkgF",1,0],[5,44,44],[22,0,0,0,0,0,1,1,1,0]],[4,"Background",0,39,[[1,-780,[194],195]],[0,"d6re6qmeBHzI/KqnUIpAdG",1,0],[5,44,44],[22,0,0,0,0,0,1,1,1,0]],[4,"Background",0,79,[[1,-781,[197],198]],[0,"9eor6sseVK25Ar6w7KC2bh",1,0],[5,44,44],[22,0,0,0,0,0,1,1,1,0]],[19,"New Label",0,122,[[2,1,"血战轮数：",24,1,1,-782,[200]],[11,0,8,2,-783]],[0,"b9QqiAR0JAXYLJj7lsS8xH",1,0],[4,4281729024],[5,120,50.4],[-230,0,0,0,0,0,1,1,1,1]],[4,"Background",0,80,[[1,-784,[201],202]],[0,"c0HPDoRWNIlJA5jnw0u/AA",1,0],[5,44,44],[22,0,0,0,0,0,1,1,1,0]],[4,"Background",0,40,[[1,-785,[205],206]],[0,"c13XgdZdBLcI1d/j7TbJyp",1,0],[5,44,44],[22,0,0,0,0,0,1,1,1,0]],[4,"Background",0,81,[[1,-786,[208],209]],[0,"dcvxbZw21Hk7BnPEbE9RAM",1,0],[5,44,44],[22,0,0,0,0,0,1,1,1,0]],[19,"New Label",0,123,[[2,1,"总轮数：",28,1,1,-787,[211]],[11,0,8,6,-788]],[0,"ed8JVrS7hFy7XW7dAfrwr7",1,0],[4,4281729024],[5,112,50.4],[-230,0,0,0,0,0,1,1,1,1]],[4,"Background",0,82,[[1,-789,[212],213]],[0,"42c8GGjkhEUZTQjomzjs4H",1,0],[5,44,44],[22,0,0,0,0,0,1,1,1,0]],[4,"Background",0,41,[[1,-790,[216],217]],[0,"9fHjK2aiNBRbgJS40WLh2Z",1,0],[5,44,44],[22,0,0,0,0,0,1,1,1,0]],[4,"Background",0,83,[[1,-791,[219],220]],[0,"51tfGTHRlJY7/pph45NWTy",1,0],[5,44,44],[22,0,0,0,0,0,1,1,1,0]],[4,"Background",0,84,[[1,-792,[222],223]],[0,"26SnWHshZHJojJ25RqcYj1",1,0],[5,44,44],[22,0,0,0,0,0,1,1,1,0]],[19,"New Label",0,124,[[2,1,"盘数：",28,1,1,-793,[225]],[11,0,8,20,-794]],[0,"f0OMAw+mJJsrrNREQKzS7N",1,0],[4,4281729024],[5,84,50.4],[-230,0,0,0,0,0,1,1,1,1]],[4,"Background",0,43,[[1,-795,[226],227]],[0,"60Q/kfoONGRbIYQbxCkD1P",1,0],[5,44,44],[22,0,0,0,0,0,1,1,1,0]],[4,"Background",0,44,[[1,-796,[230],231]],[0,"d68Maa2UtDxroTCEOA4FmK",1,0],[5,44,44],[22,0,0,0,0,0,1,1,1,0]],[28,"New Label",85,[[14,"时间：",26,1,1,-797,[233]],[23,1,10,-798]],[0,"b3d/BcfZxB1IoznlPVa1Uq",1,0],[4,4279828994],[5,78,50.4],[-230,-0.1999999999999993,0,0,0,0,1,1,1,1]],[28,"New Label",125,[[30,"10",24,1,-799,[240]],[11,0,8,21.15,-800]],[0,"b0tb2DVR5CqY7EOu4Oh2yW",1,0],[4,4279828994],[5,26.7,50.4],[-15.500000000000002,0,0,0,0,0,1,1,1,1]],[28,"New Label",126,[[30,"40",24,1,-801,[247]],[11,0,8,21.15,-802]],[0,"40ZM3fK6VCTrv1BKyjogmQ",1,0],[4,4279828994],[5,26.7,50.4],[-15.500000000000002,0,0,0,0,0,1,1,1,1]],[19,"New Label",0,90,[[2,1,"玩法：",26,1,1,-803,[248]],[63,0,1,10,-804]],[0,"e60iiHpzlH04A19nFEvxXC",1,0],[4,4279828994],[5,78,50.4],[-230,34.8,0,0,0,0,1,1,1,1]],[4,"Background",0,10,[[1,-805,[249],250]],[0,"48+N7ePA1B44hK03QVUc6Y",1,0],[5,44,44],[0,0,0,0,0,0,1,1,1,0]],[4,"Background",0,11,[[1,-806,[253],254]],[0,"86+ZGvGFRGP7RzD2y8gpxr",1,0],[5,44,44],[0,0,0,0,0,0,1,1,1,0]],[19,"New Label",0,91,[[2,1,"牌数：",24,1,1,-807,[257]],[11,0,8,26,-808]],[0,"9dyeiXJ7FCPqdgbJreL85j",1,0],[4,4281729024],[5,72,50.4],[-230,0,0,0,0,0,1,1,1,1]],[4,"Background",0,92,[[1,-809,[258],259]],[0,"35O9EiL+VFx6GVO5oaFgG/",1,0],[5,44,44],[22,0,0,0,0,0,1,1,1,0]],[4,"Background",0,93,[[1,-810,[262],263]],[0,"01jD39BXFCf7lYGBNPlrlG",1,0],[5,44,44],[22,0,0,0,0,0,1,1,1,0]],[4,"Background",0,94,[[1,-811,[265],266]],[0,"37gO47DchBUZ3zvLCO2LYv",1,0],[5,44,44],[22,0,0,0,0,0,1,1,1,0]],[4,"Background",0,95,[[1,-812,[268],269]],[0,"b8+3aDswVBpYd4UQGcpoct",1,0],[5,44,44],[22,0,0,0,0,0,1,1,1,0]],[4,"bt_wfsz_ljsz",0,96,[[1,-813,[274],275],[101,1.1,3,-814,[[34,"3a79dbYtRBKy5W9FcLJh3vw","onConfirmSetClicked",1]],[4,4292269782]]],[0,"8f4kz66apDS6abVWvQYHOn",1,0],[5,288,88],[143,0,0,0,0,0,1,1,1,0]],[81,"Background",0,45,[[64,-815]],[0,"20Ka3yNcFFlab2Us8Zh+E8",1,0],[5,44,44]],[10,"line",98,[[39,0,-816,[281],282],[38,0,44,-1,390,-817]],[0,"eel9ySsj5CHLyHu3mvz+mY",1,0],[5,100,1],[0,-23,0,0,0,0,1,1,1,1]],[10,"line",99,[[39,0,-818,[284],285],[38,0,44,-1,390,-819]],[0,"3cvagWbq5JRbCS5Vkqm1Zw",1,0],[5,100,1],[0,-23,0,0,0,0,1,1,1,1]],[10,"line",100,[[39,0,-820,[287],288],[38,0,44,-1,390,-821]],[0,"d2lOUYuitG7KEqPoGzgQHQ",1,0],[5,100,1],[0,-23,0,0,0,0,1,1,1,1]],[10,"line",101,[[39,0,-822,[290],291],[38,0,44,-1,390,-823]],[0,"82BGPmgY1I9buoTdGBwjBC",1,0],[5,100,1],[0,-23,0,0,0,0,1,1,1,1]],[10,"line",102,[[39,0,-824,[293],294],[38,0,44,-1,390,-825]],[0,"cbsYuabgxC3LrAxIcW81aU",1,0],[5,100,1],[0,-23,0,0,0,0,1,1,1,1]],[4,"bg_wanfsz",0,1,[[1,-826,[4],5]],[0,"35gpjNH01PBYU8gFB+3Mtz",1,0],[5,248,74],[0,273,0,0,0,0,1,1,1,1]],[41,"bt_jd",104,[[1,-827,[8],9]],[0,"11XpA7QPJCzo1Grc6QCtz3",1,0],[5,147,40]],[10,"bt_jd1",131,[[1,-828,[12],13]],[0,"ccBcqIwc9F8ZwxWcoFXkp+",1,0],[5,147,40],[0,10,0,0,0,0,1,1,1,1]],[43,131,[14]],[41,"bt_dp",106,[[1,-829,[15],16]],[0,"a68Atq7IdF+YpJqZL8foy8",1,0],[5,147,40]],[10,"bt_dp1",132,[[1,-830,[19],20]],[0,"3b3jSf3NJJj4cVGqP6CQLm",1,0],[5,147,42],[0,10,0,0,0,0,1,1,1,1]],[43,132,[21]],[41,"bt_xz",108,[[1,-831,[22],23]],[0,"dfBfVtdRRAAIdFJZB23DxD",1,0],[5,146,40]],[10,"bt_xz1",133,[[92,-832,26]],[0,"7bvzhDTotIqpVmrn8CUx6R",1,0],[5,146,40],[0,10,0,0,0,0,1,1,1,1]],[64,133],[22,"checkmark",0,48,[-833],[0,"d1k2dtotVMroPu8PvY9pzO",1,0],[5,34,34],[22,0,0,0,0,0,1,1,1,1]],[12,2,false,241,[30]],[5,"New Label",0,48,[[2,1,"经典",28,1,1,-834,[31]]],[0,"fedbR4xrpFw7hiJi4NcQu9",1,0],[4,4279828994],[5,56,50.4],[0,0,0.5],[50,0,0,0,0,0,1,1,1,1]],[9,"checkmark",false,0,49,[-835],[0,"375bLXQaBPRZAgKtxR75oJ",1,0],[5,34,34],[22,0,0,0,0,0,1,1,1,1]],[8,2,false,244],[5,"New Label",0,49,[[2,1,"大牌",28,1,1,-836,[34]]],[0,"bbVXVfSElIkJ9As5QHps5j",1,0],[4,4279828994],[5,56,50.4],[0,0,0.5],[50,0,0,0,0,0,1,1,1,1]],[9,"checkmark",false,0,50,[-837],[0,"12PVTS2XtBXKL5X79Izc8w",1,0],[5,34,34],[22,0,0,0,0,0,1,1,1,1]],[8,2,false,247],[5,"New Label",0,50,[[2,1,"血战",28,1,1,-838,[37]]],[0,"8dvo3x0oBDirtToolgVGUU",1,0],[4,4279828994],[5,56,50.4],[0,0,0.5],[50,0,0,0,0,0,1,1,1,1]],[22,"checkmark",0,51,[-839],[0,"7diXwIpNtGDoRPojUEJYE1",1,0],[5,34,34],[22,0,0,0,0,0,1,1,1,1]],[12,2,false,250,[41]],[5,"New Label",0,51,[[2,1,"6",28,1,1,-840,[42]]],[0,"fbIeTDSctH0qqgnVWt82sH",1,0],[4,4279828994],[5,15.57,50.4],[0,0,0.5],[50,0,0,0,0,0,1,1,1,1]],[9,"checkmark",false,0,52,[-841],[0,"10ZqyV1spIFpJSNWPg0Inl",1,0],[5,34,34],[22,0,0,0,0,0,1,1,1,1]],[8,2,false,253],[5,"New Label",0,52,[[2,1,"9",28,1,1,-842,[45]]],[0,"9aMWIqXZdBaZTlECWVY5zZ",1,0],[4,4279828994],[5,15.57,50.4],[0,0,0.5],[50,0,0,0,0,0,1,1,1,1]],[9,"checkmark",false,0,53,[-843],[0,"98023b0JJKLLEI+ml+j/iL",1,0],[5,34,34],[22,0,0,0,0,0,1,1,1,1]],[8,2,false,256],[5,"New Label",0,53,[[2,1,"12",28,1,1,-844,[48]]],[0,"e8h7y9x39OZKyhJWMaHcs6",1,0],[4,4279828994],[5,31.14,50.4],[0,0,0.5],[50,0,0,0,0,0,1,1,1,1]],[9,"checkmark",false,0,54,[-845],[0,"04STU/CfJOC4Tks3GqEWp0",1,0],[5,34,34],[22,0,0,0,0,0,1,1,1,1]],[8,2,false,259],[5,"New Label",0,54,[[2,1,"15",28,1,1,-846,[51]]],[0,"0dhOLbcTBHhqzy/rBJ8QDM",1,0],[4,4279828994],[5,31.14,50.4],[0,0,0.5],[50,0,0,0,0,0,1,1,1,1]],[9,"checkmark",false,0,55,[-847],[0,"296vMu9oBC9Y9pWhc5TXPK",1,0],[5,34,34],[22,0,0,0,0,0,1,1,1,1]],[8,2,false,262],[5,"New Label",0,55,[[2,1,"17",28,1,1,-848,[54]]],[0,"a090+5kxNHN7/kFxZtrP8Q",1,0],[4,4279828994],[5,31.14,50.4],[0,0,0.5],[50,0,0,0,0,0,1,1,1,1]],[22,"checkmark",0,56,[-849],[0,"dfQVqkr51JLorDDBnAn4RX",1,0],[5,34,34],[22,0,0,0,0,0,1,1,1,1]],[12,2,false,265,[58]],[5,"New Label",0,56,[[2,1,"1",28,1,1,-850,[59]]],[0,"257v73bjlAqZNMiTtj5I2L",1,0],[4,4279828994],[5,15.57,50.4],[0,0,0.5],[50,0,0,0,0,0,1,1,1,1]],[9,"checkmark",false,0,57,[-851],[0,"6aAUA7IpVK3o4UixQwROQs",1,0],[5,34,34],[22,0,0,0,0,0,1,1,1,1]],[8,2,false,268],[5,"New Label",0,57,[[2,1,"2",28,1,1,-852,[62]]],[0,"42LkJ2Dh9G4a7u6oMsftCL",1,0],[4,4279828994],[5,15.57,50.4],[0,0,0.5],[50,0,0,0,0,0,1,1,1,1]],[9,"checkmark",false,0,58,[-853],[0,"710shrIWdKsKaXIDZXaD+v",1,0],[5,34,34],[22,0,0,0,0,0,1,1,1,1]],[8,2,false,271],[5,"New Label",0,58,[[2,1,"3",28,1,1,-854,[65]]],[0,"32eFk4srNMBqi1JKsMnQ3X",1,0],[4,4279828994],[5,15.57,50.4],[0,0,0.5],[50,0,0,0,0,0,1,1,1,1]],[9,"checkmark",false,0,59,[-855],[0,"24Ah5H8IBF94msusnbVCUX",1,0],[5,34,34],[22,0,0,0,0,0,1,1,1,1]],[8,2,false,274],[5,"New Label",0,59,[[2,1,"4",28,1,1,-856,[68]]],[0,"25cLoFPTBB65IMBB9sVx3U",1,0],[4,4279828994],[5,15.57,50.4],[0,0,0.5],[50,0,0,0,0,0,1,1,1,1]],[9,"checkmark",false,0,60,[-857],[0,"5fij8Ycu5Dt6i41h1Q9u3g",1,0],[5,34,34],[22,0,0,0,0,0,1,1,1,1]],[8,2,false,277],[5,"New Label",0,60,[[2,1,"5",28,1,1,-858,[71]]],[0,"58LHqdzjJCp6neszzLPLAC",1,0],[4,4279828994],[5,15.57,50.4],[0,0,0.5],[50,0,0,0,0,0,1,1,1,1]],[36,"checkmark",20,[-859],[0,"5e4ch6ttlMmIVflaiJRFME",1,0],[5,44,43],[14,0,0,0,0,0,1,1,1,1]],[12,2,false,280,[75]],[36,"checkmark",21,[-860],[0,"80SvLGRoFPnJLmcH8+vqq0",1,0],[5,44,43],[14,0,0,0,0,0,1,1,1,1]],[12,2,false,282,[79]],[36,"checkmark",22,[-861],[0,"a9kmOJZ8pApYbwQ1qR8Mbl",1,0],[5,44,43],[14,0,0,0,0,0,1,1,1,1]],[12,2,false,284,[83]],[36,"checkmark",23,[-862],[0,"53jAVaDh9F1ZRrL7bJMJ/K",1,0],[5,44,43],[14,0,0,0,0,0,1,1,1,1]],[12,2,false,286,[87]],[37,"checkmark",false,24,[-863],[0,"45M5q6yBhMKpQQMcnhwJOY",1,0],[5,44,43],[14,0,0,0,0,0,1,1,1,1]],[12,2,false,288,[91]],[37,"checkmark",false,25,[-864],[0,"55RqR9QOtNf5f9jvTHREM4",1,0],[5,44,43],[14,0,0,0,0,0,1,1,1,1]],[8,2,false,290],[37,"checkmark",false,26,[-865],[0,"1654dd4blOhrzlH1nacee6",1,0],[5,44,43],[14,0,0,0,0,0,1,1,1,1]],[8,2,false,292],[37,"checkmark",false,27,[-866],[0,"19nzGdjwBMOZWIR6I3HDoX",1,0],[5,44,43],[14,0,0,0,0,0,1,1,1,1]],[8,2,false,294],[22,"checkmark",0,61,[-867],[0,"90fMwJUa5KXpJh1JcR1fCZ",1,0],[5,34,34],[22,0,0,0,0,0,1,1,1,1]],[12,2,false,296,[105]],[5,"New Label",0,61,[[2,1,"120",28,1,1,-868,[106]]],[0,"13B8PPPidLCqkft06JTHOY",1,0],[4,4279828994],[5,46.72,50.4],[0,0,0.5],[50,0,0,0,0,0,1,1,1,1]],[9,"checkmark",false,0,62,[-869],[0,"83Gd7GfypEO4eTkUMvsJMv",1,0],[5,34,34],[22,0,0,0,0,0,1,1,1,1]],[8,2,false,299],[5,"New Label",0,62,[[2,1,"160",28,1,1,-870,[109]]],[0,"c0IGAk6FpHI7NhMH1KVJs0",1,0],[4,4279828994],[5,46.72,50.4],[0,0,0.5],[50,0,0,0,0,0,1,1,1,1]],[9,"checkmark",false,0,63,[-871],[0,"34rjf0IvNFpIj7brAkOpdn",1,0],[5,34,34],[22,0,0,0,0,0,1,1,1,1]],[8,2,false,302],[5,"New Label",0,63,[[2,1,"200",28,1,1,-872,[112]]],[0,"ffMeEObIZBMKGzphJ0HfCY",1,0],[4,4279828994],[5,46.72,50.4],[0,0,0.5],[50,0,0,0,0,0,1,1,1,1]],[36,"checkmark",28,[-873],[0,"94ce+MDwhPYLU9zMkRDwf6",1,0],[5,34,34],[14,0,0,0,0,0,1,1,1,1]],[12,2,false,305,[116]],[24,"New Label",28,[[14,"2/4,  4/8,  8/16,  10/20",26,1,1,-874,[117]]],[0,"27XDSqFB1LB6iVSKt8r5Wg",1,0],[4,4279828994],[5,252.97,50.4],[0,0,0.5],[42,0,0,0,0,0,1,1,1,1]],[37,"checkmark",false,29,[-875],[0,"3fjOHM3IlLC51gZ9jPpDIY",1,0],[5,40,40],[14,0,0,0,0,0,1,1,1,1]],[8,2,false,308],[24,"New Label",29,[[14,"2/4,  5/10,  10/20,  20/40",26,1,1,-876,[120]]],[0,"705zoKe6pBxbJWiy2CNjXc",1,0],[4,4279828994],[5,281.89,50.4],[0,0,0.5],[42,0,0,0,0,0,1,1,1,1]],[22,"checkmark",0,66,[-877],[0,"f1DR1w+whOV5hmOhBohI+G",1,0],[5,34,34],[22,0,0,0,0,0,1,1,1,1]],[12,2,false,311,[124]],[5,"New Label",0,66,[[2,1,"120",28,1,1,-878,[125]]],[0,"b8ki2eGppDFKxzugxfAoyo",1,0],[4,4279828994],[5,46.72,50.4],[0,0,0.5],[50,0,0,0,0,0,1,1,1,1]],[9,"checkmark",false,0,67,[-879],[0,"f1ivCoKzRObrqmzkLO+ozX",1,0],[5,34,34],[22,0,0,0,0,0,1,1,1,1]],[8,2,false,314],[5,"New Label",0,67,[[2,1,"160",28,1,1,-880,[128]]],[0,"22sjaaeWtGPo5UvzILmHDU",1,0],[4,4279828994],[5,46.72,50.4],[0,0,0.5],[50,0,0,0,0,0,1,1,1,1]],[9,"checkmark",false,0,68,[-881],[0,"09YyiNxQ5KR5IrC6tqs6TW",1,0],[5,34,34],[22,0,0,0,0,0,1,1,1,1]],[8,2,false,317],[5,"New Label",0,68,[[2,1,"200",28,1,1,-882,[131]]],[0,"b6s44fjadFOYmFTTUEdlkT",1,0],[4,4279828994],[5,46.72,50.4],[0,0,0.5],[50,0,0,0,0,0,1,1,1,1]],[14,"无分数限制看牌",24,1,1,179,[133]],[65,1,0,180,[134]],[70,380,0,31,321],[14,"无分数限制比牌",24,1,1,181,[142]],[65,1,0,182,[143]],[70,380,0,32,324],[22,"checkmark",0,33,[-883],[0,"589b8aYgBCsK8Ke1uyeZhi",1,0],[5,34,34],[22,0,0,0,0,0,1,1,1,1]],[12,2,false,326,[155]],[5,"New Label",0,33,[[2,1,"0",28,1,1,-884,[156]]],[0,"24wdpaPYxLfLhJ7wONR+p+",1,0],[4,4279828994],[5,15.57,50.4],[0,0,0.5],[50,0,0,0,0,0,1,1,1,1]],[9,"checkmark",false,0,34,[-885],[0,"38VpyIcOpFKYiZm8nRGM7n",1,0],[5,40,40],[22,0,0,0,0,0,1,1,1,1]],[8,2,false,329],[5,"New Label",0,34,[[2,1,"5",28,1,1,-886,[159]]],[0,"24MIE4sy1Ld6NfOygGI5Lx",1,0],[4,4279828994],[5,15.57,50.4],[0,0,0.5],[50,0,0,0,0,0,1,1,1,1]],[9,"checkmark",false,0,35,[-887],[0,"b31Dxb4ZJOlqWi4i9NMLac",1,0],[5,40,40],[22,0,0,0,0,0,1,1,1,1]],[8,2,false,332],[5,"New Label",0,35,[[2,1,"10",28,1,1,-888,[162]]],[0,"e4xfPLmzBJjZcQ2uYvnQQU",1,0],[4,4279828994],[5,31.14,50.4],[0,0,0.5],[50,0,0,0,0,0,1,1,1,1]],[9,"checkmark",false,0,36,[-889],[0,"d8Qz/1HbFApIk0hnCh3TDy",1,0],[5,40,40],[22,0,0,0,0,0,1,1,1,1]],[8,2,false,335],[5,"New Label",0,36,[[2,1,"20",28,1,1,-890,[165]]],[0,"3aRisOsIJFOqrMgrNaKFae",1,0],[4,4279828994],[5,31.14,50.4],[0,0,0.5],[50,0,0,0,0,0,1,1,1,1]],[9,"checkmark",false,0,37,[-891],[0,"c5Uw2gfUFP9YDWeCLhy7wS",1,0],[5,40,40],[22,0,0,0,0,0,1,1,1,1]],[8,2,false,338],[5,"New Label",0,37,[[2,1,"40",28,1,1,-892,[168]]],[0,"85OX+u831PR6ovZzIKOEYF",1,0],[4,4279828994],[5,31.14,50.4],[0,0,0.5],[50,0,0,0,0,0,1,1,1,1]],[22,"checkmark",0,72,[-893],[0,"f4Y11IcFBJOqHRN049YD2G",1,0],[5,34,34],[22,0,0,0,0,0,1,1,1,1]],[12,2,false,341,[172]],[5,"New Label",0,72,[[2,1,"房主付",28,1,1,-894,[173]]],[0,"a2rfVw7ypLiKMc+iK3Jikq",1,0],[4,4279828994],[5,84,50.4],[0,0,0.5],[50,0,0,0,0,0,1,1,1,1]],[9,"checkmark",false,0,73,[-895],[0,"60dTIaJRhGX77qN4CKmFff",1,0],[5,34,34],[22,0,0,0,0,0,1,1,1,1]],[8,2,false,344],[5,"New Label",0,73,[[2,1,"AA付",28,1,1,-896,[176]]],[0,"79C0cf7idJU7l7Ea57W8pb",1,0],[4,4279828994],[5,65.35,50.4],[0,0,0.5],[50,0,0,0,0,0,1,1,1,1]],[9,"checkmark",false,0,74,[-897],[0,"ebYCet8fZLCKrULFNGHntk",1,0],[5,34,34],[22,0,0,0,0,0,1,1,1,1]],[8,2,false,347],[5,"New Label",0,74,[[2,1,"大赢家",28,1,1,-898,[179]]],[0,"f6vJn3KgxCVYv9vfzKftcC",1,0],[4,4279828994],[5,84,50.4],[0,0,0.5],[50,0,0,0,0,0,1,1,1,1]],[22,"checkmark",0,75,[-899],[0,"eerHGFWlxHkpzFvgnL1TJW",1,0],[5,34,34],[22,0,0,0,0,0,1,1,1,1]],[12,2,false,350,[183]],[5,"New Label",0,75,[[2,1,"癞子",28,1,1,-900,[184]]],[0,"b7BXle7MNFD7PfBjYgHsHi",1,0],[4,4279828994],[5,56,50.4],[0,0,0.5],[50,0,0,0,0,0,1,1,1,1]],[9,"checkmark",false,0,76,[-901],[0,"f7Egk6WAdMzpF7RxQOeHrF",1,0],[5,34,34],[22,0,0,0,0,0,1,1,1,1]],[12,2,false,353,[187]],[5,"New Label",0,76,[[2,1,"235吃豹子",28,1,1,-902,[188]]],[0,"8cRtgi7i5HMrnvTp53kNCr",1,0],[4,4279828994],[5,130.72,50.4],[0,0,0.5],[50,0,0,0,0,0,1,1,1,1]],[22,"checkmark",0,78,[-903],[0,"e33BmGnzBHVJPkg5Y4ZQsf",1,0],[5,34,34],[22,0,0,0,0,0,1,1,1,1]],[12,2,false,356,[192]],[5,"New Label",0,78,[[2,1,"500",28,1,1,-904,[193]]],[0,"381HERHjVBaIRwlf8PrzN4",1,0],[4,4279828994],[5,46.72,50.4],[0,0,0.5],[50,0,0,0,0,0,1,1,1,1]],[9,"checkmark",false,0,39,[-905],[0,"2dd5nEm+5Po5qMejulFPFL",1,0],[5,34,34],[22,0,0,0,0,0,1,1,1,1]],[8,2,false,359],[5,"New Label",0,39,[[2,1,"1000",28,1,1,-906,[196]]],[0,"98m2Kk+6hCzIsO/fHSfgDu",1,0],[4,4279828994],[5,62.29,50.4],[0,0,0.5],[50,0,0,0,0,0,1,1,1,1]],[9,"checkmark",false,0,79,[-907],[0,"e9iadzl/RFQJS3Ndns4ph0",1,0],[5,34,34],[22,0,0,0,0,0,1,1,1,1]],[8,2,false,362],[5,"New Label",0,79,[[2,1,"2000",28,1,1,-908,[199]]],[0,"0b+oGR26FKnKP0Ufzj8L0K",1,0],[4,4279828994],[5,62.29,50.4],[0,0,0.5],[50,0,0,0,0,0,1,1,1,1]],[22,"checkmark",0,80,[-909],[0,"3d55/bjD1AALcNF9PazKOK",1,0],[5,34,34],[22,0,0,0,0,0,1,1,1,1]],[12,2,false,365,[203]],[5,"New Label",0,80,[[2,1,"1",28,1,1,-910,[204]]],[0,"59Sl+bc2FPT6u7kEeU+c8b",1,0],[4,4279828994],[5,15.57,50.4],[0,0,0.5],[50,0,0,0,0,0,1,1,1,1]],[9,"checkmark",false,0,40,[-911],[0,"ed4hQ0fCxCOJ43yA9DEdb0",1,0],[5,34,34],[22,0,0,0,0,0,1,1,1,1]],[8,2,false,368],[5,"New Label",0,40,[[2,1,"2",28,1,1,-912,[207]]],[0,"b2F2uHxpRMUZIfL9NDrsDG",1,0],[4,4279828994],[5,15.57,50.4],[0,0,0.5],[50,0,0,0,0,0,1,1,1,1]],[9,"checkmark",false,0,81,[-913],[0,"3aJJ7l53lOO6JjOTnCpEpF",1,0],[5,34,34],[22,0,0,0,0,0,1,1,1,1]],[8,2,false,371],[5,"New Label",0,81,[[2,1,"3",28,1,1,-914,[210]]],[0,"04iwWGbxFHko4xGN415+Ul",1,0],[4,4279828994],[5,15.57,50.4],[0,0,0.5],[50,0,0,0,0,0,1,1,1,1]],[22,"checkmark",0,82,[-915],[0,"18jpeRzixKO4FC+FfhkXpv",1,0],[5,34,34],[22,0,0,0,0,0,1,1,1,1]],[12,2,false,374,[214]],[5,"New Label",0,82,[[2,1,"8",28,1,1,-916,[215]]],[0,"e5EHpk8nxP/JlZtudfE0Eq",1,0],[4,4279828994],[5,15.57,50.4],[0,0,0.5],[50,0,0,0,0,0,1,1,1,1]],[9,"checkmark",false,0,41,[-917],[0,"4eBdRFaqVB7aqZVETIw7ja",1,0],[5,34,34],[22,0,0,0,0,0,1,1,1,1]],[8,2,false,377],[5,"New Label",0,41,[[2,1,"10",28,1,1,-918,[218]]],[0,"89l67dwm9C8p6szk6mChmA",1,0],[4,4279828994],[5,31.14,50.4],[0,0,0.5],[50,0,0,0,0,0,1,1,1,1]],[9,"checkmark",false,0,83,[-919],[0,"9fdwMSRGdGmqLfkCCIdSvT",1,0],[5,34,34],[22,0,0,0,0,0,1,1,1,1]],[8,2,false,380],[5,"New Label",0,83,[[2,1,"12",28,1,1,-920,[221]]],[0,"66NqC3vxZHR5eB8U4/I83z",1,0],[4,4279828994],[5,31.14,50.4],[0,0,0.5],[50,0,0,0,0,0,1,1,1,1]],[9,"checkmark",false,0,84,[-921],[0,"33BbpyJoNGuZA5GA1/8+Rr",1,0],[5,34,34],[22,0,0,0,0,0,1,1,1,1]],[8,2,false,383],[5,"New Label",0,84,[[2,1,"15",28,1,1,-922,[224]]],[0,"b3ZsMwAh1BmpfTY7rcxcxX",1,0],[4,4279828994],[5,31.14,50.4],[0,0,0.5],[50,0,0,0,0,0,1,1,1,1]],[22,"checkmark",0,43,[-923],[0,"22/4IYv0JF1o4TWA6V5bTI",1,0],[5,34,34],[22,0,0,0,0,0,1,1,1,1]],[12,2,false,386,[228]],[5,"New Label",0,43,[[2,1,"10盘",26,1,1,-924,[229]]],[0,"f6TcmJ/eRNGLKqbQKx1QK1",1,0],[4,4279828994],[5,54.92,50.4],[0,0,0.5],[50,0,0,0,0,0,1,1,1,1]],[9,"checkmark",false,0,44,[-925],[0,"c60Mg70KtEoIBo4dNzih/q",1,0],[5,34,34],[22,0,0,0,0,0,1,1,1,1]],[8,2,false,389],[5,"New Label",0,44,[[2,1,"20盘",26,1,1,-926,[232]]],[0,"e6X01kGM9L8JjLADX3pRza",1,0],[4,4279828994],[5,54.92,50.4],[0,0,0.5],[50,0,0,0,0,0,1,1,1,1]],[28,"New Label",86,[[14,"准备",26,1,1,-927,[234]]],[0,"5834cLqe5MELhnFWT12Ge2",1,0],[4,4279828994],[5,52,50.4],[-55,0,0,0,0,0,1,1,1,1]],[53,"checkmark",false,87,[[66,2,false,-928,235]],[0,"8292SnIs5Fjr/Ef2w0j1o5",1,0],[5,21,10],[27,0,0,0,0,0,1,1,1,1]],[10,"icn",87,[[1,-929,[236],237]],[0,"79jGjiAFZLCIREJzLaLy8S",1,0],[5,21,10],[27,0,0,0,0,0,1,1,1,1]],[28,"New Label",88,[[14,"下注",26,1,1,-930,[241]]],[0,"5aGZa9BjNK/IZebVL6OK2u",1,0],[4,4279828994],[5,52,50.4],[-55,0,0,0,0,0,1,1,1,1]],[53,"checkmark",false,89,[[66,2,false,-931,242]],[0,"4auw8y/CNAZJBtTmNXjnJp",1,0],[5,21,10],[27,0,0,0,0,0,1,1,1,1]],[10,"icn",89,[[1,-932,[243],244]],[0,"31q3qN0RBIoZkt29ttqzCJ",1,0],[5,21,10],[27,0,0,0,0,0,1,1,1,1]],[46,"checkmark",false,0,10,[-933],[0,"aeLcH9Of5DwJ7hqoYr4q6r",1,0],[5,44,43]],[12,2,false,398,[251]],[5,"New Label",0,10,[[2,1,"癞子",24,1,1,-934,[252]]],[0,"3bNWaQtS1IU60YxMciVFb/",1,0],[4,4279828994],[5,48,50.4],[0,0,0.5],[28,0,0,0,0,0,1,1,1,1]],[46,"checkmark",false,0,11,[-935],[0,"9cq2YYrW5KNqv7xBn4NnwB",1,0],[5,44,43]],[12,2,false,401,[255]],[5,"New Label",0,11,[[2,1,"235赢豹子",24,1,1,-936,[256]]],[0,"d8RyYdjN5HlqbgTMN2cyqu",1,0],[4,4279828994],[5,112.04,50.4],[0,0,0.5],[28,0,0,0,0,0,1,1,1,1]],[22,"checkmark",0,92,[-937],[0,"ccJbEN4jRL75rHHNEQQCXe",1,0],[5,34,34],[22,0,0,0,0,0,1,1,1,1]],[12,2,false,404,[260]],[5,"New Label",0,92,[[2,1,"2",28,1,1,-938,[261]]],[0,"a5eJ1hhkdDvZLY3Z6WBTav",1,0],[4,4279828994],[5,15.57,50.4],[0,0,0.5],[50,0,0,0,0,0,1,1,1,1]],[9,"checkmark",false,0,93,[-939],[0,"c6IZihULlPS7I9sq/iM17q",1,0],[5,34,34],[22,0,0,0,0,0,1,1,1,1]],[8,2,false,407],[5,"New Label",0,93,[[2,1,"4",28,1,1,-940,[264]]],[0,"11pitsd49N8q/YL19SN/OY",1,0],[4,4279828994],[5,15.57,50.4],[0,0,0.5],[50,0,0,0,0,0,1,1,1,1]],[9,"checkmark",false,0,94,[-941],[0,"11n+tCmq5GwoQKG59MacFk",1,0],[5,34,34],[22,0,0,0,0,0,1,1,1,1]],[8,2,false,410],[5,"New Label",0,94,[[2,1,"6",28,1,1,-942,[267]]],[0,"705RQjJkdE46uDrXkYTXjy",1,0],[4,4279828994],[5,15.57,50.4],[0,0,0.5],[50,0,0,0,0,0,1,1,1,1]],[9,"checkmark",false,0,95,[-943],[0,"d9gYopLoZDWrsIxv/WcDyH",1,0],[5,34,34],[22,0,0,0,0,0,1,1,1,1]],[8,2,false,413],[5,"New Label",0,95,[[2,1,"8",28,1,1,-944,[270]]],[0,"7fOJS4m4VGcqV58oXi+J7+",1,0],[4,4279828994],[5,15.57,50.4],[0,0,0.5],[50,0,0,0,0,0,1,1,1,1]],[84,"New Label",0,97,[-945],[0,"78t5Hy4CJGHZ+wAuVjl5at",1,0],[4,4278198392],[5,174.78,50.4],[0,-25,0,0,0,0,1,1,1,1]],[2,1,"房主付(门票x2)",26,1,1,416,[271]],[46,"checkmark",false,0,45,[-946],[0,"a5ogpyG5NEartPwehEimTR",1,0],[5,55,55]],[8,2,false,418],[82,"New Label",0,45,[[102,"仅好友可加入",30,1,1,-947]],[0,"6bCmM6g2VDwopqe9MMr1Fh",1,0],[5,180,40],[0,0,0.5],[28,0,0,0,0,0,1,1,1,1]],[35,"title",98,[[30,"5",24,1,-948,[280]]],[0,"45D3Ei9DdMWKo7raUuEn8r",1,0],[4,4278255884],[5,13.35,50.4]],[35,"title",99,[[30,"6",24,1,-949,[283]]],[0,"1dLGNGvvZIAJY03HWFYSaF",1,0],[4,4278255884],[5,13.35,50.4]],[35,"title",100,[[30,"7",24,1,-950,[286]]],[0,"a1Rcpq3UdL0qJxJwoaMoBk",1,0],[4,4278255884],[5,13.35,50.4]],[35,"title",101,[[30,"8",24,1,-951,[289]]],[0,"a04CixhpBCpJtO1Uaj1+v+",1,0],[4,4278255884],[5,13.35,50.4]],[35,"title",102,[[30,"8",24,1,-952,[292]]],[0,"beRYjMTrBINpYJACPgnQTh",1,0],[4,4278255884],[5,13.35,50.4]]],0,[0,6,1,0,0,1,0,7,4,0,8,11,0,9,7,0,10,91,0,11,10,0,12,71,0,13,77,0,14,19,0,15,5,0,16,44,0,17,43,0,18,117,0,19,325,0,20,323,0,21,114,0,22,322,0,23,320,0,24,417,0,0,1,0,0,1,0,-1,46,0,-2,129,0,-3,231,0,-4,47,0,-5,96,0,-6,127,0,0,2,0,0,2,0,-1,109,0,-2,110,0,-3,111,0,-4,19,0,-5,64,0,-6,30,0,-7,71,0,-8,120,0,-9,121,0,-10,77,0,-11,122,0,-12,123,0,-13,124,0,-14,85,0,-15,90,0,0,3,0,0,3,0,-1,20,0,-2,21,0,-3,22,0,-4,23,0,-5,24,0,-6,25,0,-7,26,0,-8,27,0,0,4,0,0,4,0,0,4,0,0,4,0,-1,98,0,-2,99,0,-3,100,0,-4,101,0,-5,102,0,0,5,0,0,5,0,0,5,0,-1,51,0,-2,52,0,-3,53,0,-4,54,0,-5,55,0,0,6,0,0,6,0,0,6,0,-1,56,0,-2,57,0,-3,58,0,-4,59,0,-5,60,0,0,7,0,0,7,0,0,7,0,-1,92,0,-2,93,0,-3,94,0,-4,95,0,0,8,0,0,8,0,-1,33,0,-2,34,0,-3,35,0,-4,36,0,-5,37,0,0,9,0,0,9,0,0,9,0,-1,82,0,-2,41,0,-3,83,0,-4,84,0,3,399,0,2,217,0,0,10,0,0,10,0,0,10,0,-1,217,0,-2,398,0,-3,400,0,3,402,0,2,218,0,0,11,0,0,11,0,0,11,0,-1,218,0,-2,401,0,-3,403,0,0,12,0,0,12,0,0,12,0,-1,103,0,-2,105,0,-3,107,0,0,13,0,0,13,0,0,13,0,-1,48,0,-2,49,0,-3,50,0,0,14,0,0,14,0,0,14,0,-1,61,0,-2,62,0,-3,63,0,0,15,0,0,15,0,0,15,0,-1,66,0,-2,67,0,-3,68,0,0,16,0,0,16,0,0,16,0,-1,72,0,-2,73,0,-3,74,0,0,17,0,0,17,0,0,17,0,-1,78,0,-2,39,0,-3,79,0,0,18,0,0,18,0,0,18,0,-1,80,0,-2,40,0,-3,81,0,0,19,0,-1,150,0,-3,112,0,3,281,0,2,151,0,0,20,0,0,20,0,-1,151,0,-2,280,0,-3,152,0,3,283,0,2,153,0,0,21,0,0,21,0,-1,153,0,-2,282,0,-3,154,0,3,285,0,2,155,0,0,22,0,0,22,0,-1,155,0,-2,284,0,-3,156,0,3,287,0,2,157,0,0,23,0,0,23,0,-1,157,0,-2,286,0,-3,158,0,3,289,0,2,159,0,0,24,0,0,24,0,-1,159,0,-2,288,0,-3,160,0,3,291,0,2,161,0,0,25,0,0,25,0,-1,161,0,-2,290,0,-3,162,0,3,293,0,2,163,0,0,26,0,0,26,0,-1,163,0,-2,292,0,-3,164,0,3,295,0,2,165,0,0,27,0,0,27,0,-1,165,0,-2,294,0,-3,166,0,3,306,0,2,172,0,0,28,0,0,28,0,-1,172,0,-2,305,0,-3,307,0,3,309,0,2,173,0,0,29,0,0,29,0,-1,173,0,-2,308,0,-3,310,0,-1,178,0,-2,179,0,-3,69,0,-4,181,0,-5,70,0,0,31,0,-2,322,0,0,31,0,-1,180,0,-2,114,0,0,32,0,-2,325,0,0,32,0,-1,182,0,-2,117,0,3,327,0,2,185,0,0,33,0,0,33,0,-1,185,0,-2,326,0,-3,328,0,3,330,0,2,186,0,0,34,0,0,34,0,-1,186,0,-2,329,0,-3,331,0,3,333,0,2,187,0,0,35,0,0,35,0,-1,187,0,-2,332,0,-3,334,0,3,336,0,2,188,0,0,36,0,0,36,0,-1,188,0,-2,335,0,-3,337,0,3,339,0,2,189,0,0,37,0,0,37,0,-1,189,0,-2,338,0,-3,340,0,0,38,0,0,38,0,0,38,0,-1,75,0,-2,76,0,3,360,0,2,199,0,0,39,0,0,39,0,-1,199,0,-2,359,0,-3,361,0,3,369,0,2,203,0,0,40,0,0,40,0,-1,203,0,-2,368,0,-3,370,0,3,378,0,2,207,0,0,41,0,0,41,0,-1,207,0,-2,377,0,-3,379,0,0,42,0,0,42,0,0,42,0,-1,43,0,-2,44,0,3,387,0,2,211,0,0,43,0,-1,211,0,-2,386,0,-3,388,0,3,390,0,2,212,0,0,44,0,-1,212,0,-2,389,0,-3,391,0,3,419,0,2,225,0,0,45,0,0,45,0,-1,225,0,-2,418,0,-3,420,0,0,46,0,0,46,0,2,46,0,0,46,0,0,47,0,-1,130,0,3,242,0,2,135,0,0,48,0,-1,135,0,-2,241,0,-3,243,0,3,245,0,2,136,0,0,49,0,-1,136,0,-2,244,0,-3,246,0,3,248,0,2,137,0,0,50,0,-1,137,0,-2,247,0,-3,249,0,3,251,0,2,139,0,0,51,0,-1,139,0,-2,250,0,-3,252,0,3,254,0,2,140,0,0,52,0,-1,140,0,-2,253,0,-3,255,0,3,257,0,2,141,0,0,53,0,-1,141,0,-2,256,0,-3,258,0,3,260,0,2,142,0,0,54,0,-1,142,0,-2,259,0,-3,261,0,3,263,0,2,143,0,0,55,0,-1,143,0,-2,262,0,-3,264,0,3,266,0,2,145,0,0,56,0,-1,145,0,-2,265,0,-3,267,0,3,269,0,2,146,0,0,57,0,-1,146,0,-2,268,0,-3,270,0,3,272,0,2,147,0,0,58,0,-1,147,0,-2,271,0,-3,273,0,3,275,0,2,148,0,0,59,0,-1,148,0,-2,274,0,-3,276,0,3,278,0,2,149,0,0,60,0,-1,149,0,-2,277,0,-3,279,0,3,297,0,2,168,0,0,61,0,-1,168,0,-2,296,0,-3,298,0,3,300,0,2,169,0,0,62,0,-1,169,0,-2,299,0,-3,301,0,3,303,0,2,170,0,0,63,0,-1,170,0,-2,302,0,-3,304,0,0,64,0,-1,171,0,-2,65,0,-3,113,0,0,65,0,0,65,0,3,312,0,2,175,0,0,66,0,-1,175,0,-2,311,0,-3,313,0,3,315,0,2,176,0,0,67,0,-1,176,0,-2,314,0,-3,316,0,3,318,0,2,177,0,0,68,0,-1,177,0,-2,317,0,-3,319,0,0,69,0,-2,115,0,-3,116,0,0,70,0,-2,118,0,-3,119,0,-1,183,0,-2,184,0,3,342,0,2,191,0,0,72,0,-1,191,0,-2,341,0,-3,343,0,3,345,0,2,192,0,0,73,0,-1,192,0,-2,344,0,-3,346,0,3,348,0,2,193,0,0,74,0,-1,193,0,-2,347,0,-3,349,0,3,351,0,2,195,0,0,75,0,-1,195,0,-2,350,0,-3,352,0,3,354,0,2,196,0,0,76,0,-1,196,0,-2,353,0,-3,355,0,0,77,0,-1,197,0,3,357,0,2,198,0,0,78,0,-1,198,0,-2,356,0,-3,358,0,3,363,0,2,200,0,0,79,0,-1,200,0,-2,362,0,-3,364,0,3,366,0,2,202,0,0,80,0,-1,202,0,-2,365,0,-3,367,0,3,372,0,2,204,0,0,81,0,-1,204,0,-2,371,0,-3,373,0,3,375,0,2,206,0,0,82,0,-1,206,0,-2,374,0,-3,376,0,3,381,0,2,208,0,0,83,0,-1,208,0,-2,380,0,-3,382,0,3,384,0,2,209,0,0,84,0,-1,209,0,-2,383,0,-3,385,0,0,85,0,-1,213,0,-2,86,0,-3,88,0,0,86,0,0,86,0,-1,392,0,-2,125,0,0,87,0,-1,393,0,-2,394,0,0,88,0,0,88,0,-1,395,0,-2,126,0,0,89,0,-1,396,0,-2,397,0,-1,216,0,-4,91,0,0,91,0,-1,219,0,3,405,0,2,220,0,0,92,0,-1,220,0,-2,404,0,-3,406,0,3,408,0,2,221,0,0,93,0,-1,221,0,-2,407,0,-3,409,0,3,411,0,2,222,0,0,94,0,-1,222,0,-2,410,0,-3,412,0,3,414,0,2,223,0,0,95,0,-1,223,0,-2,413,0,-3,415,0,0,96,0,-1,97,0,-2,224,0,0,97,0,2,97,0,0,97,0,-1,416,0,2,98,0,0,98,0,-1,421,0,-2,226,0,2,99,0,0,99,0,-1,422,0,-2,227,0,2,100,0,0,100,0,-1,423,0,-2,228,0,2,101,0,0,101,0,-1,424,0,-2,229,0,2,102,0,0,102,0,-1,425,0,-2,230,0,3,234,0,2,104,0,0,103,0,-1,104,0,-2,131,0,0,104,0,-1,232,0,3,237,0,2,106,0,0,105,0,-1,106,0,-2,132,0,0,106,0,-1,235,0,3,240,0,2,108,0,0,107,0,-1,108,0,-2,133,0,0,108,0,-1,238,0,0,109,0,-1,134,0,0,110,0,-1,138,0,0,111,0,-1,144,0,0,112,0,-1,167,0,0,113,0,-1,174,0,0,114,0,0,114,0,0,115,0,0,115,0,0,115,0,0,116,0,0,116,0,0,116,0,0,117,0,0,117,0,0,118,0,0,118,0,0,118,0,0,119,0,0,119,0,0,119,0,0,120,0,-1,190,0,0,121,0,-1,194,0,0,122,0,-1,201,0,0,123,0,-1,205,0,0,124,0,-1,210,0,0,125,0,-2,214,0,0,126,0,-2,215,0,0,127,0,-1,128,0,2,128,0,0,128,0,0,128,0,0,129,0,0,129,0,0,130,0,0,130,0,-1,234,0,-1,233,0,-1,237,0,-1,236,0,-1,240,0,-1,239,0,0,134,0,0,134,0,0,135,0,0,136,0,0,137,0,0,138,0,0,138,0,0,139,0,0,140,0,0,141,0,0,142,0,0,143,0,0,144,0,0,144,0,0,145,0,0,146,0,0,147,0,0,148,0,0,149,0,0,150,0,0,150,0,0,151,0,0,152,0,0,152,0,0,153,0,0,154,0,0,154,0,0,155,0,0,156,0,0,156,0,0,157,0,0,158,0,0,158,0,0,159,0,0,160,0,0,160,0,0,161,0,0,162,0,0,162,0,0,163,0,0,164,0,0,164,0,0,165,0,0,166,0,0,166,0,0,167,0,0,167,0,0,168,0,0,169,0,0,170,0,0,171,0,0,171,0,0,172,0,0,173,0,0,174,0,0,174,0,0,175,0,0,176,0,0,177,0,0,178,0,0,178,0,-1,320,0,0,179,0,-1,321,0,0,180,0,-1,323,0,0,181,0,-1,324,0,0,182,0,0,183,0,0,183,0,0,184,0,0,184,0,0,185,0,0,186,0,0,187,0,0,188,0,0,189,0,0,190,0,0,190,0,0,191,0,0,192,0,0,193,0,0,194,0,0,194,0,0,195,0,0,196,0,0,197,0,0,197,0,0,198,0,0,199,0,0,200,0,0,201,0,0,201,0,0,202,0,0,203,0,0,204,0,0,205,0,0,205,0,0,206,0,0,207,0,0,208,0,0,209,0,0,210,0,0,210,0,0,211,0,0,212,0,0,213,0,0,213,0,0,214,0,0,214,0,0,215,0,0,215,0,0,216,0,0,216,0,0,217,0,0,218,0,0,219,0,0,219,0,0,220,0,0,221,0,0,222,0,0,223,0,0,224,0,0,224,0,0,225,0,0,226,0,0,226,0,0,227,0,0,227,0,0,228,0,0,228,0,0,229,0,0,229,0,0,230,0,0,230,0,0,231,0,0,232,0,0,233,0,0,235,0,0,236,0,0,238,0,0,239,0,-1,242,0,0,243,0,-1,245,0,0,246,0,-1,248,0,0,249,0,-1,251,0,0,252,0,-1,254,0,0,255,0,-1,257,0,0,258,0,-1,260,0,0,261,0,-1,263,0,0,264,0,-1,266,0,0,267,0,-1,269,0,0,270,0,-1,272,0,0,273,0,-1,275,0,0,276,0,-1,278,0,0,279,0,-1,281,0,-1,283,0,-1,285,0,-1,287,0,-1,289,0,-1,291,0,-1,293,0,-1,295,0,-1,297,0,0,298,0,-1,300,0,0,301,0,-1,303,0,0,304,0,-1,306,0,0,307,0,-1,309,0,0,310,0,-1,312,0,0,313,0,-1,315,0,0,316,0,-1,318,0,0,319,0,-1,327,0,0,328,0,-1,330,0,0,331,0,-1,333,0,0,334,0,-1,336,0,0,337,0,-1,339,0,0,340,0,-1,342,0,0,343,0,-1,345,0,0,346,0,-1,348,0,0,349,0,-1,351,0,0,352,0,-1,354,0,0,355,0,-1,357,0,0,358,0,-1,360,0,0,361,0,-1,363,0,0,364,0,-1,366,0,0,367,0,-1,369,0,0,370,0,-1,372,0,0,373,0,-1,375,0,0,376,0,-1,378,0,0,379,0,-1,381,0,0,382,0,-1,384,0,0,385,0,-1,387,0,0,388,0,-1,390,0,0,391,0,0,392,0,0,393,0,0,394,0,0,395,0,0,396,0,0,397,0,-1,399,0,0,400,0,-1,402,0,0,403,0,-1,405,0,0,406,0,-1,408,0,0,409,0,-1,411,0,0,412,0,-1,414,0,0,415,0,-1,417,0,-1,419,0,0,420,0,0,421,0,0,422,0,0,423,0,0,424,0,0,425,0,25,1,2,4,47,3,4,19,4,4,127,5,4,110,6,4,111,7,4,91,8,4,71,9,4,123,10,4,90,11,4,90,12,4,47,13,4,109,14,4,112,15,4,113,16,4,120,17,4,77,18,4,122,28,4,65,29,4,65,31,4,69,32,4,70,38,4,121,42,4,124,45,4,96,87,4,125,89,4,126,952],[0,0,0,0,0,0,0,0,0,0,0,0,0,0,0,0,0,0,0,0,0,0,0,0,0,0,0,0,0,0,0,0,0,0,0,0,0,0,0,0,0,0,0,0,0,0,0,0,0,0,0,0,0,0,0,0,0,0,0,0,0,0,0,0,0,0,0,0,0,0,0,0,0,0,0,0,0,0,0,0,0,0,0,0,0,0,0,0,0,0,0,0,0,0,0,0,0,0,0,0,0,0,0,0,0,0,0,0,0,0,0,0,0,0,0,0,0,0,0,0,0,0,0,0,0,0,0,0,0,0,0,0,0,0,0,0,0,0,0,0,0,0,0,0,0,0,0,0,0,0,0,0,0,0,0,0,0,0,0,0,0,0,0,0,0,0,0,0,0,0,0,0,0,0,0,0,0,0,0,0,0,0,0,0,0,0,0,0,0,0,0,0,0,0,0,0,0,0,0,0,0,0,0,0,0,0,0,0,0,0,0,0,0,0,0,0,0,0,0,0,0,0,0,0,0,0,0,0,0,0,0,0,0,0,0,0,0,0,0,0,0,0,0,0,0,0,0,0,0,0,0,0,0,0,0,0,0,0,0,0,0,0,0,0,0,0,0,0,0,0,0,0,0,0,0,0,0,0,0,0,0,0,0,0,0,0,0,0,0,0,0,0,0,0,0,0,0,0,0,234,237,240,242,245,248,251,254,257,260,263,266,269,272,275,278,281,283,285,287,289,291,293,295,297,300,303,306,309,312,315,318,321,324,327,330,333,336,339,342,345,348,351,354,357,360,363,366,369,372,375,378,381,384,387,390,399,402,405,408,411,414],[-1,1,-1,1,-1,1,-1,1,-1,1,-1,1,-1,1,-1,-1,1,-1,1,-1,1,-1,-1,1,-1,1,1,-1,-1,1,-1,-1,-1,1,-1,-1,1,-1,-1,-1,1,-1,-1,-1,1,-1,-1,1,-1,-1,1,-1,-1,1,-1,-1,-1,1,-1,-1,-1,1,-1,-1,1,-1,-1,1,-1,-1,1,-1,-1,-1,1,-1,-1,-1,1,-1,-1,-1,1,-1,-1,-1,1,-1,-1,-1,1,-1,-1,-1,1,-1,-1,1,-1,-1,1,-1,-1,-1,1,-1,-1,-1,1,-1,-1,1,-1,-1,-1,1,-1,-1,-1,1,-1,-1,-1,1,-1,-1,-1,1,-1,-1,1,-1,-1,-1,-1,-1,-1,1,-1,1,-1,1,-1,-1,-1,-1,1,-1,1,-1,1,-1,-1,-1,1,-1,-1,-1,1,-1,-1,1,-1,-1,1,-1,-1,1,-1,-1,-1,1,-1,-1,-1,1,-1,-1,1,-1,-1,-1,1,-1,-1,-1,1,-1,-1,-1,-1,1,-1,-1,-1,1,-1,-1,1,-1,-1,-1,1,-1,-1,-1,1,-1,-1,1,-1,-1,-1,1,-1,-1,-1,1,-1,-1,1,-1,-1,1,-1,-1,-1,1,-1,-1,-1,1,-1,-1,-1,1,-1,1,-1,1,-1,-1,1,-1,1,-1,1,-1,-1,-1,1,-1,-1,-1,1,-1,-1,-1,-1,1,-1,-1,-1,1,-1,-1,1,-1,-1,1,-1,-1,-1,1,-1,1,26,27,28,29,-1,-1,1,-1,-1,1,-1,-1,1,-1,-1,1,-1,-1,1,-1,1,-1,1,1,1,1,1,1,1,1,1,1,1,1,1,1,1,1,1,1,1,1,1,1,1,1,1,1,1,1,1,1,1,1,1,1,1,1,1,1,1,1,1,1,1,1,1,1,1,1,1,1,1,1,1,1,1,1,1,1,1,1,1,1,1],[0,20,0,21,0,22,0,23,0,24,0,7,0,25,0,0,26,0,7,0,27,0,0,28,0,7,29,0,0,1,0,0,0,1,0,0,1,0,0,0,1,0,0,0,1,0,0,1,0,0,1,0,0,1,0,0,0,1,0,0,0,1,0,0,1,0,0,1,0,0,1,0,0,0,3,0,0,0,3,0,0,0,3,0,0,0,3,0,0,0,3,0,0,0,3,0,0,3,0,0,3,0,0,0,1,0,0,0,1,0,0,1,0,0,0,1,0,0,0,1,0,0,0,1,0,0,0,1,0,0,1,0,0,0,0,0,0,9,0,10,0,11,0,0,0,0,9,0,10,0,11,0,0,0,1,0,0,0,1,0,0,1,0,0,1,0,0,1,0,0,0,1,0,0,0,1,0,0,1,0,0,0,1,0,0,0,1,0,0,0,0,1,0,0,0,1,0,0,1,0,0,0,1,0,0,0,1,0,0,1,0,0,0,1,0,0,0,1,0,0,1,0,0,1,0,0,0,1,0,0,0,1,0,0,0,12,0,13,0,14,0,0,12,0,13,0,14,0,0,0,3,0,0,0,3,0,0,0,0,1,0,0,0,1,0,0,1,0,0,1,0,0,0,30,0,31,32,15,15,33,0,0,5,0,0,5,0,0,5,0,0,5,0,0,5,0,34,0,35,8,8,8,2,2,2,2,2,2,2,2,2,2,2,2,2,4,4,4,4,4,4,4,4,2,2,2,2,2,2,2,2,16,16,2,2,2,2,2,2,2,2,2,2,2,2,2,2,2,2,2,2,2,2,2,2,4,4,2,2,2,2]],[[{"name":"add","rect":[0,0,44,44],"offset":[0,0],"originalSize":[44,44],"capInsets":[0,0,0,0]}],[3],0,[0],[5],[36]],[[{"name":"bg1","rect":[0,0,34,17],"offset":[0,0],"originalSize":[34,17],"capInsets":[9,1,7,1]}],[3],0,[0],[5],[37]]]]