[1,["fbd1e1QshN14JTXrxwpiYL","2fyALDFBFC0Ipq5hLXDekq"],["_textureSetter","spriteFrame"],["cc.SpriteFrame",["cc.LabelAtlas",["_name","fontSize","_fntConfig"],0]],[[1,0,1,2,4]],[[[{"name":"font_nn_bs","rect":[1,0,268,34],"offset":[0,0],"originalSize":[270,34],"capInsets":[0,0,0,0]}],[0],0,[0],[0],[0]],[[[0,"font_nn_bs",29.92,{"commonHeight":34,"fontSize":29,"atlasName":"font_nn_bs","fontDefDictionary":{"48":{"xOffset":0,"yOffset":0,"xAdvance":27,"rect":{"x":0,"y":0,"width":27,"height":34}},"49":{"xOffset":0,"yOffset":0,"xAdvance":27,"rect":{"x":27,"y":0,"width":27,"height":34}},"50":{"xOffset":0,"yOffset":0,"xAdvance":27,"rect":{"x":54,"y":0,"width":27,"height":34}},"51":{"xOffset":0,"yOffset":0,"xAdvance":27,"rect":{"x":81,"y":0,"width":27,"height":34}},"52":{"xOffset":0,"yOffset":0,"xAdvance":27,"rect":{"x":108,"y":0,"width":27,"height":34}},"53":{"xOffset":0,"yOffset":0,"xAdvance":27,"rect":{"x":135,"y":0,"width":27,"height":34}},"54":{"xOffset":0,"yOffset":0,"xAdvance":27,"rect":{"x":162,"y":0,"width":27,"height":34}},"55":{"xOffset":0,"yOffset":0,"xAdvance":27,"rect":{"x":189,"y":0,"width":27,"height":34}},"56":{"xOffset":0,"yOffset":0,"xAdvance":27,"rect":{"x":216,"y":0,"width":27,"height":34}},"57":{"xOffset":0,"yOffset":0,"xAdvance":27,"rect":{"x":243,"y":0,"width":27,"height":34}}},"kerningDict":{}}]],0,0,[0],[1],[1]]]]