[1,["15aea004b","95zA9XKN9GNZ2HNfHvHir2","1fU6edRe5OJZOr9MI7dO4A","02zJcvAGNBLYklXIa2iyB1","95kaz9LZdIU7euf0V69T9O","85SNceq7hOd4BDo7rgxQb0","e3voWl2GpBZK4MkwxjrEby","12jR9Q+qFN3YVHXo178ivr"],["node","_spriteFrame","_N$file","_textureSetter","root","itemView","content","paiItem","pengGangsView","hupais","mahjongsView","lblLostScore","lblWinScore","lblName","icnHeader","_N$content","data","_parent","win","lose"],[["cc.Node",["_name","_zIndex","_active","_prefab","_contentSize","_components","_trs","_parent","_children","_anchorPoint","_color"],0,4,5,9,7,1,2,5,5],["cc.Layout",["_N$layoutType","_enabled","_N$paddingTop","_N$spacingY","_resize","_N$spacingX","_N$horizontalDirection","node","_layoutSize"],-4,1,5],["cc.Sprite",["_sizeMode","_type","node","_spriteFrame"],1,1,6],["cc.Label",["_string","_fontSize","_N$verticalAlign","_lineHeight","_N$horizontalAlign","_srcBlendFactor","_isSystemFontUsed","node"],-4,1],["cc.Node",["_name","_zIndex","_parent","_components","_prefab","_contentSize","_trs"],1,1,2,4,5,7],["cc.ScrollView",["_enabled","horizontal","brake","bounceDuration","_N$horizontalScrollBar","_N$verticalScrollBar","node","_N$content"],-3,1,1],["cc.Mask",["_N$alphaThreshold","_type","node"],1,1],"cc.SpriteFrame",["cc.Prefab",["_name"],2],["cc.Node",["_name","_zIndex","_parent","_components","_prefab","_contentSize"],1,1,12,4,5],["f5c471vOBhAG7QcAa0ZASzy",["node","icnHeader","lblName","lblWinScore","lblLostScore","mahjongsView","hupais","pengGangsView","paiItem","content","itemView","win","lose"],3,1,1,1,1,1,1,1,1,1,1,1,6,6],["cc.PrefabInfo",["fileId","root"],2,1],["e4fd0BOFW1I5rw3fi0K+ktb",["node"],3,1]],[[11,0,1,2],[0,0,1,7,5,3,4,9,6,3],[0,0,1,7,8,3,4,6,3],[0,0,1,7,5,3,4,6,3],[2,2,1],[3,5,0,1,4,2,7,6],[0,0,1,7,8,5,3,4,6,3],[0,0,1,7,5,3,10,4,6,3],[4,0,1,2,3,4,5,3],[1,0,7,8,2],[2,1,0,2,3,3],[3,0,1,3,6,4,2,7,7],[8,0,2],[0,0,1,8,5,3,4,6,3],[0,0,2,1,7,8,5,3,4,4],[0,0,1,8,5,3,4,9,6,3],[0,0,1,7,8,5,3,10,4,9,6,3],[0,0,1,7,8,5,3,4,3],[0,0,2,1,7,8,5,3,4,6,4],[0,0,1,7,5,3,10,4,9,6,3],[9,0,1,2,3,4,5,3],[4,0,1,2,3,4,5,6,3],[10,0,1,2,3,4,5,6,7,8,9,10,11,12,1],[1,7,8,1],[1,1,0,2,3,7,5],[1,4,0,7,8,3],[1,0,5,6,7,8,4],[2,1,0,2,3],[2,0,2,2],[5,0,6,7,2],[5,1,2,3,4,5,6,7,6],[6,1,0,2,3],[6,0,2,2],[12,0,1],[3,5,0,1,3,2,7,6],[3,0,1,3,4,2,7,6]],[[[{"name":"bg_yxzm_dkuang","rect":[199,867,473,9],"offset":[0,0],"originalSize":[473,9],"capInsets":[200,4,200,4]}],[7],0,[0],[3],[0]],[[[12,"GameOverItemM"],[13,"GameOverItem",0,[-13,-14,-15,-16,-17,-18,-19],[[22,-12,-11,-10,-9,-8,-7,-6,-5,-4,-3,-2,2,3]],[0,"a5hpahKLRBjb7yl0GFtj8N",-1],[5,1047,280],[0,-350,0,0,0,0,1,0.9,0.9,1]],[6,"New Node",0,1,[-21,-22,-23],[[23,-20,[5,560,200]]],[0,"f9o24pHGlCX58LHEl+40Or",1],[5,560,200],[-26,119,0,0,0,0,1,1,1,1]],[14,"huPai",false,0,1,[-25,-26],[[10,1,0,-24,0]],[0,"d7FMIyT3tGYqMKLyXhLmkZ",1],[5,42,65]],[1,"contentbg",0,1,[[10,1,0,-27,1],[24,false,2,2,2,-28],[29,false,-30,-29]],[0,"20cWMNN79EM5UkZVnQdkb+",1],[5,800,220],[0,0.5,1],[0,79,0,0,0,0,1,1,1,1]],[15,"content",0,[-32],[[25,1,2,-31,[5,800,40]]],[0,"32y9xBP9FJv6KKwPmBf8E9",1],[5,800,40],[0,0.5,1],[0,110,0,0,0,0,1,1,1,1]],[2,"item",0,5,[-33,-34,-35],[0,"2fsvyXg8pHm6jNIL4KNW9c",1],[5,700,40],[0,-20,0,0,0,0,1,1,1,1]],[16,"New ScrollView",0,1,[-38],[[27,1,0,-36],[30,false,0.75,0.23,null,null,-37,5]],[0,"83BX6cawRNnIQ3rjJiBDT9",1],[4,4290295992],[5,800,220],[0,0.5,1],[0,79,0,0,0,0,1,1,1,1]],[2,"userinfo",0,1,[-39,-40],[0,"21UMqOhVVAZa/A4zI4y6ep",1],[5,125,70],[-461,0,0,0,0,0,1,1,1,1]],[17,"mask",0,8,[-42],[[31,1,1,-41]],[0,"1dyRmyMC5I44PbwJF2Iad9",1],[5,80,80]],[20,"headPic",0,9,[[-43,[33,-44]],1,4],[0,"70Fxkh6ipKaY/ZqIaOQtuT",1],[5,80,80]],[1,"penggangs",0,2,[[9,1,-45,[5,542,66]]],[0,"5diM0dEiVOzZqyxpwZerQg",1],[5,542,66],[0,0,0.5],[-280,0,0,0,0,0,1,1,1,1]],[1,"pai",0,2,[[26,1,1,1,-46,[5,560,66]]],[0,"dcm7/fzepF7oiPh89lBCsC",1],[5,560,66],[0,1,0.5],[280,0,0,0,0,0,1,1,1,1]],[1,"hupais",0,2,[[9,1,-47,[5,0,70]]],[0,"6fEdFAedNLd7OXqQekQ8e6",1],[5,0,70],[0,0,0.5],[290,0,0,0,0,0,1,1,1,1]],[18,"count",false,0,3,[-49],[[4,-48]],[0,"f48wsCwXRAp4KVGFywPljg",1],[5,34,23],[5.5,21,0,0,0,0,1,1,1,1]],[2,"score",0,1,[-50,-51],[0,"dbHSL400tGTKN+bFgGcntu",1],[5,100,70],[467,-80,0,0,0,0,1,1,1,1]],[6,"view",0,7,[5],[[32,1,-52]],[0,"79Y8ZvfktGmqniv7LZuDOe",1],[5,800,220],[0,-110,0,0,0,0,1,1,1,1]],[28,0,10],[21,"playerName",0,8,[-53],[0,"04iGU1I3JF4ZUXZmiY8iyI",1],[5,55.03,28],[0,-63,0,0,0,0,1,1,1,1]],[34,1,"name",22,28,1,18],[3,"value",0,3,[[4,-54]],[0,"52m7PppslMILz6DVyZjY1J",1],[5,64,83],[0,0,0,0,0,0,1,0.58,0.58,1]],[3,"New Label",0,14,[[35,"4",16,16,1,1,-55]],[0,"18h5Rm1L1FmZ6R6gy+PmTv",1],[5,9,16],[6.9,3.5,0,0,0,0,1,1,1,1]],[3,"t_majaing_tiao",0,1,[[4,-56]],[0,"eduNG6bRRFyJy8bPKq3mGR",1],[5,82,47],[468,1,0,0,0,0,1,1,1,1]],[8,"scoreA",0,15,[-57],[0,"beFdUCuLlPXby2fxKrNbi4",1],[5,80,44]],[11,"/0",44,44,false,1,1,23],[8,"scoreB",0,15,[-58],[0,"d0bIBg9kZP1YoEK9NQ6xkq",1],[5,80,44]],[11,"/0",44,44,false,1,1,25],[19,"title",0,6,[[5,1,"胡(平胡)",22,1,1,-59]],[0,"39SVu2tzZPiqP+VnBV5ovR",1],[4,4278306537],[5,80.65,40],[0,0,0.5],[-367,0,0,0,0,0,1,1,1,1]],[7,"beishu",0,6,[[5,1,"1倍",22,1,1,-60]],[0,"d3J9LYgR9IDZ8d9D3YOZf+",1],[4,4278306537],[5,34.24,40],[65,0,0,0,0,0,1,1,1,1]],[7,"content",0,6,[[5,1,"+1 下家",22,1,1,-61]],[0,"ec06xjZqJDiJt47QsmV5x6",1],[4,4278306537],[5,75.2,40],[254,0,0,0,0,0,1,1,1,1]]],0,[0,4,1,0,5,6,0,6,5,0,7,3,0,8,11,0,9,13,0,10,12,0,11,26,0,12,24,0,13,19,0,14,17,0,0,1,0,-1,8,0,-2,2,0,-3,3,0,-4,22,0,-5,15,0,-6,4,0,-7,7,0,0,2,0,-1,11,0,-2,12,0,-3,13,0,0,3,0,-1,20,0,-2,14,0,0,4,0,0,4,0,15,4,0,0,4,0,0,5,0,-1,6,0,-1,27,0,-2,28,0,-3,29,0,0,7,0,0,7,0,-1,16,0,-1,9,0,-2,18,0,0,9,0,-1,10,0,-1,17,0,0,10,0,0,11,0,0,12,0,0,13,0,0,14,0,-1,21,0,-1,23,0,-2,25,0,0,16,0,-1,19,0,0,20,0,0,21,0,0,22,0,-1,24,0,-1,26,0,0,27,0,0,28,0,0,29,0,16,1,5,17,16,61],[0,0,0,0,17,24,26],[1,1,18,19,1,2,2],[1,2,3,4,5,6,7]]]]