[1,["ecpdLyjvZBwrvm+cedCcQy","18e14e356","b0fF6nh/ZNNqmYWP0TgFQY","362oskdhlEpKQAwSc3wt7Z","51JkqCB4pJF4ZDy37dhzE6","14DXYb8gNOQqMwCAlSkz3h","f4ubU1ty5ASb2+TFsAzxqS","f1M1ouZy5LYZNVdJG6oWXZ","caMugVauhPm44+JvY5v5l+","9eNKXs791C5o+EVfY49x2g","a3WrtdRblJJIvA6U8o3OoS","124Dc+qMxH07WDGCQXf0Z2","3f4Ks+8SJPlrezdo1upy3P","90rd0+ATBPD6ngsr2lWR47"],["node","_spriteFrame","_textureSetter","_N$target","_parent","_N$background","_N$placeholderLabel","_N$textLabel","checkMark","scene","_defaultClip"],[["cc.Node",["_name","_zIndex","_active","_id","_components","_contentSize","_parent","_children","_trs","_color"],-1,9,5,1,2,7,5],"cc.SpriteFrame",["cc.Sprite",["_type","_sizeMode","node","_materials","_spriteFrame"],1,1,3,6],["cc.Label",["_srcBlendFactor","_N$verticalAlign","_string","_fontSize","_N$overflow","_N$horizontalAlign","_enableWrapText","_lineHeight","node","_materials"],-5,1,3],["cc.Node",["_name","_zIndex","_active","_parent","_components","_contentSize","_trs","_color","_anchorPoint"],0,1,2,5,7,5,5],["cc.Widget",["_alignFlags","alignMode","_originalWidth","_originalHeight","_left","_right","_top","_bottom","node"],-5,1],["cc.EditBox",["_N$inputMode","maxLength","_N$inputFlag","node","_N$textLabel","_N$placeholderLabel","_N$background"],0,1,1,1,1],["cc.SceneAsset",["_name","asyncLoadAssets"],1],["cc.Canvas",["_fitWidth","node","_designResolution"],2,1,5],["8caf0PCaWtFdr5EnyI8xZTW",["node"],3,1],["cc.Animation",["playOnLoad","node","_clips","_defaultClip"],2,1,3,6],["cc.BlockInputEvents",["node"],3,1],["cc.Toggle",["node","_N$normalColor","_N$target","checkMark","checkEvents"],3,1,5,1,1,9],["cc.ClickEvent",["_componentId","handler","target"],1,1],["cc.Button",["zoomScale","_N$transition","node","clickEvents","_N$normalColor","_N$target"],1,1,9,5,1],["cc.LabelOutline",["_width","node","_color"],2,1,5],["cc.Scene",["_name","_zIndex","_children","_anchorPoint","_trs"],1,2,5,7],["cc.Camera",["_clearFlags","_depth","node"],1,1],["cc.AnimationClip",["_name","_duration","sample","wrapMode","curveData"],-1,11]],[[0,0,1,6,4,5,8,3],[2,2,3,1],[2,2,3,4,1],[13,0,1,2,3],[14,0,1,2,3,4,5,3],[0,0,1,6,7,4,5,8,3],[5,1,0,8,3],[0,0,2,1,6,7,4,5,4],[0,0,1,7,4,5,3],[0,0,1,6,4,5,3],[4,0,1,3,4,5,3],[4,0,2,1,3,4,7,5,8,6,4],[4,0,1,3,4,7,5,8,6,3],[5,1,0,4,5,6,7,2,3,8,9],[2,0,2,3,2],[3,0,3,6,1,4,8,6],[3,0,2,3,7,6,1,4,8,9,8],[7,0,1,3],[0,0,1,3,7,4,5,8,4],[0,0,2,1,6,7,4,8,4],[0,0,2,1,6,7,4,5,8,4],[0,0,1,7,4,5,8,3],[0,0,1,6,4,9,5,3],[0,0,1,6,7,4,5,3],[0,0,1,6,4,3],[4,0,1,3,4,5,6,3],[8,0,1,2,2],[9,0,1],[5,0,8,2],[5,0,2,3,8,4],[10,0,1,2,3,2],[6,1,0,3,4,5,6,3],[6,2,0,3,4,5,6,3],[2,0,1,2,3,4,3],[2,1,2,3,4,2],[11,0,1],[12,0,1,2,3,4,1],[3,0,2,5,1,8,9,5],[3,0,2,3,5,1,8,9,6],[3,0,2,3,1,4,8,9,6],[15,0,1,2,2],[16,0,1,2,3,4,3],[17,0,1,2,3],[18,0,1,2,3,4,5]],[[[{"name":"bg_jiazai_yuan","rect":[3,3,29,28],"offset":[0,0],"originalSize":[29,28],"capInsets":[0,0,0,0]}],[1],0,[0],[2],[1]],[[{"name":"bg_jiazai_dk","rect":[3,207,358,38],"offset":[0,0],"originalSize":[358,38],"rotated":1,"capInsets":[0,0,0,0]}],[1],0,[0],[2],[1]],[[[17,"LoginView",null],[18,"Canvas",0,"41/9azYAtB2rzQAFT8FZ+a",[-4,-5,-6,-7,-8,-9],[[26,true,-1,[5,720,1280]],[27,-2],[28,45,-3]],[5,720,1280],[360,640,0,0,0,0,1,1,1,1]],[19,"load",false,0,1,[-11,-12,-13,-14,-15,-16,-17,-18],[[30,true,-10,[18],17]],[0,-236,0,0,0,0,1,1,1,1]],[7,"LoginNode",false,0,1,[-20,-21,-22,-23,-24,-25],[[6,0,45,-19]],[5,720,1280]],[8,"New EditBox",0,[-31,-32,-33],[[31,11,3,-29,-28,-27,-26],[13,0,45,12,12,12,12,160,40,-30]],[5,530,79]],[8,"New EditBox",0,[-39,-40,-41],[[32,0,6,-37,-36,-35,-34],[13,0,45,12,12,12,12,160,40,-38]],[5,530,79]],[20,"info",false,0,1,[-44,-45,-46],[[33,1,0,-42,[34],35],[35,-43]],[5,664,520],[0,-36,0,0,0,0,1,1,1,1]],[5,"BT_REMEMBER",0,3,[-51],[[1,-47,[27]],[36,-50,[4,4292269782],-49,-48,[[3,"8caf0PCaWtFdr5EnyI8xZTW","onBtnClicked",1]]]],[5,206,44],[-168,-99,0,0,0,0,1,1,1,1]],[21,"BT_CloseTips",0,[-55],[[2,-52,[37],38],[4,1.1,3,-54,[[3,"8caf0PCaWtFdr5EnyI8xZTW","onBtnClicked",1]],[4,4292269782],-53]],[5,260,89],[0,-176,0,0,0,0,1,1,1,0]],[0,"BT_LOGIN",0,3,[[1,-56,[28]],[4,1.1,3,-58,[[3,"8caf0PCaWtFdr5EnyI8xZTW","onBtnClicked",1]],[4,4292269782],-57]],[5,327,101],[0,-211.5,0,0,0,0,1,1,1,0]],[0,"BT_REGISTER",0,3,[[1,-59,[29]],[4,1.1,3,-61,[[3,"8caf0PCaWtFdr5EnyI8xZTW","onBtnClicked",1]],[4,4292269782],-60]],[5,327,101],[0,-356,0,0,0,0,1,1,1,0]],[0,"BT_GUANBI",0,6,[[2,-62,[32],33],[4,1.1,3,-64,[[3,"8caf0PCaWtFdr5EnyI8xZTW","onBtnClicked",1]],[4,4292269782],-63]],[5,174,93],[0,-187,0,0,0,0,1,1,1,0]],[22,"bg",0,1,[[6,0,45,-65],[34,0,-66,[0],1]],[4,4278190080],[5,720,1280]],[5,"Phone",0,3,[4],[[1,-67,[22]]],[5,554,103],[0,157.5,0,0,0,0,1,1,1,1]],[5,"Pas",0,3,[5],[[1,-68,[25]]],[5,554,103],[0,14.5,0,0,0,0,1,1,1,1]],[0,"bg_yxzj",0,6,[[1,-69,[30]],[6,2,1,-70]],[5,250,74],[0,223,0,0,0,0,1,1,1,1]],[7,"Node_Tips",false,0,1,[-72],[[29,45,656,493,-71]],[5,720,1280]],[23,"bg_ts1",0,16,[8],[[1,-73,[39]]],[5,656,493]],[9,"New Label",0,8,[[37,1,"关  闭",1,1,-74,[36]],[40,1.8,-75,[4,4278210830]]],[5,105.83,54]],[41,"New Node",0,[1],[0,0,0],[0,0,0,0,0,0,1,1,1,1]],[24,"Main Camera",0,1,[[42,7,-1,-76]]],[9,"bg_jiazai_dk",0,2,[[2,-77,[2],3]],[5,358,38]],[0,"bg_jiazai_yuan",0,2,[[2,-78,[4],5]],[5,29,28],[-159,0.7,0,0,0,0,1,1,1,1]],[0,"bg_jiazai_yuan1",0,2,[[2,-79,[6],7]],[5,29,28],[-31.7,0.5,0,0,0,0,1,1,1,1]],[0,"bg_jiazai_yuan2",0,2,[[2,-80,[8],9]],[5,29,28],[-95.1,0.3,0,0,0,0,1,1,1,1]],[0,"bg_jiazai_yuan3",0,2,[[2,-81,[10],11]],[5,29,28],[31.9,0.5,0,0,0,0,1,1,1,1]],[0,"bg_jiazai_yuan4",0,2,[[2,-82,[12],13]],[5,29,28],[96.2,0,0,0,0,0,1,1,1,1]],[0,"bg_jiazai_yuan5",0,2,[[2,-83,[14],15]],[5,29,28],[160.1,0,0,0,0,0,1,1,1,1]],[0,"New Label",0,2,[[38,1,"首次进入加载时间稍长，请耐心等待",24,1,1,-84,[16]]],[5,384,50.4],[0,-154,0,0,0,0,1,1,1,1]],[0,"t_dly_tb",0,3,[[1,-85,[19]]],[5,335,392],[0,361,0,0,0,0,1,1,1,1]],[10,"BACKGROUND_SPRITE",0,4,[-86],[5,530,79]],[14,1,30,[20]],[11,"TEXT_LABEL",false,0,4,[-87],[4,4278190080],[5,528,79],[0,0,1],[-263,39.5,0,0,0,0,1,1,1,1]],[15,1,30,false,1,1,32],[12,"PLACEHOLDER_LABEL",0,4,[-88],[4,4281744449],[5,528,79],[0,0,1],[-263,39.5,0,0,0,0,1,1,1,1]],[16,1,"请输入手机号",30,79,false,1,1,34,[21]],[10,"BACKGROUND_SPRITE",0,5,[-89],[5,530,79]],[14,1,36,[23]],[11,"TEXT_LABEL",false,0,5,[-90],[4,4278190080],[5,528,79],[0,0,1],[-263,39.5,0,0,0,0,1,1,1,1]],[15,1,30,false,1,1,38],[12,"PLACEHOLDER_LABEL",0,5,[-91],[4,4281744449],[5,528,79],[0,0,1],[-263,39.5,0,0,0,0,1,1,1,1]],[16,1,"请输入密码",30,79,false,1,1,40,[24]],[25,"t_gou1",0,7,[-92],[5,43,43],[-81,0,0,0,0,0,1,1,1,1]],[1,42,[26]],[0,"New Label",0,6,[[39,1,"       本程序仅供娱乐，严禁赌博！如发现赌博行为将封停账号并向公安机关举报。\n       系统中使用的任何道具均不具有财产性价值，仅限用户本人在程序中使用，不提供任何形式官方回购、直接或变相兑换现金及实物。\n       程序仅供休闲娱乐，游戏出现问题请联系游戏客服。",26,1,3,-93,[31]]],[5,616,290.4],[0,9,0,0,0,0,1,1,1,1]]],0,[0,0,1,0,0,1,0,0,1,0,-1,20,0,-2,12,0,-3,2,0,-4,3,0,-5,6,0,-6,16,0,0,2,0,-1,21,0,-2,22,0,-3,23,0,-4,24,0,-5,25,0,-6,26,0,-7,27,0,-8,28,0,0,3,0,-1,29,0,-2,13,0,-3,14,0,-4,7,0,-5,9,0,-6,10,0,5,31,0,6,35,0,7,33,0,0,4,0,0,4,0,-1,30,0,-2,32,0,-3,34,0,5,37,0,6,41,0,7,39,0,0,5,0,0,5,0,-1,36,0,-2,38,0,-3,40,0,0,6,0,0,6,0,-1,15,0,-2,44,0,-3,11,0,0,7,0,8,43,0,3,7,0,0,7,0,-1,42,0,0,8,0,3,8,0,0,8,0,-1,18,0,0,9,0,3,9,0,0,9,0,0,10,0,3,10,0,0,10,0,0,11,0,3,11,0,0,11,0,0,12,0,0,12,0,0,13,0,0,14,0,0,15,0,0,15,0,0,16,0,-1,17,0,0,17,0,0,18,0,0,18,0,0,20,0,0,21,0,0,22,0,0,23,0,0,24,0,0,25,0,0,26,0,0,27,0,0,28,0,0,29,0,-1,31,0,-1,33,0,-1,35,0,-1,37,0,-1,39,0,-1,41,0,-1,43,0,0,44,0,9,19,1,4,19,4,4,13,5,4,14,8,4,17,93],[0,0,0,0,0,0,0,0,0,0,0,0,0,0,0,0,0,0,0,0,0,0,0,0,0,0,0,0,0,0,0,0,0,0,0,0,0,0,0,0],[-1,1,-1,1,-1,1,-1,1,-1,1,-1,1,-1,1,-1,1,-1,10,-1,-1,-1,-1,-1,-1,-1,-1,-1,-1,-1,-1,-1,-1,-1,1,-1,1,-1,-1,1,-1],[0,3,0,4,0,5,0,6,0,7,0,8,0,9,0,10,0,2,2,0,0,0,0,0,0,0,0,0,0,0,0,0,0,11,0,12,0,0,13,0]],[[{"name":"bg_jiazai_yuan4","rect":[3,37,29,28],"offset":[0,0],"originalSize":[29,28],"capInsets":[0,0,0,0]}],[1],0,[0],[2],[1]],[[{"name":"bg_jiazai_yuan5","rect":[3,71,29,28],"offset":[0,0],"originalSize":[29,28],"capInsets":[0,0,0,0]}],[1],0,[0],[2],[1]],[[[43,"1",1.8,50,"2",[{},"paths",11,[{},"bg_jiazai_yuan",11,[{},"props",11,[{},"scale",12,[[[{"frame":0},"value",8,[0,0,0]],[{"frame":0.3},"value",8,[0,1,1]]],11,11]]],"bg_jiazai_yuan2",11,[{},"props",11,[{},"scale",12,[[[{"frame":0.3},"value",8,[0,0,0]],[{"frame":0.6},"value",8,[0,1,1]]],11,11]]],"bg_jiazai_yuan1",11,[{},"props",11,[{},"scale",12,[[[{"frame":0.6},"value",8,[0,0,0]],[{"frame":0.9},"value",8,[0,1,1]]],11,11]]],"bg_jiazai_yuan3",11,[{},"props",11,[{},"scale",12,[[[{"frame":0.9},"value",8,[0,0,0]],[{"frame":1.2},"value",8,[0,1,1]]],11,11]]],"bg_jiazai_yuan4",11,[{},"props",11,[{},"scale",12,[[[{"frame":1.2},"value",8,[0,0,0]],[{"frame":1.5},"value",8,[0,1,1]]],11,11]]],"bg_jiazai_yuan5",11,[{},"props",11,[{},"scale",12,[[[{"frame":1.5},"value",8,[0,0,0]],[{"frame":1.8},"value",8,[0,1,1]]],11,11]]]]]]],0,0,[],[],[]],[[{"name":"bg_jiazai_yuan3","rect":[3,105,29,28],"offset":[0,0],"originalSize":[29,28],"capInsets":[0,0,0,0]}],[1],0,[0],[2],[1]],[[{"name":"bg_jiazai_yuan2","rect":[3,139,29,28],"offset":[0,0],"originalSize":[29,28],"capInsets":[0,0,0,0]}],[1],0,[0],[2],[1]],[[{"name":"bg_jiazai_yuan1","rect":[3,173,29,28],"offset":[0,0],"originalSize":[29,28],"capInsets":[0,0,0,0]}],[1],0,[0],[2],[1]]]]