[1,["160ee1620","42pMXjYjRBoI1tJULMEIPL"],["node","_textureSetter","root","data","_parent","_spriteFrame"],[["cc.Node",["_name","_zIndex","_components","_prefab","_contentSize","_trs","_parent","_children","_color"],1,9,4,5,7,1,2,5],["cc.Label",["_srcBlendFactor","_string","_fontSize","_N$verticalAlign","_lineHeight","_N$horizontalAlign","node"],-3,1],"cc.SpriteFrame",["cc.Prefab",["_name"],2],["cc.Sprite",["node","_spriteFrame"],3,1,6],["cc.PrefabInfo",["fileId","root"],2,1],["cc.RichText",["_N$string","_N$horizontalAlign","_N$fontSize","node"],0,1],["cc.Layout",["_resize","_N$layoutType","_N$spacingX","node","_layoutSize"],0,1,5],["cc.Widget",["alignMode","_alignFlags","_left","_right","_top","_bottom","node"],-3,1],["cc.PrivateNode",["_name","_zIndex","_parent","_components","_prefab","_contentSize","_anchorPoint","_position","_scale"],1,1,9,4,5,5,8,8]],[[5,0,1,2],[0,0,1,6,2,3,4,5,3],[1,0,1,2,4,5,3,6,7],[0,0,1,6,7,2,3,8,4,5,3],[7,0,1,2,3,4,4],[1,0,1,2,3,6,5],[9,0,1,2,3,4,5,6,7,8,3],[0,0,1,7,2,3,4,5,3],[3,0,2],[0,0,1,6,2,3,4,3],[4,0,1,1],[6,0,1,2,3,4],[8,0,1,2,3,4,5,6,7]],[[[{"name":"t_jlbdt_zz","rect":[715,3,304,209],"offset":[0,-1],"originalSize":[304,211],"capInsets":[0,0,0,0]}],[2],0,[0],[1],[0]],[[[8,"ClubHallItem"],[7,"ClubHallItem",0,[-3,-4,-5,-6],[[10,-2,0]],[0,"6a3qHEtjJCqZAC0cZ1+sUF",-1],[5,304,211],[-158,-105.5,0,0,0,0,1,1,1,1]],[7,"detail",0,[-8,-9,-10],[[11,"  <u>房间详情</u>  ",2,22,-7]],[0,"f7dyhmybtC7oJKb6mSxaJw",1],[5,112.44,40],[38.175,0,0,0,0,0,1,1,1,1]],[3,"top",0,1,[-12,-13],[[4,1,1,14,-11,[5,139.99,30]]],[0,"13ftoaZH5IH5nvIPz9NvSQ",1],[4,4289177511],[5,139.99,30],[0,37,0,0,0,0,1,1,1,1]],[3,"center",0,1,[-15,-16],[[4,1,1,14,-14,[5,192.47,30]]],[0,"f8oMIwZaJHzYc/2oKaVryM",1],[4,4289177511],[5,192.47,30],[0,6.2,0,0,0,0,1,1,1,1]],[3,"bottom",0,1,[-18,2],[[4,1,1,14,-17,[5,188.79,30]]],[0,"92cBkA3UlKaLz0NqAVp5BI",1],[4,4289177511],[5,188.79,30],[0,-24.6,0,0,0,0,1,1,1,1]],[1,"roomid",0,3,[[2,1,"666666",22,30,1,1,-19]],[0,"0eIo1IM6BGq6PPAr2Ae66k",1],[5,73.41,30],[-33.290000000000006,0,0,0,0,0,1,1,1,1]],[1,"numgame",0,3,[[2,1,"1/8局",22,30,1,1,-20]],[0,"aeJIaE2EdBI7bwTRM1LsaU",1],[5,52.58,30],[43.70499999999999,0,0,0,0,0,1,1,1,1]],[1,"gamename",0,4,[[2,1,"12人牛牛",22,30,1,1,-21]],[0,"5debzGQ1JHqbGjqhUak9dg",1],[5,90.47,30],[-51,0,0,0,0,0,1,1,1,1]],[1,"model",0,4,[[2,1,"明牌抢庄",22,30,1,1,-22]],[0,"13uKOTPmVIS7Zl51C19C+j",1],[5,88,30],[52.235,0,0,0,0,0,1,1,1,1]],[9,"bt",0,1,[[12,0,45,40,40,40,40,-23]],[0,"3c4WaatSREt7oubXIIUFrQ",1],[5,224,131]],[1,"person",0,5,[[2,1,"人数:3",22,30,1,1,-24]],[0,"8blEuofRhHZ4RrF77xw2kb",1],[5,62.35,30],[-63.22,0,0,0,0,0,1,1,1,1]],[6,"RICHTEXT_CHILD",-32768,2,[[5,1,"  ",22,1,-25]],[0,"51KweSmPZIXZdE4QfWXcaK",1],[5,12.22,40],[0,0,0],[1,-56.22,-20,0],[1,1,1,1]],[6,"RICHTEXT_CHILD",-32768,2,[[5,1,"房间详情",22,1,-26]],[0,"0cKsbHhmxHqYrfVs13KGqy",1],[5,88,40],[0,0,0],[1,-44,-20,0],[1,1,1,1]],[6,"RICHTEXT_CHILD",-32768,2,[[5,1,"  ",22,1,-27]],[0,"05YjEnUbdPZI7Uzxlvnf+o",1],[5,12.22,40],[0,0,0],[1,44,-20,0],[1,1,1,1]]],0,[0,2,1,0,0,1,0,-1,3,0,-2,4,0,-3,10,0,-4,5,0,0,2,0,-1,12,0,-2,13,0,-3,14,0,0,3,0,-1,6,0,-2,7,0,0,4,0,-1,8,0,-2,9,0,0,5,0,-1,11,0,0,6,0,0,7,0,0,8,0,0,9,0,0,10,0,0,11,0,0,12,0,0,13,0,0,14,0,3,1,2,4,5,27],[0],[5],[1]]]]