[1,["ecpdLyjvZBwrvm+cedCcQy","362oskdhlEpKQAwSc3wt7Z","68KU8wgNBDJZ2Uc8P173a3","5dWoIMZm9J0L2Wgzdk7EMw","14a19a0f0"],["node","_spriteFrame","root","dqNum","zqNum","cards_ts","cards_wd","cards_zd","cards_td","type_ts","type_wd","type_zd","type_td","win","nick","head","data","_textureSetter"],[["cc.Node",["_name","_zIndex","_active","_components","_prefab","_contentSize","_parent","_trs","_children"],0,9,4,5,1,7,2],["cc.Node",["_name","_zIndex","_active","_parent","_components","_prefab","_contentSize","_trs","_anchorPoint"],0,1,2,4,5,7,5],["cc.Sprite",["_sizeMode","_type","node","_materials","_spriteFrame"],1,1,3,6],["cc.Label",["_string","_fontSize","_N$horizontalAlign","_N$verticalAlign","_srcBlendFactor","_lineHeight","node","_materials"],-3,1,3],["cc.PrefabInfo",["fileId","root","asset"],2,1,1],"cc.SpriteFrame",["cc.Prefab",["_name"],2],["cc.Node",["_name","_active","_zIndex","_parent","_components","_prefab","_contentSize","_anchorPoint","_trs"],0,1,12,4,5,5,7],["13483x1fb5CZqf4PqT1v23i",["node","head","nick","win","colors","type_td","type_zd","type_wd","type_ts","cards_td","cards_zd","cards_wd","cards_ts","zqNum","dqNum"],3,1,1,1,1,12,1,1,1,1,1,1,1,1,1,1],["cc.Mask",["_type","_N$alphaThreshold","node","_materials"],1,1,3],["e4fd0BOFW1I5rw3fi0K+ktb",["node"],3,1],["cc.Layout",["_resize","_N$layoutType","_N$spacingX","node","_layoutSize"],0,1,5],["cc.Widget",["_alignFlags","_top","node"],1,1]],[[4,0,1,2,2],[3,4,0,1,5,2,3,6,7,7],[0,0,1,6,3,4,5,7,3],[1,0,1,3,4,5,6,7,3],[11,0,1,2,3,4,4],[0,0,1,6,3,4,5,3],[7,0,1,2,3,4,5,6,7,8,4],[2,0,2,3,4,2],[10,0,1],[12,0,1,2,3],[6,0,2],[0,0,1,8,3,4,5,3],[0,0,1,6,8,3,4,5,7,3],[0,0,2,1,6,3,4,5,7,4],[1,0,2,1,3,4,5,6,7,4],[1,0,1,3,4,5,6,8,7,3],[8,0,1,2,3,4,5,6,7,8,9,10,11,12,13,14,1],[4,1,2,1],[9,0,1,2,3,3],[2,1,0,2,3,3],[2,2,3,4,1],[3,0,1,5,2,3,6,7,6],[3,4,0,1,2,3,6,7,6]],[[[[10,"SSSJieSuanItem"],[11,"SSSJieSuanItem",0,[-16,-17,-18,-19,-20,-21,-22,-23,-24,-25,-26,-27,-28,-29,-30],[[16,-15,-14,-13,-12,[[[4,4285447447],[4,4278216691]],8,8],-11,-10,-9,-8,-7,-6,-5,-4,-3,-2]],[17,-1,0],[5,650,120]],[12,"headMsk",0,1,[-32,-33],[[18,1,1,-31,[10]]],[0,"4b56RPYClE/7y5H7mhQWK6",1,0],[5,70,70],[-283,14,0,0,0,0,1,1,1,1]],[5,"head",0,2,[[7,0,-34,[6],7],[8,-35]],[0,"34PULv2pBKp6CuPhuXt5hu",1,0],[5,70,70]],[2,"toudao",0,1,[[4,1,1,-86,-36,[5,218,173]]],[0,"d39ouGPaxO/ZvkbKyTV2GV",1,0],[5,218,173],[-150,-14,0,0,0,0,1,0.45,0.45,1]],[2,"zhongdao",0,1,[[4,1,1,-86,-37,[5,306,173]]],[0,"676BwkjeNPX6ty1+vXMSGb",1,0],[5,306,173],[-14,-14,0,0,0,0,1,0.45,0.45,1]],[2,"weidao",0,1,[[4,1,1,-86,-38,[5,306,173]]],[0,"33IolfKN5Ac4cEbPfgA8oi",1,0],[5,306,173],[142,-14,0,0,0,0,1,0.45,0.45,1]],[13,"teshu",false,0,1,[[4,1,1,-70,-39,[5,850,173]]],[0,"39r7sZH85LNYRiLP++931v",1,0],[5,850,173],[3,-14,0,0,0,0,1,0.45,0.45,1]],[5,"head1",0,2,[[7,0,-40,[8],9],[8,-41]],[0,"06TDzRexFF66kL4l5JrwY9",1,0],[5,72,72]],[6,"zq_num",false,0,1,[[-42,[9,1,4,-43]],1,4],[0,"2bFB64p2xJUbhrr4gKHr57",1,0],[5,70.29,30.24],[0,1,0.5],[306,40.88,0,0,0,0,1,1,1,1]],[6,"dq_num",false,0,1,[[-44,[9,1,41,-45]],1,4],[0,"aePp0GQWBJDIhlPXWi8Wig",1,0],[5,70.29,30.24],[0,1,0.5],[306,3.880000000000001,0,0,0,0,1,1,1,1]],[3,"New Label",0,1,[-46],[0,"0aqUi4uABBhrCmb3gpwW1W",1,0],[5,109.34,32.76],[-283,-38,0,0,0,0,1,1,1,1]],[1,1,"啊啊啊啊..",24,26,1,1,11,[0]],[2,"bg-shisanshui2",0,1,[[19,1,0,-47,[1]]],[0,"0bsMGbXrtB2L+ItdLb/pIz",1,0],[5,543,120],[47,0,0,0,0,0,1,1,1,1]],[3,"lblTouDao",0,1,[-48],[0,"23ZOgQbgZENoMzmC2VfB4T",1,0],[5,52,34.02],[-150,42.5,0,0,0,0,1,1,1,1]],[1,1,"一对",26,27,1,1,14,[2]],[3,"lblZhongDao",0,1,[-49],[0,"c718sO7u9MtJjpQ97xpuw4",1,0],[5,52,34.02],[-14,42.5,0,0,0,0,1,1,1,1]],[1,1,"一对",26,27,1,1,16,[3]],[3,"lblWeiDao",0,1,[-50],[0,"3alZNytUZOH5gPmtl4g03/",1,0],[5,52,34.02],[142,42.5,0,0,0,0,1,1,1,1]],[1,1,"一对",26,27,1,1,18,[4]],[14,"lblTeShu",false,0,1,[-51],[0,"58Yu4CuIlP966wnc8x+VxX",1,0],[5,52,34.02],[3,42,0,0,0,0,1,1,1,1]],[21,"一对",26,27,1,1,20,[5]],[2,"t_shui",0,1,[[20,-52,[11],12]],[0,"309D84Q+tN76lIUO3jTuIc",1,0],[5,24,24],[238,-36,0,0,0,0,1,1,1,1]],[15,"New Label",0,1,[-53],[0,"0ejYOf7cRJYJ3nMwxmBdgJ",1,0],[5,48.04,50.4],[0,1,0.5],[306,-36,0,0,0,0,1,1,1,1]],[22,1,"-100",24,1,1,23,[13]],[1,1,"中枪x1",23,24,1,1,9,[14]],[1,1,"打枪x1",23,24,1,1,10,[15]]],0,[0,2,1,0,3,26,0,4,25,0,5,7,0,6,6,0,7,5,0,8,4,0,9,21,0,10,19,0,11,17,0,12,15,0,13,24,0,14,12,0,15,3,0,0,1,0,-1,11,0,-2,13,0,-3,14,0,-4,4,0,-5,16,0,-6,5,0,-7,18,0,-8,6,0,-9,20,0,-10,7,0,-11,2,0,-12,22,0,-13,23,0,-14,9,0,-15,10,0,0,2,0,-1,3,0,-2,8,0,0,3,0,0,3,0,0,4,0,0,5,0,0,6,0,0,7,0,0,8,0,0,8,0,-1,25,0,0,9,0,-1,26,0,0,10,0,-1,12,0,0,13,0,-1,15,0,-1,17,0,-1,19,0,-1,21,0,0,22,0,-1,24,0,16,1,53],[0,0,0,0,0,0,0,0,0,0,0,0,0,0,0,0],[-1,-1,-1,-1,-1,-1,-1,1,-1,1,-1,-1,1,-1,-1,-1],[0,0,0,0,0,0,0,1,0,2,0,0,3,0,0,0]],[[{"name":"t_shui","rect":[701,754,24,24],"offset":[0,0],"originalSize":[24,24],"capInsets":[0,0,0,0]}],[5],0,[0],[17],[4]]]]