[1,["a4PREUlq5BkbAzFjFu0vSi","3cN626Cb5HW5TuyMJuhJ+V","11wImbUqlNpbuew71T4JFP","b3uknNyk1ELKR9o5E9N6MF","1dDghHkvZHwLo2MVQUj5eX","2c4cI+7GFGgbw98gGVQ0dy","f0jECPO3xM3KcLpwZrnkab","362oskdhlEpKQAwSc3wt7Z","d6quAVK79NMKBGDdkAXbdF","ee6t+B8PRGGIkasZZgwrL4","4d6JzyntZPZJN6U/6NCNPO","29pC6liSBCzo1TtbdLDltP","ee2+a0RN1KgosD6KdYJbgu","7672IlHmtNiorCp15C00UM","f4myAYQFVJ+JdLQcl+IjNx","5b8rSpmV1Ff6Eu+ZF/KiJM","2dTFcR59BI26AKaGvg0HUw","adO2j1hDRNC4orqdXjvkhX","abqDif+EFBsKPz+/Sry6DP"],["value","_textureSetter","node","_spriteFrame","root","data","_defaultClip"],["cc.SpriteFrame",["cc.Node",["_name","_zIndex","_opacity","_components","_prefab","_contentSize","_parent","_children","_color","_trs"],0,9,4,5,1,2,5,7],["cc.Widget",["_alignFlags","_originalWidth","_originalHeight","node"],0,1],["cc.Sprite",["_sizeMode","node","_spriteFrame"],2,1,6],["cc.Prefab",["_name"],2],["94f45il0OVKmpOjIXdrV34f",["node","touZiSpris"],3,1,3],["cc.Animation",["node","_clips","_defaultClip"],3,1,3,6],["cc.PrefabInfo",["fileId","root","asset"],2,1,1],["cc.AnimationClip",["_name","_duration","sample","events","curveData"],-1,11]],[[7,0,1,2,2],[1,0,1,6,3,4,5,9,3],[3,1,2,1],[4,0,2],[1,0,1,7,3,4,5,3],[1,0,2,1,6,3,4,8,5,4],[2,0,3,2],[2,0,1,2,3,4],[5,0,1,1],[6,0,1,2,1],[3,0,1,2,2],[8,0,1,2,3,4,5]],[[[[3,"touzi"],[4,"touzi",0,[-5,-6,-7],[[6,45,-2],[8,-3,[3,4,5,6,7,8]],[9,-4,[10],9]],[0,"4enakerS9Gu7qhMFW20s59",-1,0],[5,720,1280]],[5,"bg",100,0,1,[[10,0,-8,0],[7,45,2,2,-9]],[0,"80mGJr3WtBBpGhp59WhYYg",1,0],[4,4278190080],[5,720,1280]],[1,"touzi_0",0,1,[[2,-10,1]],[0,"c7D0exEctPH5TbX7TZvtFY",1,0],[5,91,91],[-120,0,0,0,0,0,1,1,1,1]],[1,"touzi_1",0,1,[[2,-11,2]],[0,"7b9+iOHetHT4FLHRJybC75",1,0],[5,91,91],[120,0,0,0,0,0,1,1,1,1]]],0,[0,4,1,0,2,1,0,2,1,0,2,1,0,-1,2,0,-2,3,0,-3,4,0,2,2,0,2,2,0,2,3,0,2,4,0,5,1,11],[0,0,0,0,0,0,0,0,0,0,0],[3,3,3,-1,-2,-3,-4,-5,-6,6,-1],[7,0,0,0,8,9,10,11,12,6,6]],[[{"name":"tsz","rect":[0,0,95,95],"offset":[0,0],"originalSize":[95,95],"capInsets":[0,0,0,0]}],[0],0,[0],[1],[1]],[[{"name":"tsz3","rect":[291,0,95,95],"offset":[0,0],"originalSize":[95,95],"capInsets":[0,0,0,0]}],[0],0,[0],[1],[1]],[[{"name":"t_sz_5","rect":[2,2,91,91],"offset":[0,0],"originalSize":[95,95],"capInsets":[0,0,0,0]}],[0],0,[0],[1],[13]],[[{"name":"tsz2","rect":[194,0,95,95],"offset":[0,0],"originalSize":[95,95],"capInsets":[0,0,0,0]}],[0],0,[0],[1],[1]],[[{"name":"t_sz_4","rect":[2,2,91,91],"offset":[0,0],"originalSize":[95,95],"capInsets":[0,0,0,0]}],[0],0,[0],[1],[14]],[[{"name":"t_sz_1","rect":[2,2,91,91],"offset":[0,0],"originalSize":[95,95],"capInsets":[0,0,0,0]}],[0],0,[0],[1],[15]],[[{"name":"tsz1","rect":[97,0,95,95],"offset":[0,0],"originalSize":[95,95],"capInsets":[0,0,0,0]}],[0],0,[0],[1],[1]],[[{"name":"t_sz_2","rect":[2,2,91,91],"offset":[0,0],"originalSize":[95,95],"capInsets":[0,0,0,0]}],[0],0,[0],[1],[16]],[[{"name":"t_sz_6","rect":[2,2,91,91],"offset":[0,0],"originalSize":[95,95],"capInsets":[0,0,0,0]}],[0],0,[0],[1],[17]],[[{"name":"t_sz_3","rect":[3,2,90,91],"offset":[0.5,0],"originalSize":[95,95],"capInsets":[0,0,0,0]}],[0],0,[0],[1],[18]],[[[11,"TouZi",1.275,40,[{"frame":1.025,"func":"end_0","params":[]},{"frame":1.275,"func":"end_1","params":[]}],[{},"paths",11,[{},"touzi_0",11,[{"props":{"y":[{"frame":0,"value":200,"curve":[0.4,0,0.3980263157894737,0.7039473684210527]},{"frame":0.375,"value":-40,"curve":"cubicOut"},{"frame":0.5,"value":40,"curve":"cubicIn"},{"frame":0.625,"value":0,"curve":"cubicIn"},{"frame":0.7,"value":20,"curve":"cubicOut"},{"frame":0.775,"value":0}]}},"comps",11,[{},"cc.Sprite",11,[{},"spriteFrame",12,[[[{"frame":0},"value",6,0],[{"frame":0.125},"value",6,1],[{"frame":0.25},"value",6,2],[{"frame":0.375},"value",6,3],[{"frame":0.5},"value",6,4],[{"frame":0.625},"value",6,5],[{"frame":0.75},"value",6,6],[{"frame":0.875},"value",6,7],[{"frame":1},"value",6,8]],11,11,11,11,11,11,11,11,11]]]],"touzi_1",11,[{"props":{"y":[{"frame":0.25,"value":240},{"frame":0.625,"value":0},{"frame":0.75,"value":80},{"frame":0.875,"value":40},{"frame":0.95,"value":60},{"frame":1.025,"value":40}]}},"comps",11,[{},"cc.Sprite",11,[{},"spriteFrame",12,[[[{"frame":0.25},"value",6,9],[{"frame":0.375},"value",6,10],[{"frame":0.5},"value",6,11],[{"frame":0.625},"value",6,12],[{"frame":0.75},"value",6,13],[{"frame":0.875},"value",6,14],[{"frame":1},"value",6,15],[{"frame":1.125},"value",6,16],[{"frame":1.25},"value",6,17]],11,11,11,11,11,11,11,11,11]]]]]]]],0,0,[0,0,0,0,0,0,0,0,0,0,0,0,0,0,0,0,0,0],[0,0,0,0,0,0,0,0,0,0,0,0,0,0,0,0,0,0],[0,2,3,4,5,2,3,4,5,0,2,3,4,5,2,3,4,5]]]]