[1,0,0,[["cc.AnimationClip",["_name","_duration","sample","wrapMode","curveData"],-2]],[[0,0,1,2,3,4,6]],[[0,"zi",1.6666666666666667,30,"2",{"paths":{"deng":{"props":{"y":[{"frame":0,"value":0},{"frame":0.16666666666666666,"value":15},{"frame":0.3333333333333333,"value":0}]}},"dai":{"props":{"y":[{"frame":0.16666666666666666,"value":0},{"frame":0.3333333333333333,"value":15},{"frame":0.5,"value":0}]}},"qi":{"props":{"y":[{"frame":0.3333333333333333,"value":0},{"frame":0.5,"value":15},{"frame":0.6666666666666666,"value":0}]}},"ta":{"props":{"y":[{"frame":0.5,"value":0},{"frame":0.6666666666666666,"value":15},{"frame":0.8333333333333334,"value":0}]}},"wan":{"props":{"y":[{"frame":0.6666666666666666,"value":0},{"frame":0.8333333333333334,"value":15},{"frame":1,"value":0}]}},"jia":{"props":{"y":[{"frame":0.8333333333333334,"value":0},{"frame":1,"value":15},{"frame":1.1666666666666667,"value":0}]}},"dian":{"props":{"y":[{"frame":1,"value":-15},{"frame":1.1666666666666667,"value":0},{"frame":1.3333333333333333,"value":-15}]}},"dian2":{"props":{"y":[{"frame":1.1666666666666667,"value":-15},{"frame":1.3333333333333333,"value":0},{"frame":1.5,"value":-15}]}},"dian3":{"props":{"y":[{"frame":1.3333333333333333,"value":-15},{"frame":1.5,"value":0},{"frame":1.6666666666666667,"value":-15}]}}}}]],0,0,[],[],[]]