[1,["1d7c846ac","11cbedeb1","362oskdhlEpKQAwSc3wt7Z","0fjFdrYO5FSoY8r2ujnyBu","88PYE22dZC6rDKIl12YLvp","21LhkGkPBPa7zsqKWTyYU/","56MaDxOApAobSe8cj8Crvl"],["node","_spriteFrame","_textureSetter","root","Lbl_Content","data"],[["cc.Node",["_name","_zIndex","_opacity","_components","_prefab","_contentSize","_parent","_children","_trs","_color"],0,9,4,5,1,2,7,5],"cc.SpriteFrame",["cc.Sprite",["_sizeMode","_type","node","_spriteFrame"],1,1,6],["cc.Widget",["_alignFlags","_originalWidth","_originalHeight","node"],0,1],["cc.Label",["_srcBlendFactor","_string","_N$horizontalAlign","_N$verticalAlign","_fontSize","_lineHeight","node"],-3,1],["cc.Prefab",["_name","optimizationPolicy"],1],["cc.Node",["_name","_zIndex","_parent","_components","_prefab","_contentSize"],1,1,2,4,5],["6a69aJjJGVMdpQyqsWawBcI",["node","Lbl_Content"],3,1,1],["cc.PrefabInfo",["fileId","root"],2,1],["cc.BlockInputEvents",["node"],3,1],["cc.Button",["zoomScale","_N$transition","node","clickEvents","_N$normalColor"],1,1,9,5],["cc.ClickEvent",["_componentId","handler","customEventData","target"],0,1],["cc.LabelOutline",["_width","node","_color"],2,1,5]],[[8,0,1,2],[0,0,1,6,7,3,4,5,8,3],[4,0,1,2,3,6,5],[0,0,1,6,3,4,5,3],[2,1,0,2,3,3],[2,2,3,1],[10,0,1,2,3,4,3],[11,0,1,2,3,4],[12,0,1,2,2],[5,0,1,3],[0,0,1,7,3,4,5,8,3],[0,0,1,6,7,3,4,5,3],[0,0,2,1,6,3,4,9,5,4],[0,0,1,6,3,4,9,5,8,3],[6,0,1,2,3,4,5,3],[3,0,3,2],[3,0,1,2,3,4],[7,0,1,1],[2,0,2,3,2],[9,0,1],[4,0,1,4,5,2,3,6,7]],[[[{"name":"bg_cd_p10","rect":[436,3,150,73],"offset":[0,0],"originalSize":[152,75],"rotated":1,"capInsets":[32,30,32,30]}],[1],0,[0],[2],[0]],[[{"name":"bt_p10_tpjj_ty","rect":[94,288,243,83],"offset":[0,0],"originalSize":[245,85],"rotated":1,"capInsets":[0,0,0,0]}],[1],0,[0],[2],[1]],[[{"name":"bg_p10_tpjj","rect":[140,81,66,116],"offset":[0,1],"originalSize":[68,120],"rotated":1,"capInsets":[30,30,30,30]}],[1],0,[0],[2],[0]],[[{"name":"bt_p10_tpjj_jj","rect":[3,288,245,85],"offset":[0,0],"originalSize":[245,85],"rotated":1,"capInsets":[0,0,0,0]}],[1],0,[0],[2],[1]],[[[9,"AATipsView",1],[10,"AATipsView",0,[-5,-6],[[15,45,-2],[17,-4,-3]],[0,"cam8xupx5JJ71ZYF1UrRjE",-1],[5,720,1280],[360,640,0,0,0,0,1,1,1,1]],[11,"content",0,1,[-8,-9,-10,-11],[[4,1,0,-7,4]],[0,"05QM/6WqFJL4l1AxQqxrQw",1],[5,540,440]],[12,"bg",100,0,1,[[18,0,-12,0],[19,-13],[16,45,2400,2400,-14]],[0,"53gWhr9nFGuKB0GLq5ausj",1],[4,4278190080],[5,720,1280]],[1,"BT_QX",0,2,[-17],[[5,-15,2],[6,1.1,3,-16,[[7,"6a69aJjJGVMdpQyqsWawBcI","onBtnClicked","0",1]],[4,4292269782]]],[0,"edyDpEtAxFIK54ZTu8dOGa",1],[5,245,85],[-126,-158,0,0,0,0,1,1,1,1]],[1,"BT_QD",0,2,[-20],[[5,-18,3],[6,1.1,3,-19,[[7,"6a69aJjJGVMdpQyqsWawBcI","onBtnClicked","1",1]],[4,4292269782]]],[0,"595yDVIuRCv6rfP2t9MzRU",1],[5,245,85],[126,-158,0,0,0,0,1,1,1,1]],[1,"bg_cd_p10",0,2,[-22],[[4,1,0,-21,1]],[0,"68SWrcbvtKAaphLCRGXfmM",1],[5,500,220],[0,12,0,0,0,0,1,1,1,1]],[3,"New Label",0,4,[[2,1,"取    消",1,1,-23],[8,1.5,-24,[4,4284650024]]],[0,"af8qrGclhEF6dtz2rWrCj+",1],[5,127.45,40]],[3,"New Label",0,5,[[2,1,"确   定",1,1,-25],[8,1.5,-26,[4,4278365695]]],[0,"06cEw6xPpAAaLq2wmgMZnd",1],[5,116.34,40]],[13,"New Label",0,2,[[2,1,"温馨提示",1,1,-27]],[0,"81nOQ6p5VPRZsx35a83Z/T",1],[4,4278197598],[5,160,40],[0,164,0,0,0,0,1,1,1,1]],[14,"New Label",0,6,[-28],[0,"07qPDLBZtNo4YAJ27t8U+i",1],[5,369.8,162]],[20,1,"本局游戏AA支付\n参与游戏需要扣除1张房卡\n牌局取消将会退换",32,54,1,1,10]],0,[0,3,1,0,0,1,0,4,11,0,0,1,0,-1,3,0,-2,2,0,0,2,0,-1,9,0,-2,6,0,-3,4,0,-4,5,0,0,3,0,0,3,0,0,3,0,0,4,0,0,4,0,-1,7,0,0,5,0,0,5,0,-1,8,0,0,6,0,-1,10,0,0,7,0,0,7,0,0,8,0,0,8,0,0,9,0,-1,11,0,5,1,28],[0,0,0,0,0],[1,1,1,1,1],[2,3,4,5,6]]]]