[1,["1d7c846ac","ecpdLyjvZBwrvm+cedCcQy","22qdRQfDBNM7BlRr1PSKpq"],["node","_textureSetter","root","data","_spriteFrame"],["cc.SpriteFrame",["cc.Prefab",["_name"],2],["cc.Node",["_name","_zIndex","_components","_prefab","_contentSize","_trs"],1,9,4,5,7],["cc.Sprite",["node","_materials","_spriteFrame"],3,1,3,6],["cc.Widget",["_alignFlags","node"],2,1],["cc.PrefabInfo",["root","asset"],3,1,1]],[[1,0,2],[2,0,1,2,3,4,5,3],[3,0,1,2,1],[4,0,1,2],[5,0,1,1]],[[[{"name":"t_yxzm_gzz","rect":[140,3,290,72],"offset":[0,0],"originalSize":[300,72],"capInsets":[0,0,0,0]}],[0],0,[0],[1],[0]],[[[0,"guanzhan"],[1,"guanzhan",0,[[2,-2,[0],1],[3,1,-3]],[4,-1,0],[5,290,72],[0,604,0,0,0,0,1,1,1,1]]],0,[0,2,1,0,0,1,0,0,1,0,3,1,3],[0,0],[-1,4],[1,2]]]]