[1,["ecpdLyjvZBwrvm+cedCcQy","1aff927db","1cb5c11d5","5aHvEoEAxG44AKYwUrDyhY","1efe252ae","caGQr8yWlFwYi4YFHAnjR8","3fVCZJpEJDWY4u3SkxyEgV","f49w+bHKVC3r4WvsIPe0gt","37NBU5OMJKj6FfsrZ6PO+d","2aXsmkV4ZG17qK7OLYgzhd","f7Sn2rva1IWLwZ0axLWaOp","9fCz9Gs31F+LkqjenI9txL","f4P7W3iU9GHoLmu1g2q/W9","caBFW0nm5LjJh8I9heJBmN"],["_textureSetter","node","_spriteFrame","root","icnTag","lblWin","lblRule","lblTime","lblTitle","icnGame","data"],["cc.SpriteFrame",["cc.Label",["_srcBlendFactor","_fontSize","_lineHeight","_N$verticalAlign","_string","_N$overflow","_N$horizontalAlign","_styleFlags","node","_materials"],-5,1,3],["cc.Sprite",["_sizeMode","_type","node","_materials","_spriteFrame"],1,1,3,6],["cc.Node",["_name","_zIndex","_components","_prefab","_contentSize","_anchorPoint","_children","_parent","_color","_trs"],1,9,4,5,5,2,1,5,7],["cc.Node",["_name","_zIndex","_parent","_components","_prefab","_contentSize","_trs","_color","_anchorPoint"],1,1,2,4,5,7,5,5],["cc.PrefabInfo",["fileId","root","asset"],2,1,1],["cc.Prefab",["_name"],2],["14f44p2vSZOQqOIdgvMGC9V",["node","icnGame","icnGames","lblTitle","lblTime","lblRule","lblWin","icnTag","icnTagF"],3,1,1,3,1,1,1,1,1,3]],[[5,0,1,2,2],[4,0,1,2,3,4,7,5,8,6,3],[3,0,1,7,2,3,8,4,5,9,3],[1,0,4,1,2,6,3,8,9,7],[4,0,1,2,3,4,5,6,3],[1,0,4,1,2,3,5,8,9,7],[6,0,2],[3,0,1,6,2,3,4,5,3],[2,1,0,2,3,4,3],[2,0,2,3,2],[2,2,3,1],[7,0,1,2,3,4,5,6,7,8,1],[5,1,2,1],[1,0,1,2,6,3,8,9,6],[1,0,4,1,2,7,3,5,8,9,8]],[[[{"name":"lobby-item-icon-nn12","rect":[809,586,144,144],"offset":[0,0],"originalSize":[144,144],"capInsets":[0,0,0,0]}],[0],0,[0],[0],[4]],[[{"name":"lobby-item-icon-nn2","rect":[790,3,144,144],"offset":[0,0],"originalSize":[144,144],"capInsets":[0,0,0,0]}],[0],0,[0],[0],[1]],[[{"name":"lobby-item-icon-zjh","rect":[790,153,144,144],"offset":[0,0],"originalSize":[144,144],"capInsets":[0,0,0,0]}],[0],0,[0],[0],[1]],[[{"name":"lobby-item-icon-ddz","rect":[790,303,144,144],"offset":[0,0],"originalSize":[144,144],"capInsets":[0,0,0,0]}],[0],0,[0],[0],[1]],[[{"name":"lobby-item-icon-xzdd","rect":[790,453,144,144],"offset":[0,0],"originalSize":[144,144],"capInsets":[0,0,0,0]}],[0],0,[0],[0],[1]],[[{"name":"t_yxzj_js","rect":[888,932,58,29],"offset":[0,0],"originalSize":[58,29],"rotated":1,"capInsets":[0,0,0,0]}],[0],0,[0],[0],[2]],[[{"name":"t_yxzj_jx","rect":[923,932,58,29],"offset":[0,0],"originalSize":[58,29],"capInsets":[0,0,0,0]}],[0],0,[0],[0],[2]],[[{"name":"lobby-item-icon-zjh9","rect":[585,585,144,144],"offset":[0,0],"originalSize":[144,144],"capInsets":[0,0,0,0]}],[0],0,[0],[0],[1]],[[{"name":"lobby-item-icon-fzsss","rect":[735,603,144,144],"offset":[0,0],"originalSize":[144,144],"capInsets":[0,0,0,0]}],[0],0,[0],[0],[1]],[[[6,"RecordListItem"],[7,"RecordListItem",0,[-10,-11,-12,-13,-14,-15,-16,-17,-18],[[8,1,0,-2,[9],10],[11,-9,-8,[11,12,13,14,15,16,17],-7,-6,-5,-4,-3,[18,19]]],[12,-1,0],[5,616,210],[0,0.5,1]],[4,"gameIcn",0,1,[-19],[0,"1eFOqPbCBElbwCLgqTq7Nb",1,0],[5,166,166],[-202,-105,0,0,0,0,1,1,1,1]],[9,0,2,[0]],[1,"title",0,1,[-20],[0,"7e8kmErddMubMRjudBYgAk",1,0],[4,4278190080],[5,323,32],[0,0,0.5],[-106,-38,0,0,0,0,1,1,1,1]],[5,1,"嗯。的斗地主局",30,32,1,2,4,[1]],[2,"New Label",0,1,[[3,1,"时间：",25,25,1,1,-21,[2]]],[0,"26dWerWKNJ7JusTnSdOJSl",1,0],[4,4278190080],[5,75,31.5],[0,0,0.5],[-105,-82,0,0,0,0,1,1,1,1]],[1,"time",0,1,[-22],[0,"0bra33F5BAAqJdKfKXitys",1,0],[4,4278190080],[5,0,31.5],[0,0,0.5],[-30,-82,0,0,0,0,1,1,1,1]],[13,1,25,25,1,1,7,[3]],[2,"New Label",0,1,[[3,1,"房号: ",25,25,1,1,-23,[4]]],[0,"1fOHicFjJD+b4kbtG3xDc9",1,0],[4,4278190080],[5,63.89,31.5],[0,0,0.5],[-105,-126,0,0,0,0,1,1,1,1]],[1,"roomId",0,1,[-24],[0,"8cDVeCwhdN+rzz7ni8MTSV",1,0],[4,4278190080],[5,346,31.5],[0,0,0.5],[-30,-126,0,0,0,0,1,1,1,1]],[5,1,"牛牛玩法牛牛玩",25,25,1,3,10,[5]],[2,"New Label",0,1,[[3,1,"盈亏: ",25,25,1,1,-25,[6]]],[0,"fbw+12PVVNxabvXeMZBbPB",1,0],[4,4278190080],[5,63.89,31.5],[0,0,0.5],[-105,-175,0,0,0,0,1,1,1,1]],[1,"win",0,1,[-26],[0,"66fNa6CvFMVJ4at8Hd4LYQ",1,0],[4,4278190080],[5,346,32.76],[0,0,0.5],[-30,-175,0,0,0,0,1,1,1,1]],[14,1,"0",26,26,1,1,3,13,[7]],[4,"state",0,1,[-27],[0,"6aINV0YcxLeIENd5s3B1v8",1,0],[5,58,29],[254,-35,0,0,0,0,1,1.3,1.3,1]],[10,15,[8]]],0,[0,3,1,0,1,1,0,4,16,0,5,14,0,6,11,0,7,8,0,8,5,0,9,3,0,1,1,0,-1,2,0,-2,4,0,-3,6,0,-4,7,0,-5,9,0,-6,10,0,-7,12,0,-8,13,0,-9,15,0,-1,3,0,-1,5,0,1,6,0,-1,8,0,1,9,0,-1,11,0,1,12,0,-1,14,0,-1,16,0,10,1,27],[0,0,0,0,0,0,0,0,0,0,0,0,0,0,0,0,0,0,0,0,3],[-1,-1,-1,-1,-1,-1,-1,-1,-1,-1,2,-1,-2,-3,-4,-5,-6,-7,-1,-2,2],[0,0,0,0,0,0,0,0,0,0,5,6,7,8,9,10,3,11,12,13,3]]]]