[1,["15aea004b"],["_textureSetter"],["cc.SpriteFrame"],0,[[[{"name":"t_mj_sl","rect":[933,718,82,47],"offset":[0,0],"originalSize":[82,47],"capInsets":[0,0,0,0]}],[0],0,[0],[0],[0]],[[{"name":"head1","rect":[689,209,100,100],"offset":[0,0],"originalSize":[100,100],"capInsets":[0,0,0,0]}],[0],0,[0],[0],[0]],[[{"name":"t_mj_sb","rect":[975,427,82,46],"offset":[0,0.5],"originalSize":[82,47],"rotated":1,"capInsets":[0,0,0,0]}],[0],0,[0],[0],[0]],[[{"name":"action_pai_bg","rect":[933,771,57,75],"offset":[0,0],"originalSize":[57,75],"capInsets":[19,23,22,29]}],[0],0,[0],[0],[0]]]]