[1,["c5NtxWovhMe5AK8MLeJS7t","86tCbBX2NKNoynslm8Ldm9","e8JGTx6ppIeJ5H7k0jSIN/","1dOLltiE9Em72Z8TFANSKR","efiLdUyA9ObZnRUKTNeKyL","93XPO5SKhGvYR1Lt7wAfVU","f416A+Q2VIpKxCPOdUWflM","few7CFWnlIUZ29fGai/fiY","b0NP6DpH9Hp5cegYQfaP7+","101LVNB5NOcY0sCLWxB0II","369sHXtxNHjJjUJvj+Agmq","27j97nEeJBCLuHpODYDl63","d8bAs7nV9KJ4kJ9vYiGUFq","75RscMHRtE9ZnYFAJ1ZkHG","40rjsH6udMH4O4D23ni6on","acGakgNLRAX65XiJRQaxAn","df+i1fCp1O2Yd5l2R/Qm/K","d9GDQtfAxPWJMkjZn/1AYw","b7eIy212xNCqrUNDXZyQm+","eepoKL2LhGXrlz6EC77+03","360LKKipdKzptg8cRZ8asT","b2cvQjobRL76iqgUPEOyOk","e4Tq1ltNlL7oT36D0Uf117","30+YP12tFG9r2e3N1qqO1L","87E7PjQ4pGIaQu6iDTxIGS","416HVSjppJL60QU0wYsfFS","60ME5T9pZDoLKbhHgcOd0M","45Yj1QyNdEVqHhc2yqFCkJ","0bQr2gg+1CuparpsC9T0uv","cctLX60fZN7aR+OGOsVZdR","danl6L5s5GsISPIdpBZZQr","66sRdGkrhJ0K7766zSNP0H","e8e+Z5XG9FuKO9rRs+G+Gg","a0yBd+7dpFnIviEBq/73Tg","d0LuPNrxVNIpTbQRp819im","9aqrf/dBtEbJ69mhyzt40E","3bmum//VZC+IGm1WaUtrAT","ddoeGSSyRDA6tk4SM8n+s8","a1gHO7Q65K1I5Z+xQPZym8","b82hEyZvNOfLWtADXcNeBs","90VVTZV3tB5ZB+hal+Q1U9","fa6m6+zTlJP65ng+PJCQ53","00FitGfwpNSqTGEFpnXA0U","88eE/38fRKL4J09Axw4BIc","7bwU4vxRBOqJj4Hg5rfx85","3fqNOSggtO97zMu5rl3MVx","feI64Bb1VPE6KlHKKhJRRY","821145DuVBs62NEQq/iJ3T","eb6UJ/yu5OnIt6BmS2k73f","77llh+iI9Jx58IKddrZFmP","c1nmE6detIZY4GwwxvX0q6","4cEGGu9mBP1rMqJQE6dx3u","75BpECgCxE9YT8nxl8gAD3","17BiAcFk1IW5PgP4pLy1AB","589vQ8P0tNbpXbQ6BpBkBf","d7picVjztHi5XL39soLcgX","ddbG4f0adFqJSZgOpEAve5","3c8uLMgIFAk4zYd2FcvPr7","67qICObTxA949+IEyH8o3o","78fwHD7ChMm6NVe2dthSsY","0aMlDy/45DM6mIwv0ZoUT6","09NUcCPChBVbHFMFwF3t3u","3fPU9pPxZEc5SeLLDX4dN1","88ymBuyYNP6IB6qRKtbKks","b0Uj06yDJLRKt2zzAMbOIc","f89LXANg1NS5jyy2hrPwKm","16U0/FqHdPcoByOKaGnUpS","efxtfUYLdIcLCt6ESOcmZN","b4WG667NZJz41I/DWKG8Il","23lax5TYBEspXqWfgvcrsX","92+jJN3o9OooI3y82JZ5iA","e0wspqySFIvqaZM1QLO9G7","8aNU3iKkJF+5P1GVA74BFv","aaIBRSi5lCZ7RNteBWXI4c","0a7xlIBXFMuquzJIpU6SA+","37X8G6GMlHZ4XmK77ayFg8","1aaBiIlCxM47rSqf18093H","2b0yhJIu1DYIPQSwjLKadx","493vKDx1BFTLW9aQodPTI5"],["_textureSetter","E1","E10","E11","E12","E13","E2","E3","E4","E5","E6","E7","E8","E9","F1","F10","F11","F12","F13","F2","F3","F4","F5","F6","F7","F8","F9","G1","G10","G11","G12","G13","G2","G3","G4","G5","G6","G7","G8","G9","H1","H10","H11","H12","H13","H2","H3","H4","H5","H6","H7","H8","H9","S1","S10","S11","S12","S13","S2","S3","S4","S5","S6","S7","S8","S9","T1","T10","T11","T12","T13","T2","T3","T4","T5","T6","T7","T8","T9"],["cc.SpriteFrame",["cc.SpriteAtlas",["_name","_spriteFrames"],2,11]],[[1,0,1,2]],[[[{"name":"H11","rect":[128,857,124,169],"offset":[0,0],"originalSize":[124,169],"capInsets":[0,0,0,0]}],[0],0,[0],[0],[0]],[[{"name":"S5","rect":[506,1199,124,169],"offset":[0,0],"originalSize":[124,169],"capInsets":[0,0,0,0]}],[0],0,[0],[0],[0]],[[{"name":"S4","rect":[380,1199,124,169],"offset":[0,0],"originalSize":[124,169],"capInsets":[0,0,0,0]}],[0],0,[0],[0],[0]],[[{"name":"T5","rect":[128,1541,124,169],"offset":[0,0],"originalSize":[124,169],"capInsets":[0,0,0,0]}],[0],0,[0],[0],[0]],[[{"name":"G10","rect":[380,515,124,169],"offset":[0,0],"originalSize":[124,169],"capInsets":[0,0,0,0]}],[0],0,[0],[0],[0]],[[{"name":"E5","rect":[2,173,124,169],"offset":[0,0],"originalSize":[124,169],"capInsets":[0,0,0,0]}],[0],0,[0],[0],[0]],[[{"name":"T1","rect":[128,1370,124,169],"offset":[0,0],"originalSize":[124,169],"capInsets":[0,0,0,0]}],[0],0,[0],[0],[0]],[[{"name":"S1","rect":[506,1028,124,169],"offset":[0,0],"originalSize":[124,169],"capInsets":[0,0,0,0]}],[0],0,[0],[0],[0]],[[[0,"other.plist",[{},"E1",6,0,"E10",6,1,"E11",6,2,"E12",6,3,"E13",6,4,"E2",6,5,"E3",6,6,"E4",6,7,"E5",6,8,"E6",6,9,"E7",6,10,"E8",6,11,"E9",6,12,"F1",6,13,"F10",6,14,"F11",6,15,"F12",6,16,"F13",6,17,"F2",6,18,"F3",6,19,"F4",6,20,"F5",6,21,"F6",6,22,"F7",6,23,"F8",6,24,"F9",6,25,"G1",6,26,"G10",6,27,"G11",6,28,"G12",6,29,"G13",6,30,"G2",6,31,"G3",6,32,"G4",6,33,"G5",6,34,"G6",6,35,"G7",6,36,"G8",6,37,"G9",6,38,"H1",6,39,"H10",6,40,"H11",6,41,"H12",6,42,"H13",6,43,"H2",6,44,"H3",6,45,"H4",6,46,"H5",6,47,"H6",6,48,"H7",6,49,"H8",6,50,"H9",6,51,"S1",6,52,"S10",6,53,"S11",6,54,"S12",6,55,"S13",6,56,"S2",6,57,"S3",6,58,"S4",6,59,"S5",6,60,"S6",6,61,"S7",6,62,"S8",6,63,"S9",6,64,"T1",6,65,"T10",6,66,"T11",6,67,"T12",6,68,"T13",6,69,"T2",6,70,"T3",6,71,"T4",6,72,"T5",6,73,"T6",6,74,"T7",6,75,"T8",6,76,"T9",6,77]]],0,0,[0,0,0,0,0,0,0,0,0,0,0,0,0,0,0,0,0,0,0,0,0,0,0,0,0,0,0,0,0,0,0,0,0,0,0,0,0,0,0,0,0,0,0,0,0,0,0,0,0,0,0,0,0,0,0,0,0,0,0,0,0,0,0,0,0,0,0,0,0,0,0,0,0,0,0,0,0,0],[1,2,3,4,5,6,7,8,9,10,11,12,13,14,15,16,17,18,19,20,21,22,23,24,25,26,27,28,29,30,31,32,33,34,35,36,37,38,39,40,41,42,43,44,45,46,47,48,49,50,51,52,53,54,55,56,57,58,59,60,61,62,63,64,65,66,67,68,69,70,71,72,73,74,75,76,77,78],[1,2,3,4,5,6,7,8,9,10,11,12,13,14,15,16,17,18,19,20,21,22,23,24,25,26,27,28,29,30,31,32,33,34,35,36,37,38,39,40,41,42,43,44,45,46,47,48,49,50,51,52,53,54,55,56,57,58,59,60,61,62,63,64,65,66,67,68,69,70,71,72,73,74,75,76,77,78]],[[{"name":"T7","rect":[380,1541,124,169],"offset":[0,0],"originalSize":[124,169],"capInsets":[0,0,0,0]}],[0],0,[0],[0],[0]],[[{"name":"E11","rect":[254,2,124,169],"offset":[0,0],"originalSize":[124,169],"capInsets":[0,0,0,0]}],[0],0,[0],[0],[0]],[[{"name":"T12","rect":[506,1370,124,169],"offset":[0,0],"originalSize":[124,169],"capInsets":[0,0,0,0]}],[0],0,[0],[0],[0]],[[{"name":"E7","rect":[254,173,124,169],"offset":[0,0],"originalSize":[124,169],"capInsets":[0,0,0,0]}],[0],0,[0],[0],[0]],[[{"name":"T8","rect":[506,1541,124,169],"offset":[0,0],"originalSize":[124,169],"capInsets":[0,0,0,0]}],[0],0,[0],[0],[0]],[[{"name":"F6","rect":[758,344,124,169],"offset":[0,0],"originalSize":[124,169],"capInsets":[0,0,0,0]}],[0],0,[0],[0],[0]],[[{"name":"F3","rect":[380,344,124,169],"offset":[0,0],"originalSize":[124,169],"capInsets":[0,0,0,0]}],[0],0,[0],[0],[0]],[[{"name":"E6","rect":[128,173,124,169],"offset":[0,0],"originalSize":[124,169],"capInsets":[0,0,0,0]}],[0],0,[0],[0],[0]],[[{"name":"T6","rect":[254,1541,124,169],"offset":[0,0],"originalSize":[124,169],"capInsets":[0,0,0,0]}],[0],0,[0],[0],[0]],[[{"name":"G6","rect":[380,686,124,169],"offset":[0,0],"originalSize":[124,169],"capInsets":[0,0,0,0]}],[0],0,[0],[0],[0]],[[{"name":"S13","rect":[2,1199,124,169],"offset":[0,0],"originalSize":[124,169],"capInsets":[0,0,0,0]}],[0],0,[0],[0],[0]],[[{"name":"S6","rect":[632,1199,124,169],"offset":[0,0],"originalSize":[124,169],"capInsets":[0,0,0,0]}],[0],0,[0],[0],[0]],[[{"name":"H2","rect":[506,857,124,169],"offset":[0,0],"originalSize":[124,169],"capInsets":[0,0,0,0]}],[0],0,[0],[0],[0]],[[{"name":"F1","rect":[632,173,124,169],"offset":[0,0],"originalSize":[124,169],"capInsets":[0,0,0,0]}],[0],0,[0],[0],[0]],[[{"name":"F8","rect":[2,515,124,169],"offset":[0,0],"originalSize":[124,169],"capInsets":[0,0,0,0]}],[0],0,[0],[0],[0]],[[{"name":"G1","rect":[254,515,124,169],"offset":[0,0],"originalSize":[124,169],"capInsets":[0,0,0,0]}],[0],0,[0],[0],[0]],[[{"name":"T9","rect":[632,1541,124,169],"offset":[0,0],"originalSize":[124,169],"capInsets":[0,0,0,0]}],[0],0,[0],[0],[0]],[[{"name":"H8","rect":[254,1028,124,169],"offset":[0,0],"originalSize":[124,169],"capInsets":[0,0,0,0]}],[0],0,[0],[0],[0]],[[{"name":"S10","rect":[632,1028,124,169],"offset":[0,0],"originalSize":[124,169],"capInsets":[0,0,0,0]}],[0],0,[0],[0],[0]],[[{"name":"F9","rect":[128,515,124,169],"offset":[0,0],"originalSize":[124,169],"capInsets":[0,0,0,0]}],[0],0,[0],[0],[0]],[[{"name":"G13","rect":[758,515,124,169],"offset":[0,0],"originalSize":[124,169],"capInsets":[0,0,0,0]}],[0],0,[0],[0],[0]],[[{"name":"S2","rect":[128,1199,124,169],"offset":[0,0],"originalSize":[124,169],"capInsets":[0,0,0,0]}],[0],0,[0],[0],[0]],[[{"name":"H9","rect":[380,1028,124,169],"offset":[0,0],"originalSize":[124,169],"capInsets":[0,0,0,0]}],[0],0,[0],[0],[0]],[[{"name":"E9","rect":[506,173,124,169],"offset":[0,0],"originalSize":[124,169],"capInsets":[0,0,0,0]}],[0],0,[0],[0],[0]],[[{"name":"H6","rect":[2,1028,124,169],"offset":[0,0],"originalSize":[124,169],"capInsets":[0,0,0,0]}],[0],0,[0],[0],[0]],[[{"name":"S3","rect":[254,1199,124,169],"offset":[0,0],"originalSize":[124,169],"capInsets":[0,0,0,0]}],[0],0,[0],[0],[0]],[[{"name":"H13","rect":[380,857,124,169],"offset":[0,0],"originalSize":[124,169],"capInsets":[0,0,0,0]}],[0],0,[0],[0],[0]],[[{"name":"H4","rect":[758,857,124,169],"offset":[0,0],"originalSize":[124,169],"capInsets":[0,0,0,0]}],[0],0,[0],[0],[0]],[[{"name":"E1","rect":[2,2,124,169],"offset":[0,0],"originalSize":[124,169],"capInsets":[0,0,0,0]}],[0],0,[0],[0],[0]],[[{"name":"F7","rect":[884,344,124,169],"offset":[0,0],"originalSize":[124,169],"capInsets":[0,0,0,0]}],[0],0,[0],[0],[0]],[[{"name":"H12","rect":[254,857,124,169],"offset":[0,0],"originalSize":[124,169],"capInsets":[0,0,0,0]}],[0],0,[0],[0],[0]],[[{"name":"S7","rect":[758,1199,124,169],"offset":[0,0],"originalSize":[124,169],"capInsets":[0,0,0,0]}],[0],0,[0],[0],[0]],[[{"name":"T3","rect":[884,1370,124,169],"offset":[0,0],"originalSize":[124,169],"capInsets":[0,0,0,0]}],[0],0,[0],[0],[0]],[[{"name":"H1","rect":[884,686,124,169],"offset":[0,0],"originalSize":[124,169],"capInsets":[0,0,0,0]}],[0],0,[0],[0],[0]],[[{"name":"T13","rect":[632,1370,124,169],"offset":[0,0],"originalSize":[124,169],"capInsets":[0,0,0,0]}],[0],0,[0],[0],[0]],[[{"name":"E13","rect":[506,2,124,169],"offset":[0,0],"originalSize":[124,169],"capInsets":[0,0,0,0]}],[0],0,[0],[0],[0]],[[{"name":"G5","rect":[254,686,124,169],"offset":[0,0],"originalSize":[124,169],"capInsets":[0,0,0,0]}],[0],0,[0],[0],[0]],[[{"name":"G3","rect":[2,686,124,169],"offset":[0,0],"originalSize":[124,169],"capInsets":[0,0,0,0]}],[0],0,[0],[0],[0]],[[{"name":"G8","rect":[632,686,124,169],"offset":[0,0],"originalSize":[124,169],"capInsets":[0,0,0,0]}],[0],0,[0],[0],[0]],[[{"name":"T4","rect":[2,1541,124,169],"offset":[0,0],"originalSize":[124,169],"capInsets":[0,0,0,0]}],[0],0,[0],[0],[0]],[[{"name":"F10","rect":[758,173,124,169],"offset":[0,0],"originalSize":[124,169],"capInsets":[0,0,0,0]}],[0],0,[0],[0],[0]],[[{"name":"E4","rect":[884,2,124,169],"offset":[0,0],"originalSize":[124,169],"capInsets":[0,0,0,0]}],[0],0,[0],[0],[0]],[[{"name":"S8","rect":[884,1199,124,169],"offset":[0,0],"originalSize":[124,169],"capInsets":[0,0,0,0]}],[0],0,[0],[0],[0]],[[{"name":"F4","rect":[506,344,124,169],"offset":[0,0],"originalSize":[124,169],"capInsets":[0,0,0,0]}],[0],0,[0],[0],[0]],[[{"name":"T11","rect":[380,1370,124,169],"offset":[0,0],"originalSize":[124,169],"capInsets":[0,0,0,0]}],[0],0,[0],[0],[0]],[[{"name":"F13","rect":[128,344,124,169],"offset":[0,0],"originalSize":[124,169],"capInsets":[0,0,0,0]}],[0],0,[0],[0],[0]],[[{"name":"G9","rect":[758,686,124,169],"offset":[0,0],"originalSize":[124,169],"capInsets":[0,0,0,0]}],[0],0,[0],[0],[0]],[[{"name":"H7","rect":[128,1028,124,169],"offset":[0,0],"originalSize":[124,169],"capInsets":[0,0,0,0]}],[0],0,[0],[0],[0]],[[{"name":"G11","rect":[506,515,124,169],"offset":[0,0],"originalSize":[124,169],"capInsets":[0,0,0,0]}],[0],0,[0],[0],[0]],[[{"name":"G4","rect":[128,686,124,169],"offset":[0,0],"originalSize":[124,169],"capInsets":[0,0,0,0]}],[0],0,[0],[0],[0]],[[{"name":"S11","rect":[758,1028,124,169],"offset":[0,0],"originalSize":[124,169],"capInsets":[0,0,0,0]}],[0],0,[0],[0],[0]],[[{"name":"E8","rect":[380,173,124,169],"offset":[0,0],"originalSize":[124,169],"capInsets":[0,0,0,0]}],[0],0,[0],[0],[0]],[[{"name":"F12","rect":[2,344,124,169],"offset":[0,0],"originalSize":[124,169],"capInsets":[0,0,0,0]}],[0],0,[0],[0],[0]],[[{"name":"G12","rect":[632,515,124,169],"offset":[0,0],"originalSize":[124,169],"capInsets":[0,0,0,0]}],[0],0,[0],[0],[0]],[[{"name":"S12","rect":[884,1028,124,169],"offset":[0,0],"originalSize":[124,169],"capInsets":[0,0,0,0]}],[0],0,[0],[0],[0]],[[{"name":"G7","rect":[506,686,124,169],"offset":[0,0],"originalSize":[124,169],"capInsets":[0,0,0,0]}],[0],0,[0],[0],[0]],[[{"name":"F11","rect":[884,173,124,169],"offset":[0,0],"originalSize":[124,169],"capInsets":[0,0,0,0]}],[0],0,[0],[0],[0]],[[{"name":"T2","rect":[758,1370,124,169],"offset":[0,0],"originalSize":[124,169],"capInsets":[0,0,0,0]}],[0],0,[0],[0],[0]],[[{"name":"F5","rect":[632,344,124,169],"offset":[0,0],"originalSize":[124,169],"capInsets":[0,0,0,0]}],[0],0,[0],[0],[0]],[[{"name":"E10","rect":[128,2,124,169],"offset":[0,0],"originalSize":[124,169],"capInsets":[0,0,0,0]}],[0],0,[0],[0],[0]],[[{"name":"G2","rect":[884,515,124,169],"offset":[0,0],"originalSize":[124,169],"capInsets":[0,0,0,0]}],[0],0,[0],[0],[0]],[[{"name":"H5","rect":[884,857,124,169],"offset":[0,0],"originalSize":[124,169],"capInsets":[0,0,0,0]}],[0],0,[0],[0],[0]],[[{"name":"F2","rect":[254,344,124,169],"offset":[0,0],"originalSize":[124,169],"capInsets":[0,0,0,0]}],[0],0,[0],[0],[0]],[[{"name":"E12","rect":[380,2,124,169],"offset":[0,0],"originalSize":[124,169],"capInsets":[0,0,0,0]}],[0],0,[0],[0],[0]],[[{"name":"T10","rect":[254,1370,124,169],"offset":[0,0],"originalSize":[124,169],"capInsets":[0,0,0,0]}],[0],0,[0],[0],[0]],[[{"name":"E2","rect":[632,2,124,169],"offset":[0,0],"originalSize":[124,169],"capInsets":[0,0,0,0]}],[0],0,[0],[0],[0]],[[{"name":"S9","rect":[2,1370,124,169],"offset":[0,0],"originalSize":[124,169],"capInsets":[0,0,0,0]}],[0],0,[0],[0],[0]],[[{"name":"H10","rect":[2,857,124,169],"offset":[0,0],"originalSize":[124,169],"capInsets":[0,0,0,0]}],[0],0,[0],[0],[0]],[[{"name":"H3","rect":[632,857,124,169],"offset":[0,0],"originalSize":[124,169],"capInsets":[0,0,0,0]}],[0],0,[0],[0],[0]],[[{"name":"E3","rect":[758,2,124,169],"offset":[0,0],"originalSize":[124,169],"capInsets":[0,0,0,0]}],[0],0,[0],[0],[0]]]]