[1,["cdi+tGLMZAB42+oRSKJxkY","72D2H0qh1LsrgSum7nynoL"],["_textureSetter","spriteFrame"],["cc.SpriteFrame",["cc.LabelAtlas",["_name","fontSize","_fntConfig"],0]],[[1,0,1,2,4]],[[[{"name":"font_4","rect":[0,0,419,38],"offset":[-5,0],"originalSize":[429,38],"capInsets":[0,0,0,0]}],[0],0,[0],[0],[0]],[[[0,"font_4",33.44,{"commonHeight":38,"fontSize":33,"atlasName":"font_4","fontDefDictionary":{"47":{"xOffset":0,"yOffset":0,"xAdvance":39,"rect":{"x":0,"y":0,"width":39,"height":38}},"48":{"xOffset":0,"yOffset":0,"xAdvance":39,"rect":{"x":39,"y":0,"width":39,"height":38}},"49":{"xOffset":0,"yOffset":0,"xAdvance":39,"rect":{"x":78,"y":0,"width":39,"height":38}},"50":{"xOffset":0,"yOffset":0,"xAdvance":39,"rect":{"x":117,"y":0,"width":39,"height":38}},"51":{"xOffset":0,"yOffset":0,"xAdvance":39,"rect":{"x":156,"y":0,"width":39,"height":38}},"52":{"xOffset":0,"yOffset":0,"xAdvance":39,"rect":{"x":195,"y":0,"width":39,"height":38}},"53":{"xOffset":0,"yOffset":0,"xAdvance":39,"rect":{"x":234,"y":0,"width":39,"height":38}},"54":{"xOffset":0,"yOffset":0,"xAdvance":39,"rect":{"x":273,"y":0,"width":39,"height":38}},"55":{"xOffset":0,"yOffset":0,"xAdvance":39,"rect":{"x":312,"y":0,"width":39,"height":38}},"56":{"xOffset":0,"yOffset":0,"xAdvance":39,"rect":{"x":351,"y":0,"width":39,"height":38}},"57":{"xOffset":0,"yOffset":0,"xAdvance":39,"rect":{"x":390,"y":0,"width":39,"height":38}}},"kerningDict":{}}]],0,0,[0],[1],[1]]]]